leaks(26745) MallocStackLogging: process is not in a debuggable environment; unsetting MallocStackLoggingDirectory environment variable
leaks(26745) MallocStackLogging: could not tag MSL-related memory as no_footprint, so those pages will be included in process footprint - No such file or directory (2)
leaks(26745) MallocStackLogging: recording malloc (and VM allocation) stacks using lite mode
Launching ITK-SNAP
ITK-SNAP using locale: "en_US"
Loaded translator for locale "en_US"
Loaded qtbase translator for locale "en_US"
CTEST_FULL_OUTPUT
Running test:  ":/scripts/Scripts/test_NaNs.js"
Including :  ":/scripts/Scripts/test_Library.js"
"Opening 'Open Main' Dialog"
"Entering Filename"
"Pressing the 'next' button"
OpenGL Vendor: Apple
OpenGL Renderer: Apple M2
OpenGL Version: 4.1 Metal - 90.5
OpenGL Vendor: Apple
OpenGL Renderer: Apple M2
OpenGL Version: 4.1 Metal - 90.5
OpenGL Vendor: Apple
OpenGL Renderer: Apple M2
OpenGL Version: 4.1 Metal - 90.5
"Pressing the 'finish' button"
"Go to a NaN pixel and check its intensity"
"Setting cursor position to 35, 58, 33"
"Validation nan == nan ok!"
"Show the layer inspector contrast dialog"
"Auto-adjust contrast"
"Read values from the contrast panel"
"Validation 4 == 0 (with precision 20) ok!"
"Validation 110 == 115 (with precision 20) ok!"
Return code from evaluate is  "undefined"
Successfully completed test script with return code  "undefined"
Return code : 0
Process 26746 is not debuggable. Due to security restrictions, leaks can only show or save contents of readonly memory of restricted processes.

Process:         ITK-SNAP [26746]
Path:            /Users/USER/*/ITK-SNAP
Load Address:    0x100a8c000
Identifier:      org.itksnap
Version:         4.4.0 (59)
Code Type:       ARM64
Platform:        macOS
Parent Process:  leaks [26745]
Target Type:     live task

Date/Time:       2026-03-04 23:46:44.523 -0500
Launch Time:     2026-03-04 23:46:30.918 -0500
OS Version:      macOS 26.3 (25D125)
Report Version:  7
Analysis Tool:   /usr/bin/leaks

Physical footprint:         252.7M
Physical footprint (peak):  535.1M
Idle exit:                  untracked
----

leaks Report Version: 4.0, multi-line stacks
Process 26746: 73198 nodes malloced for 22227 KB
Process 26746: 1313 leaks for 205376 total leaked bytes.

STACK OF 3 INSTANCES OF 'ROOT LEAK: <malloc in QtFrameBufferOpenGLWidget::initializeGL()>':
92  dyld                                  0x1972c1d54 start + 7184
91  org.itksnap                           0x100ab4e1c main + 11832  main.cxx:1348
90  org.qt-project.QtCore                 0x111f07198 QCoreApplication::exec() + 228
89  org.qt-project.QtCore                 0x111f10608 QEventLoop::exec(QFlags<QEventLoop::ProcessEventsFlag>) + 588
88  libqcocoa.dylib                       0x113ad14ec QCocoaEventDispatcher::processEvents(QFlags<QEventLoop::ProcessEventsFlag>) + 2152
87  com.apple.AppKit                      0x19bb3b780 -[NSApplication run] + 368
86  com.apple.AppKit                      0x19c609b98 -[NSApplication(NSEventRouting) nextEventMatchingMask:untilDate:inMode:dequeue:] + 72
85  com.apple.AppKit                      0x19c609e8c -[NSApplication(NSEventRouting) _nextEventMatchingEventMask:untilDate:inMode:dequeue:] + 688
84  com.apple.AppKit                      0x19bb42e48 _DPSNextEvent + 588
83  com.apple.AppKit                      0x19c045014 _DPSBlockUntilNextEventMatchingListInMode + 236
82  com.apple.HIToolbox                   0x1a43f2b64 _BlockUntilNextEventMatchingListInMode + 48
81  com.apple.HIToolbox                   0x1a4268ab8 ReceiveNextEventCommon + 488
80  com.apple.HIToolbox                   0x1a4265790 RunCurrentEventLoopInMode + 316
79  com.apple.CoreFoundation              0x1977e3f3c _CFRunLoopRunSpecificWithOptions + 532
78  com.apple.CoreFoundation              0x197729398 __CFRunLoopRun + 820
77  com.apple.CoreFoundation              0x19772a708 __CFRunLoopDoSources0 + 232
76  com.apple.CoreFoundation              0x19772a99c __CFRunLoopDoSource0 + 172
75  com.apple.CoreFoundation              0x19772aa08 __CFRUNLOOP_IS_CALLING_OUT_TO_A_SOURCE0_PERFORM_FUNCTION__ + 28
74  libqcocoa.dylib                       0x113ad3cc0 QCocoaEventDispatcherPrivate::postedEventsSourceCallback(void*) + 516
73  libqcocoa.dylib                       0x113ad2a08 QCocoaEventDispatcherPrivate::processPostedEvents() + 380
72  org.qt-project.QtCore                 0x111f07d84 QCoreApplicationPrivate::sendPostedEvents(QObject*, int, QThreadData*) + 628
71  org.itksnap                           0x100c0c8f4 SNAPQApplication::notify(QObject*, QEvent*) + 40  SNAPQApplication.cxx:58
70  org.qt-project.QtWidgets              0x1102a97d8 QApplication::notify(QObject*, QEvent*) + 468
69  org.qt-project.QtWidgets              0x1102a8758 QApplicationPrivate::notify_helper(QObject*, QEvent*) + 336
68  org.qt-project.QtCore                 0x111f50c14 QObject::event(QEvent*) + 324
67  org.qt-project.QtGui                  0x110d790c8 QAction::activate(QAction::ActionEvent) + 376
66  org.qt-project.QtCore                 0x111f592f4 void doActivate<false>(QObject*, int, void**) + 1312
65  org.itksnap                           0x100e1cc1c MainImageWindow::qt_metacall(QMetaObject::Call, int, void**) + 128  moc_MainImageWindow.cpp:551
64  org.itksnap                           0x100e1c4bc MainImageWindow::qt_static_metacall(QObject*, QMetaObject::Call, int, void**) + 448  moc_MainImageWindow.cpp:440
63  org.itksnap                           0x100d060e8 MainImageWindow::on_actionOpenMain_triggered() + 272  MainImageWindow.cxx:1811
62  org.qt-project.QtWidgets              0x1104d7354 QDialog::exec() + 508
61  org.qt-project.QtCore                 0x111f10608 QEventLoop::exec(QFlags<QEventLoop::ProcessEventsFlag>) + 588
60  libqcocoa.dylib                       0x113ad14b8 QCocoaEventDispatcher::processEvents(QFlags<QEventLoop::ProcessEventsFlag>) + 2100
59  com.apple.AppKit                      0x19c609b98 -[NSApplication(NSEventRouting) nextEventMatchingMask:untilDate:inMode:dequeue:] + 72
58  com.apple.AppKit                      0x19c609e8c -[NSApplication(NSEventRouting) _nextEventMatchingEventMask:untilDate:inMode:dequeue:] + 688
57  com.apple.AppKit                      0x19bb42e48 _DPSNextEvent + 588
56  com.apple.AppKit                      0x19c045014 _DPSBlockUntilNextEventMatchingListInMode + 236
55  com.apple.HIToolbox                   0x1a43f2b64 _BlockUntilNextEventMatchingListInMode + 48
54  com.apple.HIToolbox                   0x1a4268ab8 ReceiveNextEventCommon + 488
53  com.apple.HIToolbox                   0x1a4265790 RunCurrentEventLoopInMode + 316
52  com.apple.CoreFoundation              0x1977e3f3c _CFRunLoopRunSpecificWithOptions + 532
51  com.apple.CoreFoundation              0x197729398 __CFRunLoopRun + 820
50  com.apple.CoreFoundation              0x19772a76c __CFRunLoopDoSources0 + 332
49  com.apple.CoreFoundation              0x19772a99c __CFRunLoopDoSource0 + 172
48  com.apple.CoreFoundation              0x19772aa08 __CFRUNLOOP_IS_CALLING_OUT_TO_A_SOURCE0_PERFORM_FUNCTION__ + 28
47  libqcocoa.dylib                       0x113ad3cc0 QCocoaEventDispatcherPrivate::postedEventsSourceCallback(void*) + 516
46  libqcocoa.dylib                       0x113ad2a08 QCocoaEventDispatcherPrivate::processPostedEvents() + 380
45  org.qt-project.QtCore                 0x111f07d84 QCoreApplicationPrivate::sendPostedEvents(QObject*, int, QThreadData*) + 628
44  org.itksnap                           0x100c0c8f4 SNAPQApplication::notify(QObject*, QEvent*) + 40  SNAPQApplication.cxx:58
43  org.qt-project.QtWidgets              0x1102a97d8 QApplication::notify(QObject*, QEvent*) + 468
42  org.qt-project.QtWidgets              0x1102a8758 QApplicationPrivate::notify_helper(QObject*, QEvent*) + 336
41  org.qt-project.QtCore                 0x111f50c14 QObject::event(QEvent*) + 324
40  org.itksnap                           0x100e08ffc LatentITKEventNotifierHelper::qt_static_metacall(QObject*, QMetaObject::Call, int, void**) + 160  moc_LatentITKEventNotifier.cpp:84
39  org.itksnap                           0x100b4bc08 LatentITKEventNotifierHelper::onQueuedEvent() + 536  LatentITKEventNotifier.cxx:115
38  org.itksnap                           0x100e090e4 LatentITKEventNotifierHelper::dispatchEvent(EventBucket const&) + 48  moc_LatentITKEventNotifier.cpp:137
37  org.itksnap                           0x100e094cc void QMetaObject::activate<void, EventBucket>(QObject*, QMetaObject const*, int, void*, EventBucket const&) + 84  qobjectdefs.h:320
36  org.qt-project.QtCore                 0x111f5939c void doActivate<false>(QObject*, int, void**) + 1480
35  org.itksnap                           0x100e1c3d0 MainImageWindow::qt_static_metacall(QObject*, QMetaObject::Call, int, void**) + 212  moc_MainImageWindow.cpp:423
34  org.itksnap                           0x100d01890 MainImageWindow::onModelUpdate(EventBucket const&) + 1144  MainImageWindow.cxx:726
33  org.itksnap                           0x100cff81c MainImageWindow::UpdateMainLayout() + 100  MainImageWindow.cxx:805
32  org.qt-project.QtWidgets              0x1102da4bc QStackedLayout::setCurrentIndex(int) + 384
31  org.qt-project.QtWidgets              0x1102f5b6c QWidget::setVisible(bool) + 780
30  org.qt-project.QtWidgets              0x1102f6354 QWidgetPrivate::setVisible(bool) + 1432
29  org.qt-project.QtWidgets              0x1102f46d4 QWidgetPrivate::show_helper() + 100
28  org.qt-project.QtWidgets              0x1102f4d84 QWidgetPrivate::showChildren(bool) + 1076
27  org.qt-project.QtWidgets              0x1102f5b6c QWidget::setVisible(bool) + 780
26  org.qt-project.QtWidgets              0x1102f6354 QWidgetPrivate::setVisible(bool) + 1432
25  org.qt-project.QtWidgets              0x1102f46d4 QWidgetPrivate::show_helper() + 100
24  org.qt-project.QtWidgets              0x1102f4d84 QWidgetPrivate::showChildren(bool) + 1076
23  org.qt-project.QtWidgets              0x1102f5b6c QWidget::setVisible(bool) + 780
22  org.qt-project.QtWidgets              0x1102f6354 QWidgetPrivate::setVisible(bool) + 1432
21  org.qt-project.QtWidgets              0x1102f46d4 QWidgetPrivate::show_helper() + 100
20  org.qt-project.QtWidgets              0x1102f4d84 QWidgetPrivate::showChildren(bool) + 1076
19  org.qt-project.QtWidgets              0x1102f5b6c QWidget::setVisible(bool) + 780
18  org.qt-project.QtWidgets              0x1102f6354 QWidgetPrivate::setVisible(bool) + 1432
17  org.qt-project.QtWidgets              0x1102f46d4 QWidgetPrivate::show_helper() + 100
16  org.qt-project.QtWidgets              0x1102f4d84 QWidgetPrivate::showChildren(bool) + 1076
15  org.qt-project.QtWidgets              0x1102f5b6c QWidget::setVisible(bool) + 780
14  org.qt-project.QtWidgets              0x1102f6354 QWidgetPrivate::setVisible(bool) + 1432
13  org.qt-project.QtWidgets              0x1102f46b4 QWidgetPrivate::show_helper() + 68
12  org.qt-project.QtWidgets              0x1102ee858 QWidgetPrivate::sendPendingMoveAndResizeEvents(bool, bool) + 280
11  org.qt-project.QtCore                 0x111f07480 QCoreApplication::sendEvent(QObject*, QEvent*) + 168
10  org.itksnap                           0x100c0c8f4 SNAPQApplication::notify(QObject*, QEvent*) + 40  SNAPQApplication.cxx:58
9   org.qt-project.QtWidgets              0x1102a97d8 QApplication::notify(QObject*, QEvent*) + 468
8   org.qt-project.QtWidgets              0x1102a8758 QApplicationPrivate::notify_helper(QObject*, QEvent*) + 336
7   org.qt-project.QtOpenGLWidgets        0x10e2fa970 QOpenGLWidget::event(QEvent*) + 456
6   org.qt-project.QtWidgets              0x1102f6f24 QWidget::event(QEvent*) + 1932
5   org.qt-project.QtOpenGLWidgets        0x10e2fa248 QOpenGLWidget::resizeEvent(QResizeEvent*) + 80
4   org.qt-project.QtOpenGLWidgets        0x10e2f9038 QOpenGLWidgetPrivate::initialize() + 828
3   org.itksnap                           0x100bb6be0 QtFrameBufferOpenGLWidget::initializeGL() + 100  QtFrameBufferOpenGLWidget.cxx:251
2   libc++abi.dylib                       0x197643a78 operator new(unsigned long) + 52
1   libsystem_malloc.dylib                0x19749f7d8 _malloc + 88
0   libsystem_malloc.dylib                0x1974b7f44 _malloc_zone_malloc_instrumented_or_legacy + 152 
====
    657 (107K) << TOTAL >>
      ----
      332 (53.9K) ROOT LEAK: <malloc in QtFrameBufferOpenGLWidget::initializeGL() 0xb8e55cba0> [48]
         211 (24.0K) <vtkOpenGLPolyDataMapper 0xb8e109800> [1536]
            69 (6.41K) <vtkCompositeDataPipeline 0xb93ea7900> [256]
               37 (3.08K) <malloc in vtkExecutive::vtkExecutive() 0xb92deeda0> [32]
                  36 (3.05K) <malloc in std::vector<vtkInformationVector*>::__append(unsigned long, vtkInformationVector* const&) 0xb93f9a1c0> [16]
                     35 (3.03K) <vtkInformationVector 0xb93ee6820> [96]
                        34 (2.94K) <malloc in vtkInformationVector::New() 0xb92deeba0> [32]
                           33 (2.91K) <malloc in vtkInformationVector::SetInformationObject(int, vtkInformation*) 0xb93f9a1e0> [16]
                              32 (2.89K) <vtkInformation 0xb93ee6580> [96]
                                 31 (2.80K) <malloc in vtkInformation::New() 0xb93dbb510> [48]
                                    29 (2.44K) <malloc in vtkInformation::SetAsObjectBase(vtkInformationKey*, vtkObjectBase*) 0xb8e54ac40> [48]
                                       25 (2.27K) <malloc in vtkInformation::SetAsObjectBase(vtkInformationKey*, vtkObjectBase*) 0xb8e548960> [48]
                                          24 (2.22K) <malloc in vtkInformation::SetAsObjectBase(vtkInformationKey*, vtkObjectBase*) 0xb8e54a400> [48]
                                             23 (2.17K) <vtkInformationExecutivePortValue 0xb8e0372c0> [64]
                                                22 (2.11K) <vtkStreamingDemandDrivenPipeline 0xb8f386d00> [256]
                                                   15 (1.56K) <vtkTrivialProducer 0xb8f385300> [256]
                                                      6 (608 bytes) <vtkInformationVector 0xb93ee6400> [96]
                                                         5 (512 bytes) <malloc in vtkInformationVector::New() 0xb92def060> [32]
                                                            4 (480 bytes) <malloc in std::vector<vtkInformation*>::__append(unsigned long, vtkInformation* const&) 0xb93f9a180> [16]
                                                               3 (464 bytes) <vtkInformation 0xb93ee64c0> [96]
                                                                  2 (368 bytes) <malloc in vtkInformation::New() 0xb93dbad30> [48]
                                                                     1 (320 bytes) <malloc in vtkInformationInternals::vtkInformationInternals() 0xb8e03f5c0> [320]
                                                      3 (464 bytes) <vtkInformation 0xb93ee6460> [96]
                                                         2 (368 bytes) <malloc in vtkInformation::New() 0xb93dbaee0> [48]
                                                            1 (320 bytes) <malloc in vtkInformationInternals::vtkInformationInternals() 0xb8e03f840> [320]
                                                      3 (144 bytes) <malloc in vtkAlgorithm::vtkAlgorithm() 0xb8e5c25e0> [32]
                                                         2 (112 bytes) <malloc in std::vector<vtkSmartPointer<vtkAlgorithmOutput>>::__append(unsigned long) 0xb8eab6040> [16]
                                                            1 (96 bytes) <vtkAlgorithmOutput 0xb93ec8cc0> [96]
                                                      2 (128 bytes) <vtkInformationVector 0xb93ee63a0> [96]
                                                         1 (32 bytes) <malloc in vtkInformationVector::New() 0xb92defbc0> [32]
                                                   3 (144 bytes) <vtkInformationVector 0xb93ee6520> [96]
                                                      2 (48 bytes) <malloc in vtkInformationVector::New() 0xb92def380> [32]
                                                         1 (16 bytes) <malloc in std::vector<vtkInformation*>::__append(unsigned long, vtkInformation* const&) 0xb93f9a170> [16]
                                                   2 (128 bytes) <vtkInformationIterator 0xb93e77f70> [112]
                                                      1 (16 bytes) <malloc in vtkInformationIterator::New() 0xb93f9a150> [16]
                                                   1 (32 bytes) <malloc in vtkExecutive::vtkExecutive() 0xb92def080> [32]
                                       3 (128 bytes) <vtkInformationExecutivePortVectorValue 0xb8e546a60> [96]
                                          1 (16 bytes) <malloc in std::vector<int>::__insert_with_size[abi:ne200100]<int*, int*>(std::__wrap_iter<int const*>, int*, int*, long) 0xb8eab60a0> [16]
                                          1 (16 bytes) <malloc in std::vector<vtkExecutive*>::__insert_with_size[abi:ne200100]<vtkExecutive**, vtkExecutive**>(std::__wrap_iter<vtkExecutive* const*>, vtkExecutive**, vtkExecutive**, long) 0xb93f9a1d0> [16]
                                    1 (320 bytes) <malloc in vtkInformationInternals::vtkInformationInternals() 0xb8e03f480> [320]
               7 (656 bytes) <vtkInformation 0xb93ee6700> [96]
                  6 (560 bytes) <malloc in vtkInformation::New() 0xb93dbafd0> [48]
                     1 (320 bytes) <malloc in vtkInformationInternals::vtkInformationInternals() 0xb8e53a6c0> [320]
                     4 (192 bytes) <malloc in vtkInformation::SetAsObjectBase(vtkInformationKey*, vtkObjectBase*) 0xb8e54a1c0> [48]
                        2 (96 bytes) <malloc in vtkInformation::SetAsObjectBase(vtkInformationKey*, vtkObjectBase*) 0xb8e54a0a0> [48]
                           1 (48 bytes) <vtkInformationIntegerValue 0xb93ec2d60> [48]
                        1 (48 bytes) <vtkInformationIntegerValue 0xb93ec2d00> [48]
               7 (656 bytes) <vtkInformation 0xb93ee6760> [96]
                  6 (560 bytes) <malloc in vtkInformation::New() 0xb93dbad60> [48]
                     1 (320 bytes) <malloc in vtkInformationInternals::vtkInformationInternals() 0xb8e110000> [320]
                     4 (192 bytes) <malloc in vtkInformation::SetAsObjectBase(vtkInformationKey*, vtkObjectBase*) 0xb8e549d40> [48]
                        2 (96 bytes) <malloc in vtkInformation::SetAsObjectBase(vtkInformationKey*, vtkObjectBase*) 0xb8e548930> [48]
                           1 (48 bytes) <vtkInformationIntegerValue 0xb93ec2a30> [48]
                        1 (48 bytes) <vtkInformationIntegerValue 0xb93ec2d30> [48]
               7 (656 bytes) <vtkInformation 0xb93ee67c0> [96]
                  6 (560 bytes) <malloc in vtkInformation::New() 0xb93db8090> [48]
                     1 (320 bytes) <malloc in vtkInformationInternals::vtkInformationInternals() 0xb8e110140> [320]
                     4 (192 bytes) <malloc in vtkInformation::SetAsObjectBase(vtkInformationKey*, vtkObjectBase*) 0xb8e54a280> [48]
                        2 (96 bytes) <malloc in vtkInformation::SetAsObjectBase(vtkInformationKey*, vtkObjectBase*) 0xb8e54a2b0> [48]
                           1 (48 bytes) <vtkInformationIntegerValue 0xb93ec2c70> [48]
                        1 (48 bytes) <vtkInformationIntegerValue 0xb93ec2ca0> [48]
               3 (464 bytes) <vtkInformation 0xb93ee6640> [96]
                  2 (368 bytes) <malloc in vtkInformation::New() 0xb93dbb4e0> [48]
                     1 (320 bytes) <malloc in vtkInformationInternals::vtkInformationInternals() 0xb8e03f200> [320]
               3 (464 bytes) <vtkInformation 0xb93ee66a0> [96]
                  2 (368 bytes) <malloc in vtkInformation::New() 0xb93dbadc0> [48]
                     1 (320 bytes) <malloc in vtkInformationInternals::vtkInformationInternals() 0xb8e6b1180> [320]
               2 (128 bytes) <vtkInformationIterator 0xb925d0c40> [112]
                  1 (16 bytes) <malloc in vtkInformationIterator::New() 0xb93f9a1a0> [16]
               2 (128 bytes) <vtkInformationVector 0xb93ee65e0> [96]
                  1 (32 bytes) <malloc in vtkInformationVector::New() 0xb92dee620> [32]
            16 (2.12K) <malloc in vtkOpenGLPolyDataMapper::vtkOpenGLPolyDataMapper() 0xb8e07b390> [80]
               12 (1.59K) <malloc in vtkOpenGLPolyDataMapper::vtkOpenGLPolyDataMapper() 0xb8e07b430> [80]
                  4 (544 bytes) <malloc in vtkOpenGLPolyDataMapper::vtkOpenGLPolyDataMapper() 0xb8e07b3e0> [80]
                     3 (464 bytes) <vtkInformation 0xb93ee6280> [96]
                        2 (368 bytes) <malloc in vtkInformation::New() 0xb93dbadf0> [48]
                           1 (320 bytes) <malloc in vtkInformationInternals::vtkInformationInternals() 0xb8e03fc00> [320]
                  4 (544 bytes) <malloc in vtkOpenGLPolyDataMapper::vtkOpenGLPolyDataMapper() 0xb8e07b480> [80]
                     3 (464 bytes) <vtkInformation 0xb93ee6340> [96]
                        2 (368 bytes) <malloc in vtkInformation::New() 0xb93dbac40> [48]
                           1 (320 bytes) <malloc in vtkInformationInternals::vtkInformationInternals() 0xb8e03fd40> [320]
                  3 (464 bytes) <vtkInformation 0xb93ee62e0> [96]
                     2 (368 bytes) <malloc in vtkInformation::New() 0xb93db84e0> [48]
                        1 (320 bytes) <malloc in vtkInformationInternals::vtkInformationInternals() 0xb8e03fe80> [320]
               3 (464 bytes) <vtkInformation 0xb93ee6220> [96]
                  2 (368 bytes) <malloc in vtkInformation::New() 0xb93dbac10> [48]
                     1 (320 bytes) <malloc in vtkInformationInternals::vtkInformationInternals() 0xb8e03f700> [320]
            14 (1.84K) <vtkCellArray 0xb8e10c180> [128]
               9 (1.09K) <malloc in vtkCellArray::vtkCellArray() 0xb93c97ba0> [16]
                  8 (1.08K) <malloc in vtkCellArray::vtkCellArray() 0xb8ec0b8e0> [32]
                     4 (544 bytes) <vtkTypeInt64Array 0xb93497300> [384]
                        2 (144 bytes) <vtkBuffer<long long> 0xb8e10c280> [128]
                           1 (16 bytes) <malloc in vtkBuffer<long long>::Reallocate(long long) 0xb8f1cee60> [16]
                        1 (16 bytes) <malloc in std::vector<double>::__append(unsigned long) 0xb93c97a80> [16]
                     3 (528 bytes) <vtkTypeInt64Array 0xb93496700> [384]
                        1 (128 bytes) <vtkBuffer<long long> 0xb8e10c200> [128]
                        1 (16 bytes) <malloc in std::vector<double>::__append(unsigned long) 0xb93c97bb0> [16]
               3 (528 bytes) <vtkIdTypeArray 0xb8e667600> [384]
                  1 (128 bytes) <vtkBuffer<long long> 0xb8e10c300> [128]
                  1 (16 bytes) <malloc in std::vector<double>::__append(unsigned long) 0xb93c97ad0> [16]
               1 (112 bytes) <vtkIdList 0xb93e6d500> [112]
            14 (1.84K) <vtkCellArray 0xb8e10c380> [128]
               9 (1.09K) <malloc in vtkCellArray::vtkCellArray() 0xb93c97ae0> [16]
                  8 (1.08K) <malloc in vtkCellArray::vtkCellArray() 0xb8ec0b620> [32]
                     4 (544 bytes) <vtkTypeInt64Array 0xb93497600> [384]
                        2 (144 bytes) <vtkBuffer<long long> 0xb8e10c480> [128]
                           1 (16 bytes) <malloc in vtkBuffer<long long>::Reallocate(long long) 0xb8f1cee90> [16]
                        1 (16 bytes) <malloc in std::vector<double>::__append(unsigned long) 0xb93c97ac0> [16]
                     3 (528 bytes) <vtkTypeInt64Array 0xb93497480> [384]
                        1 (128 bytes) <vtkBuffer<long long> 0xb8e10c400> [128]
                        1 (16 bytes) <malloc in std::vector<double>::__append(unsigned long) 0xb93c97ab0> [16]
               3 (528 bytes) <vtkIdTypeArray 0xb8e667780> [384]
                  1 (128 bytes) <vtkBuffer<long long> 0xb8e10c500> [128]
                  1 (16 bytes) <malloc in std::vector<double>::__append(unsigned long) 0xb93c97af0> [16]
               1 (112 bytes) <vtkIdList 0xb93e6d570> [112]
            14 (1.84K) <vtkCellArray 0xb8e10c580> [128]
               9 (1.09K) <malloc in vtkCellArray::vtkCellArray() 0xb93c97c20> [16]
                  8 (1.08K) <malloc in vtkCellArray::vtkCellArray() 0xb8ec0b6e0> [32]
                     4 (544 bytes) <vtkTypeInt64Array 0xb93497900> [384]
                        2 (144 bytes) <vtkBuffer<long long> 0xb8e10c680> [128]
                           1 (16 bytes) <malloc in vtkBuffer<long long>::Reallocate(long long) 0xb8f1cee80> [16]
                        1 (16 bytes) <malloc in std::vector<double>::__append(unsigned long) 0xb93c97c50> [16]
                     3 (528 bytes) <vtkTypeInt64Array 0xb93497780> [384]
                        1 (128 bytes) <vtkBuffer<long long> 0xb8e10c600> [128]
                        1 (16 bytes) <malloc in std::vector<double>::__append(unsigned long) 0xb93c96230> [16]
               3 (528 bytes) <vtkIdTypeArray 0xb8e667900> [384]
                  1 (128 bytes) <vtkBuffer<long long> 0xb8e10c700> [128]
                  1 (16 bytes) <malloc in std::vector<double>::__append(unsigned long) 0xb93c97c60> [16]
               1 (112 bytes) <vtkIdList 0xb93e6d5e0> [112]
            14 (1.84K) <vtkCellArray 0xb8ee1d000> [128]
               9 (1.09K) <malloc in vtkCellArray::vtkCellArray() 0xb93c97b40> [16]
                  8 (1.08K) <malloc in vtkCellArray::vtkCellArray() 0xb8ec0ae80> [32]
                     4 (544 bytes) <vtkTypeInt64Array 0xb93497000> [384]
                        2 (144 bytes) <vtkBuffer<long long> 0xb8e10c080> [128]
                           1 (16 bytes) <malloc in vtkBuffer<long long>::Reallocate(long long) 0xb8f1cee70> [16]
                        1 (16 bytes) <malloc in std::vector<double>::__append(unsigned long) 0xb93c97aa0> [16]
                     3 (528 bytes) <vtkTypeInt64Array 0xb93497d80> [384]
                        1 (128 bytes) <vtkBuffer<long long> 0xb8e10c000> [128]
                        1 (16 bytes) <malloc in std::vector<double>::__append(unsigned long) 0xb93c97a90> [16]
               3 (528 bytes) <vtkIdTypeArray 0xb8e667480> [384]
                  1 (128 bytes) <vtkBuffer<long long> 0xb8e10c100> [128]
                  1 (16 bytes) <malloc in std::vector<double>::__append(unsigned long) 0xb93c97a70> [16]
               1 (112 bytes) <vtkIdList 0xb93e6d490> [112]
            4 (784 bytes) <vtkTransform 0xb8ebe3e00> [256]
               1 (256 bytes) <vtkMatrix4x4 0xb8ebe3f00> [256]
               1 (192 bytes) <malloc in vtkAbstractTransform::vtkAbstractTransform() 0xb93d989c0> [192]
               1 (80 bytes) <malloc in vtkTransform::New() 0xb90de9950> [80]
            6 (608 bytes) <vtkInformationVector 0xb93ee5680> [96]
               5 (512 bytes) <malloc in vtkInformationVector::New() 0xb92deea80> [32]
                  4 (480 bytes) <malloc in std::vector<vtkInformation*>::__append(unsigned long, vtkInformation* const&) 0xb93f9a140> [16]
                     3 (464 bytes) <vtkInformation 0xb93ee4180> [96]
                        2 (368 bytes) <malloc in vtkInformation::New() 0xb93dbb390> [48]
                           1 (320 bytes) <malloc in vtkInformationInternals::vtkInformationInternals() 0xb8e03f0c0> [320]
            4 (544 bytes) <malloc in vtkOpenGLPolyDataMapper::vtkOpenGLPolyDataMapper() 0xb8e07b340> [80]
               3 (464 bytes) <vtkInformation 0xb93ee61c0> [96]
                  2 (368 bytes) <malloc in vtkInformation::New() 0xb93dbaf40> [48]
                     1 (320 bytes) <malloc in vtkInformationInternals::vtkInformationInternals() 0xb8e03f980> [320]
            3 (464 bytes) <vtkInformation 0xb93ee5980> [96]
               2 (368 bytes) <malloc in vtkInformation::New() 0xb93dbb120> [48]
                  1 (320 bytes) <malloc in vtkInformationInternals::vtkInformationInternals() 0xb8e03f340> [320]
            1 (256 bytes) <vtkMatrix4x4 0xb8ec5aa00> [256]
            1 (256 bytes) <vtkMatrix4x4 0xb90d2d000> [256]
            1 (224 bytes) <vtkOpenGLCellToVTKCellMap 0xb8e681c00> [224]
            1 (192 bytes) <vtkOpenGLVertexBufferObjectGroup 0xb9044aac0> [192]
            1 (160 bytes) <vtkMatrix3x3 0xb8e718d20> [160]
            2 (144 bytes) <vtkOpenGLIndexBufferObject 0xb8e106300> [128]
               1 (16 bytes) <malloc in vtkOpenGLBufferObject::vtkOpenGLBufferObject() 0xb93c972a0> [16]
            2 (144 bytes) <vtkOpenGLIndexBufferObject 0xb8e106380> [128]
               1 (16 bytes) <malloc in vtkOpenGLBufferObject::vtkOpenGLBufferObject() 0xb93c972b0> [16]
            2 (144 bytes) <vtkOpenGLIndexBufferObject 0xb8e106400> [128]
               1 (16 bytes) <malloc in vtkOpenGLBufferObject::vtkOpenGLBufferObject() 0xb93c96860> [16]
            2 (144 bytes) <vtkOpenGLIndexBufferObject 0xb8e106480> [128]
               1 (16 bytes) <malloc in vtkOpenGLBufferObject::vtkOpenGLBufferObject() 0xb93c96870> [16]
            2 (144 bytes) <vtkOpenGLIndexBufferObject 0xb8e106500> [128]
               1 (16 bytes) <malloc in vtkOpenGLBufferObject::vtkOpenGLBufferObject() 0xb93c96830> [16]
            2 (144 bytes) <vtkOpenGLIndexBufferObject 0xb8e106580> [128]
               1 (16 bytes) <malloc in vtkOpenGLBufferObject::vtkOpenGLBufferObject() 0xb93c97b50> [16]
            2 (144 bytes) <vtkOpenGLIndexBufferObject 0xb8e106600> [128]
               1 (16 bytes) <malloc in vtkOpenGLBufferObject::vtkOpenGLBufferObject() 0xb93c97bc0> [16]
            2 (144 bytes) <vtkOpenGLIndexBufferObject 0xb8e106680> [128]
               1 (16 bytes) <malloc in vtkOpenGLBufferObject::vtkOpenGLBufferObject() 0xb93c97b70> [16]
            2 (144 bytes) <vtkOpenGLIndexBufferObject 0xb8e106700> [128]
               1 (16 bytes) <malloc in vtkOpenGLBufferObject::vtkOpenGLBufferObject() 0xb93c97b80> [16]
            2 (144 bytes) <vtkOpenGLIndexBufferObject 0xb8e106780> [128]
               1 (16 bytes) <malloc in vtkOpenGLBufferObject::vtkOpenGLBufferObject() 0xb93c97b90> [16]
            2 (144 bytes) <vtkOpenGLVertexArrayObject 0xb93ee4120> [96]
               1 (48 bytes) <malloc in vtkOpenGLVertexArrayObject::New() 0xb93ec2c10> [48]
            2 (144 bytes) <vtkOpenGLVertexArrayObject 0xb93ee56e0> [96]
               1 (48 bytes) <malloc in vtkOpenGLVertexArrayObject::New() 0xb93ec2730> [48]
            2 (144 bytes) <vtkOpenGLVertexArrayObject 0xb93ee5740> [96]
               1 (48 bytes) <malloc in vtkOpenGLVertexArrayObject::New() 0xb93ec2ac0> [48]
            2 (144 bytes) <vtkOpenGLVertexArrayObject 0xb93ee57a0> [96]
               1 (48 bytes) <malloc in vtkOpenGLVertexArrayObject::New() 0xb93ec2e20> [48]
            2 (144 bytes) <vtkOpenGLVertexArrayObject 0xb93ee5800> [96]
               1 (48 bytes) <malloc in vtkOpenGLVertexArrayObject::New() 0xb93ec2eb0> [48]
            2 (144 bytes) <vtkOpenGLVertexArrayObject 0xb93ee5fe0> [96]
               1 (48 bytes) <malloc in vtkOpenGLVertexArrayObject::New() 0xb93ec2c40> [48]
            2 (144 bytes) <vtkOpenGLVertexArrayObject 0xb93ee6040> [96]
               1 (48 bytes) <malloc in vtkOpenGLVertexArrayObject::New() 0xb93ec2ee0> [48]
            2 (144 bytes) <vtkOpenGLVertexArrayObject 0xb93ee60a0> [96]
               1 (48 bytes) <malloc in vtkOpenGLVertexArrayObject::New() 0xb93ec2a00> [48]
            2 (144 bytes) <vtkOpenGLVertexArrayObject 0xb93ee6100> [96]
               1 (48 bytes) <malloc in vtkOpenGLVertexArrayObject::New() 0xb93ec2e80> [48]
            2 (144 bytes) <vtkOpenGLVertexArrayObject 0xb93ee6160> [96]
               1 (48 bytes) <malloc in vtkOpenGLVertexArrayObject::New() 0xb93ec2970> [48]
            2 (128 bytes) <vtkInformationVector 0xb93ee58c0> [96]
               1 (32 bytes) <malloc in vtkInformationVector::New() 0xb92dee580> [32]
            1 (96 bytes) <vtkTimerLog 0xb93ec84e0> [96]
            1 (64 bytes) <vtkOpenGLResourceFreeCallback<vtkOpenGLPolyDataMapper> 0xb8e037200> [64]
            1 (48 bytes) <malloc in vtkOpenGLPolyDataMapper::vtkOpenGLPolyDataMapper() 0xb8e55c240> [48]
            1 (32 bytes) <malloc in vtkAlgorithm::vtkAlgorithm() 0xb8e5c2420> [32]
            1 (16 bytes) <malloc in vtkMapper::vtkMapper() 0xb93f9a120> [16]
         56 (12.8K) <vtkPolyData 0xb92dd1600> [512]
            15 (6.58K) <vtkCellArray 0xb8ee1cd80> [128]
               10 (5.83K) <malloc in vtkCellArray::vtkCellArray() 0xb93c97470> [16]
                  9 (5.81K) <malloc in vtkCellArray::vtkCellArray() 0xb8ec0b8c0> [32]
                     4 (4.02K) <vtkTypeInt64Array 0xb93496e80> [384]
                        2 (3.62K) <vtkBuffer<long long> 0xb8ee1cc80> [128]
                           1 (3.50K) <realloc in vtkBuffer<long long>::Reallocate(long long) 0xb8eb6ea00> [3584]
                        1 (16 bytes) <malloc in std::vector<double>::__append(unsigned long) 0xb93c97990> [16]
                     4 (1.77K) <vtkTypeInt64Array 0xb93497c00> [384]
                        2 (1.38K) <vtkBuffer<long long> 0xb8ee1cb80> [128]
                           1 (1.25K) <realloc in vtkBuffer<long long>::Reallocate(long long) 0xb93e69400> [1280]
                        1 (16 bytes) <malloc in std::vector<double>::__append(unsigned long) 0xb93c97270> [16]
               3 (528 bytes) <vtkIdTypeArray 0xb8e667300> [384]
                  1 (128 bytes) <vtkBuffer<long long> 0xb8ee1cc00> [128]
                  1 (16 bytes) <malloc in std::vector<double>::__append(unsigned long) 0xb93c97280> [16]
               1 (112 bytes) <vtkIdList 0xb93e6d2d0> [112]
            16 (2.38K) <vtkPointData 0xb8e706840> [448]
               6 (1.44K) <malloc in vtkFieldData::AllocateArrays(int) 0xb8f1ce640> [16]
                  5 (1.42K) <vtkFloatArray 0xb8e667000> [384]
                     2 (1.00K) <vtkBuffer<float> 0xb8e106280> [128]
                        1 (896 bytes) <realloc in vtkBuffer<float>::Reallocate(long long) 0xb8ed65f80> [896]
                     1 (32 bytes) <malloc in std::vector<double>::__append(unsigned long) 0xb8e5c2600> [32]
                     1 (16 bytes) <malloc in vtkAbstractArray::SetName(char const*) 0xb93f9a160> [16]
               3 (192 bytes) <malloc in std::vector<std::array<std::tuple<unsigned long, unsigned long, std::vector<double>>, 2ul>>::__append(unsigned long) 0xb8e544cc0> [96]
                  1 (64 bytes) <malloc in std::vector<double>::__append(unsigned long) 0xb8e037280> [64]
                  1 (32 bytes) <malloc in std::vector<double>::__append(unsigned long) 0xb8e5c25c0> [32]
               3 (192 bytes) <malloc in std::vector<std::array<std::tuple<unsigned long, unsigned long, std::vector<double>>, 2ul>>::__append(unsigned long) 0xb8e544de0> [96]
                  1 (64 bytes) <malloc in std::vector<double>::__append(unsigned long) 0xb8e037240> [64]
                  1 (32 bytes) <malloc in std::vector<double>::__append(unsigned long) 0xb8e5c2620> [32]
               3 (128 bytes) <malloc in vtkObject::AddObserver(unsigned long, vtkCommand*, float) 0xb93fa12c0> [64]
                  1 (48 bytes) <malloc in vtkObject::AddObserver(unsigned long, vtkCommand*, float) 0xb8e55d290> [48]
                  1 (16 bytes) <malloc in std::vector<bool>::reserve(unsigned long) 0xb93c972d0> [16]
            6 (1.58K) <vtkPoints 0xb8e71a440> [160]
               5 (1.42K) <vtkFloatArray 0xb8e667180> [384]
                  2 (1.00K) <vtkBuffer<float> 0xb8e106200> [128]
                     1 (896 bytes) <realloc in vtkBuffer<float>::Reallocate(long long) 0xb8ed65c00> [896]
                  1 (32 bytes) <malloc in std::vector<double>::__append(unsigned long) 0xb8e5c26c0> [32]
                  1 (16 bytes) <malloc in vtkAbstractArray::SetName(char const*) 0xb93f9a190> [16]
            11 (848 bytes) <vtkInformation 0xb93ee59e0> [96]
               10 (752 bytes) <malloc in vtkInformation::New() 0xb93dbb570> [48]
                  5 (512 bytes) <malloc in vtkInformationInternals::vtkInformationInternals() 0xb8e03fac0> [320]
                     4 (192 bytes) <malloc in vtkInformation::SetAsObjectBase(vtkInformationKey*, vtkObjectBase*) 0xb8e54adc0> [48]
                        2 (96 bytes) <malloc in vtkInformation::SetAsObjectBase(vtkInformationKey*, vtkObjectBase*) 0xb900b26d0> [48]
                           1 (48 bytes) <vtkInformationIntegerValue 0xb93ec2b80> [48]
                        1 (48 bytes) <vtkInformationIntegerValue 0xb93ec27c0> [48]
                  4 (192 bytes) <malloc in vtkInformation::SetAsObjectBase(vtkInformationKey*, vtkObjectBase*) 0xb8e54aac0> [48]
                     2 (96 bytes) <malloc in vtkInformation::SetAsObjectBase(vtkInformationKey*, vtkObjectBase*) 0xb8e549650> [48]
                        1 (48 bytes) <vtkInformationIntegerValue 0xb93ec2be0> [48]
                     1 (48 bytes) <vtkInformationIntegerValue 0xb93ec2610> [48]
            4 (576 bytes) <vtkCellData 0xb93e2fd40> [448]
               3 (128 bytes) <malloc in vtkObject::AddObserver(unsigned long, vtkCommand*, float) 0xb93fa1200> [64]
                  1 (48 bytes) <malloc in vtkObject::AddObserver(unsigned long, vtkCommand*, float) 0xb8e55cfc0> [48]
                  1 (16 bytes) <malloc in std::vector<bool>::reserve(unsigned long) 0xb93c97260> [16]
            1 (192 bytes) <vtkFieldData 0xb93f2df80> [192]
            1 (112 bytes) <vtkIdList 0xb93e6d260> [112]
            1 (80 bytes) <vtkCallbackCommand 0xb8e07b2f0> [80]
         36 (10.8K) <vtkExternalOpenGLRenderWindow 0xb93fec000> [768]
            8 (7.22K) <vtkOpenGLState 0xb8e628700> [1792]
               2 (5.02K) <malloc in std::deque<vtkOpenGLState::GLState>::__add_back_capacity() 0xb93c97300> [16]
                  1 (5.00K) <malloc in std::deque<vtkOpenGLState::GLState>::__add_back_capacity() 0xb93c11800> [5120]
               3 (256 bytes) <vtkOpenGLShaderCache 0xb8e5161b0> [112]
                  2 (144 bytes) <malloc in vtkOpenGLShaderCache::New() 0xb93dbac70> [48]
                     1 (96 bytes) <malloc in vtkOpenGLShaderCache::New() 0xb8e56a4c0> [96]
               1 (112 bytes) <vtkOpenGLVertexBufferObjectCache 0xb8e50fbf0> [112]
               1 (96 bytes) <vtkTextureUnitManager 0xb93ec91a0> [96]
            3 (528 bytes) <vtkUnsignedCharArray 0xb93ed9b00> [384]
               1 (128 bytes) <vtkBuffer<unsigned char> 0xb8e511580> [128]
               1 (16 bytes) <malloc in std::vector<double>::__append(unsigned long) 0xb93c972e0> [16]
            3 (528 bytes) <vtkUnsignedCharArray 0xb93ed9c80> [384]
               1 (128 bytes) <vtkBuffer<unsigned char> 0xb8e511780> [128]
               1 (16 bytes) <malloc in std::vector<double>::__append(unsigned long) 0xb93c972f0> [16]
            4 (320 bytes) <vtkOpenGLFramebufferObject 0xb93f2e100> [192]
               1 (64 bytes) <vtkOpenGLResourceFreeCallback<vtkOpenGLFramebufferObject> 0xb93fa1300> [64]
               1 (48 bytes) <malloc in vtkOpenGLFramebufferObject::vtkOpenGLFramebufferObject() 0xb8e55c060> [48]
               1 (16 bytes) <malloc in vtkOpenGLFramebufferObject::vtkOpenGLFramebufferObject() 0xb8f1ceca0> [16]
            4 (320 bytes) <vtkOpenGLFramebufferObject 0xb93f2e1c0> [192]
               1 (64 bytes) <vtkOpenGLResourceFreeCallback<vtkOpenGLFramebufferObject> 0xb93fa1340> [64]
               1 (48 bytes) <malloc in vtkOpenGLFramebufferObject::vtkOpenGLFramebufferObject() 0xb8e55c090> [48]
               1 (16 bytes) <malloc in vtkOpenGLFramebufferObject::vtkOpenGLFramebufferObject() 0xb8f1ce630> [16]
            4 (320 bytes) <vtkOpenGLFramebufferObject 0xb93f2e280> [192]
               1 (64 bytes) <vtkOpenGLResourceFreeCallback<vtkOpenGLFramebufferObject> 0xb93fa1380> [64]
               1 (48 bytes) <malloc in vtkOpenGLFramebufferObject::vtkOpenGLFramebufferObject() 0xb8e55d740> [48]
               1 (16 bytes) <malloc in vtkOpenGLFramebufferObject::vtkOpenGLFramebufferObject() 0xb8f1cec80> [16]
            4 (320 bytes) <vtkOpenGLFramebufferObject 0xb93f2e340> [192]
               1 (64 bytes) <vtkOpenGLResourceFreeCallback<vtkOpenGLFramebufferObject> 0xb93fa13c0> [64]
               1 (48 bytes) <malloc in vtkOpenGLFramebufferObject::vtkOpenGLFramebufferObject() 0xb8e55d800> [48]
               1 (16 bytes) <malloc in vtkOpenGLFramebufferObject::vtkOpenGLFramebufferObject() 0xb8f1cec90> [16]
            1 (320 bytes) <vtkOpenGLRenderTimerLog 0xb8e0ac280> [320]
            2 (144 bytes) <vtkRendererCollection 0xb93e6d340> [112]
               1 (32 bytes) <malloc in vtkCollection::AddItem(vtkObject*) 0xb8e5c6140> [32]
            1 (80 bytes) <vtkStereoCompositor 0xb90de96d0> [80]
            1 (48 bytes) <malloc in vtkOpenGLRenderWindow::vtkOpenGLRenderWindow() 0xb8e55dce0> [48]
         14 (3.14K) <vtkOpenGLRenderer 0xb8e849c00> [1792]
            3 (464 bytes) <vtkInformation 0xb93ee5920> [96]
               2 (368 bytes) <malloc in vtkInformation::New() 0xb93dbb0c0> [48]
                  1 (320 bytes) <malloc in vtkInformationInternals::vtkInformationInternals() 0xb90b708c0> [320]
            3 (256 bytes) <vtkCullerCollection 0xb8e50f1e0> [112]
               2 (144 bytes) <malloc in vtkCollection::AddItem(vtkObject*) 0xb8e5c7300> [32]
                  1 (112 bytes) <vtkFrustumCoverageCuller 0xb93e6d420> [112]
            2 (144 bytes) <vtkPropCollection 0xb93e6d3b0> [112]
               1 (32 bytes) <malloc in vtkCollection::AddItem(vtkObject*) 0xb8e5c6ae0> [32]
            1 (112 bytes) <vtkActor2DCollection 0xb8e50fcd0> [112]
            1 (112 bytes) <vtkActorCollection 0xb93e77e90> [112]
            1 (112 bytes) <vtkFXAAOptions 0xb8e50ff00> [112]
            1 (112 bytes) <vtkLightCollection 0xb93e77e20> [112]
            1 (112 bytes) <vtkVolumeCollection 0xb93e77f00> [112]
         14 (3.08K) <vtkOpenGLActor 0xb93ce3480> [640]
            4 (784 bytes) <vtkTransform 0xb8f7e5b00> [256]
               1 (256 bytes) <vtkMatrix4x4 0xb8f7e5a00> [256]
               1 (192 bytes) <malloc in vtkAbstractTransform::vtkAbstractTransform() 0xb93d99e00> [192]
               1 (80 bytes) <malloc in vtkTransform::New() 0xb90de98b0> [80]
            4 (784 bytes) <vtkTransform 0xb8f7e5f00> [256]
               1 (256 bytes) <vtkMatrix4x4 0xb8f7e5e00> [256]
               1 (192 bytes) <malloc in vtkAbstractTransform::vtkAbstractTransform() 0xb93d9bc00> [192]
               1 (80 bytes) <malloc in vtkTransform::New() 0xb90de95e0> [80]
            1 (256 bytes) <vtkMatrix4x4 0xb8f7e6100> [256]
            1 (256 bytes) <vtkMatrix4x4 0xb8fdda600> [256]
            1 (256 bytes) <vtkMatrix4x4 0xb8fdda700> [256]
            1 (160 bytes) <vtkMatrix3x3 0xb8e719860> [160]
            1 (16 bytes) <malloc in vtkProp::AddConsumer(vtkObject*) 0xb93f9a1f0> [16]
      ----
      324 (52.8K) ROOT LEAK: <malloc in QtFrameBufferOpenGLWidget::initializeGL() 0xb8eb10900> [48]
         203 (22.9K) <vtkOpenGLPolyDataMapper 0xb8e10aa00> [1536]
            69 (6.41K) <vtkCompositeDataPipeline 0xb93ea7d00> [256]
               37 (3.08K) <malloc in vtkExecutive::vtkExecutive() 0xb92ded000> [32]
                  36 (3.05K) <malloc in std::vector<vtkInformationVector*>::__append(unsigned long, vtkInformationVector* const&) 0xb93f9a2b0> [16]
                     35 (3.03K) <vtkInformationVector 0xb93ee7840> [96]
                        34 (2.94K) <malloc in vtkInformationVector::New() 0xb92ded700> [32]
                           33 (2.91K) <malloc in vtkInformationVector::SetInformationObject(int, vtkInformation*) 0xb93f9a2d0> [16]
                              32 (2.89K) <vtkInformation 0xb93ee75a0> [96]
                                 31 (2.80K) <malloc in vtkInformation::New() 0xb93dba100> [48]
                                    29 (2.44K) <malloc in vtkInformation::SetAsObjectBase(vtkInformationKey*, vtkObjectBase*) 0xb8e12c210> [48]
                                       25 (2.27K) <malloc in vtkInformation::SetAsObjectBase(vtkInformationKey*, vtkObjectBase*) 0xb8e12c030> [48]
                                          24 (2.22K) <malloc in vtkInformation::SetAsObjectBase(vtkInformationKey*, vtkObjectBase*) 0xb8e12c150> [48]
                                             23 (2.17K) <vtkInformationExecutivePortValue 0xb8e037a80> [64]
                                                22 (2.11K) <vtkStreamingDemandDrivenPipeline 0xb8e130300> [256]
                                                   15 (1.56K) <vtkTrivialProducer 0xb8e130200> [256]
                                                      6 (608 bytes) <vtkInformationVector 0xb93ee7420> [96]
                                                         5 (512 bytes) <malloc in vtkInformationVector::New() 0xb92dedd60> [32]
                                                            4 (480 bytes) <malloc in std::vector<vtkInformation*>::__append(unsigned long, vtkInformation* const&) 0xb93f9a260> [16]
                                                               3 (464 bytes) <vtkInformation 0xb93ee74e0> [96]
                                                                  2 (368 bytes) <malloc in vtkInformation::New() 0xb93db80f0> [48]
                                                                     1 (320 bytes) <malloc in vtkInformationInternals::vtkInformationInternals() 0xb8e110a00> [320]
                                                      3 (464 bytes) <vtkInformation 0xb93ee7480> [96]
                                                         2 (368 bytes) <malloc in vtkInformation::New() 0xb93db8690> [48]
                                                            1 (320 bytes) <malloc in vtkInformationInternals::vtkInformationInternals() 0xb8e110c80> [320]
                                                      3 (144 bytes) <malloc in vtkAlgorithm::vtkAlgorithm() 0xb8e5c16a0> [32]
                                                         2 (112 bytes) <malloc in std::vector<vtkSmartPointer<vtkAlgorithmOutput>>::__append(unsigned long) 0xb8eab60d0> [16]
                                                            1 (96 bytes) <vtkAlgorithmOutput 0xb93ec8d80> [96]
                                                      2 (128 bytes) <vtkInformationVector 0xb93ee73c0> [96]
                                                         1 (32 bytes) <malloc in vtkInformationVector::New() 0xb92dedde0> [32]
                                                   3 (144 bytes) <vtkInformationVector 0xb93ee7540> [96]
                                                      2 (48 bytes) <malloc in vtkInformationVector::New() 0xb92ded080> [32]
                                                         1 (16 bytes) <malloc in std::vector<vtkInformation*>::__append(unsigned long, vtkInformation* const&) 0xb93f9a270> [16]
                                                   2 (128 bytes) <vtkInformationIterator 0xb9378c460> [112]
                                                      1 (16 bytes) <malloc in vtkInformationIterator::New() 0xb93f9a250> [16]
                                                   1 (32 bytes) <malloc in vtkExecutive::vtkExecutive() 0xb92ded760> [32]
                                       3 (128 bytes) <vtkInformationExecutivePortVectorValue 0xb8e6b7000> [96]
                                          1 (16 bytes) <malloc in std::vector<int>::__insert_with_size[abi:ne200100]<int*, int*>(std::__wrap_iter<int const*>, int*, int*, long) 0xb8eab60e0> [16]
                                          1 (16 bytes) <malloc in std::vector<vtkExecutive*>::__insert_with_size[abi:ne200100]<vtkExecutive**, vtkExecutive**>(std::__wrap_iter<vtkExecutive* const*>, vtkExecutive**, vtkExecutive**, long) 0xb93f9a2c0> [16]
                                    1 (320 bytes) <malloc in vtkInformationInternals::vtkInformationInternals() 0xb8e1108c0> [320]
               7 (656 bytes) <vtkInformation 0xb93ee7720> [96]
                  6 (560 bytes) <malloc in vtkInformation::New() 0xb93db9f20> [48]
                     1 (320 bytes) <malloc in vtkInformationInternals::vtkInformationInternals() 0xb8e111680> [320]
                     4 (192 bytes) <malloc in vtkInformation::SetAsObjectBase(vtkInformationKey*, vtkObjectBase*) 0xb8e12c090> [48]
                        2 (96 bytes) <malloc in vtkInformation::SetAsObjectBase(vtkInformationKey*, vtkObjectBase*) 0xb8e12c060> [48]
                           1 (48 bytes) <vtkInformationIntegerValue 0xb93ec32d0> [48]
                        1 (48 bytes) <vtkInformationIntegerValue 0xb93ec3270> [48]
               7 (656 bytes) <vtkInformation 0xb93ee7780> [96]
                  6 (560 bytes) <malloc in vtkInformation::New() 0xb93dba7c0> [48]
                     1 (320 bytes) <malloc in vtkInformationInternals::vtkInformationInternals() 0xb8e1117c0> [320]
                     4 (192 bytes) <malloc in vtkInformation::SetAsObjectBase(vtkInformationKey*, vtkObjectBase*) 0xb8e12c0c0> [48]
                        2 (96 bytes) <malloc in vtkInformation::SetAsObjectBase(vtkInformationKey*, vtkObjectBase*) 0xb8e12c000> [48]
                           1 (48 bytes) <vtkInformationIntegerValue 0xb93ec30f0> [48]
                        1 (48 bytes) <vtkInformationIntegerValue 0xb93ec31e0> [48]
               7 (656 bytes) <vtkInformation 0xb93ee77e0> [96]
                  6 (560 bytes) <malloc in vtkInformation::New() 0xb93dba550> [48]
                     1 (320 bytes) <malloc in vtkInformationInternals::vtkInformationInternals() 0xb8e111900> [320]
                     4 (192 bytes) <malloc in vtkInformation::SetAsObjectBase(vtkInformationKey*, vtkObjectBase*) 0xb8e12c120> [48]
                        2 (96 bytes) <malloc in vtkInformation::SetAsObjectBase(vtkInformationKey*, vtkObjectBase*) 0xb8e12c0f0> [48]
                           1 (48 bytes) <vtkInformationIntegerValue 0xb93ec32a0> [48]
                        1 (48 bytes) <vtkInformationIntegerValue 0xb93ec3210> [48]
               3 (464 bytes) <vtkInformation 0xb93ee7660> [96]
                  2 (368 bytes) <malloc in vtkInformation::New() 0xb93db9d70> [48]
                     1 (320 bytes) <malloc in vtkInformationInternals::vtkInformationInternals() 0xb8e110640> [320]
               3 (464 bytes) <vtkInformation 0xb93ee76c0> [96]
                  2 (368 bytes) <malloc in vtkInformation::New() 0xb93db9a10> [48]
                     1 (320 bytes) <malloc in vtkInformationInternals::vtkInformationInternals() 0xb8e111540> [320]
               2 (128 bytes) <vtkInformationIterator 0xb9378c380> [112]
                  1 (16 bytes) <malloc in vtkInformationIterator::New() 0xb93f9a2a0> [16]
               2 (128 bytes) <vtkInformationVector 0xb93ee7600> [96]
                  1 (32 bytes) <malloc in vtkInformationVector::New() 0xb92deefa0> [32]
            16 (2.12K) <malloc in vtkOpenGLPolyDataMapper::vtkOpenGLPolyDataMapper() 0xb8e07bc50> [80]
               12 (1.59K) <malloc in vtkOpenGLPolyDataMapper::vtkOpenGLPolyDataMapper() 0xb8e07bcf0> [80]
                  4 (544 bytes) <malloc in vtkOpenGLPolyDataMapper::vtkOpenGLPolyDataMapper() 0xb8e07bca0> [80]
                     3 (464 bytes) <vtkInformation 0xb93ee72a0> [96]
                        2 (368 bytes) <malloc in vtkInformation::New() 0xb93db9fb0> [48]
                           1 (320 bytes) <malloc in vtkInformationInternals::vtkInformationInternals() 0xb8e1112c0> [320]
                  4 (544 bytes) <malloc in vtkOpenGLPolyDataMapper::vtkOpenGLPolyDataMapper() 0xb8e07bd40> [80]
                     3 (464 bytes) <vtkInformation 0xb93ee7360> [96]
                        2 (368 bytes) <malloc in vtkInformation::New() 0xb93db8150> [48]
                           1 (320 bytes) <malloc in vtkInformationInternals::vtkInformationInternals() 0xb8e111400> [320]
                  3 (464 bytes) <vtkInformation 0xb93ee7300> [96]
                     2 (368 bytes) <malloc in vtkInformation::New() 0xb93db8480> [48]
                        1 (320 bytes) <malloc in vtkInformationInternals::vtkInformationInternals() 0xb8e111180> [320]
               3 (464 bytes) <vtkInformation 0xb93ee7240> [96]
                  2 (368 bytes) <malloc in vtkInformation::New() 0xb93dba0d0> [48]
                     1 (320 bytes) <malloc in vtkInformationInternals::vtkInformationInternals() 0xb8e111040> [320]
            14 (1.84K) <vtkCellArray 0xb8e10c980> [128]
               9 (1.09K) <malloc in vtkCellArray::vtkCellArray() 0xb93c978d0> [16]
                  8 (1.08K) <malloc in vtkCellArray::vtkCellArray() 0xb90c1ff20> [32]
                     4 (544 bytes) <vtkTypeInt64Array 0xb93497180> [384]
                        2 (144 bytes) <vtkBuffer<long long> 0xb8e10ca80> [128]
                           1 (16 bytes) <malloc in vtkBuffer<long long>::Reallocate(long long) 0xb8f1cf660> [16]
                        1 (16 bytes) <malloc in std::vector<double>::__append(unsigned long) 0xb93c94a90> [16]
                     3 (528 bytes) <vtkTypeInt64Array 0xb93496400> [384]
                        1 (128 bytes) <vtkBuffer<long long> 0xb8e10ca00> [128]
                        1 (16 bytes) <malloc in std::vector<double>::__append(unsigned long) 0xb93c97880> [16]
               3 (528 bytes) <vtkIdTypeArray 0xb8fa33180> [384]
                  1 (128 bytes) <vtkBuffer<long long> 0xb8e10cb00> [128]
                  1 (16 bytes) <malloc in std::vector<double>::__append(unsigned long) 0xb93c94a80> [16]
               1 (112 bytes) <vtkIdList 0xb93e6d960> [112]
            14 (1.84K) <vtkCellArray 0xb8e10cb80> [128]
               9 (1.09K) <malloc in vtkCellArray::vtkCellArray() 0xb93c94a70> [16]
                  8 (1.08K) <malloc in vtkCellArray::vtkCellArray() 0xb90c1fe00> [32]
                     4 (544 bytes) <vtkTypeInt64Array 0xb92d1b180> [384]
                        2 (144 bytes) <vtkBuffer<long long> 0xb8e10cc80> [128]
                           1 (16 bytes) <malloc in vtkBuffer<long long>::Reallocate(long long) 0xb8f1cfe20> [16]
                        1 (16 bytes) <malloc in std::vector<double>::__append(unsigned long) 0xb93c978b0> [16]
                     3 (528 bytes) <vtkTypeInt64Array 0xb92d1a880> [384]
                        1 (128 bytes) <vtkBuffer<long long> 0xb8e10cc00> [128]
                        1 (16 bytes) <malloc in std::vector<double>::__append(unsigned long) 0xb93c978a0> [16]
               3 (528 bytes) <vtkIdTypeArray 0xb8fa33600> [384]
                  1 (128 bytes) <vtkBuffer<long long> 0xb8e10cd00> [128]
                  1 (16 bytes) <malloc in std::vector<double>::__append(unsigned long) 0xb93c978c0> [16]
               1 (112 bytes) <vtkIdList 0xb93e6d9d0> [112]
            14 (1.84K) <vtkCellArray 0xb8e10cf80> [128]
               9 (1.09K) <malloc in vtkCellArray::vtkCellArray() 0xb93c94db0> [16]
                  8 (1.08K) <malloc in vtkCellArray::vtkCellArray() 0xb8eb47fa0> [32]
                     4 (544 bytes) <vtkTypeInt64Array 0xb92d1ae80> [384]
                        2 (144 bytes) <vtkBuffer<long long> 0xb8e10d080> [128]
                           1 (16 bytes) <malloc in vtkBuffer<long long>::Reallocate(long long) 0xb8f1cfdf0> [16]
                        1 (16 bytes) <malloc in std::vector<double>::__append(unsigned long) 0xb93c94da0> [16]
                     3 (528 bytes) <vtkTypeInt64Array 0xb92d1ad00> [384]
                        1 (128 bytes) <vtkBuffer<long long> 0xb8e10d000> [128]
                        1 (16 bytes) <malloc in std::vector<double>::__append(unsigned long) 0xb93c94df0> [16]
               3 (528 bytes) <vtkIdTypeArray 0xb90993000> [384]
                  1 (128 bytes) <vtkBuffer<long long> 0xb8e10d100> [128]
                  1 (16 bytes) <malloc in std::vector<double>::__append(unsigned long) 0xb93c94d80> [16]
               1 (112 bytes) <vtkIdList 0xb93e6dab0> [112]
            6 (784 bytes) <vtkCellArray 0xb8e10cd80> [128]
               3 (528 bytes) <vtkIdTypeArray 0xb8fa33480> [384]
                  1 (128 bytes) <vtkBuffer<long long> 0xb8e10cf00> [128]
                  1 (16 bytes) <malloc in std::vector<double>::__append(unsigned long) 0xb93c94dc0> [16]
               1 (112 bytes) <vtkIdList 0xb93e6da40> [112]
               1 (16 bytes) <malloc in vtkCellArray::vtkCellArray() 0xb93c94e40> [16]
            4 (784 bytes) <vtkTransform 0xb8fa36e00> [256]
               1 (256 bytes) <vtkMatrix4x4 0xb8fa36200> [256]
               1 (192 bytes) <malloc in vtkAbstractTransform::vtkAbstractTransform() 0xb93d98d80> [192]
               1 (80 bytes) <malloc in vtkTransform::New() 0xb90de8000> [80]
            6 (608 bytes) <vtkInformationVector 0xb93ee6d60> [96]
               5 (512 bytes) <malloc in vtkInformationVector::New() 0xb92dedec0> [32]
                  4 (480 bytes) <malloc in std::vector<vtkInformation*>::__append(unsigned long, vtkInformation* const&) 0xb93f9a240> [16]
                     3 (464 bytes) <vtkInformation 0xb93ee6fa0> [96]
                        2 (368 bytes) <malloc in vtkInformation::New() 0xb93db9d10> [48]
                           1 (320 bytes) <malloc in vtkInformationInternals::vtkInformationInternals() 0xb8e110dc0> [320]
            4 (544 bytes) <malloc in vtkOpenGLPolyDataMapper::vtkOpenGLPolyDataMapper() 0xb8e07bc00> [80]
               3 (464 bytes) <vtkInformation 0xb93ee71e0> [96]
                  2 (368 bytes) <malloc in vtkInformation::New() 0xb93db9c80> [48]
                     1 (320 bytes) <malloc in vtkInformationInternals::vtkInformationInternals() 0xb8e110b40> [320]
            3 (464 bytes) <vtkInformation 0xb93ee6ca0> [96]
               2 (368 bytes) <malloc in vtkInformation::New() 0xb93dbbde0> [48]
                  1 (320 bytes) <malloc in vtkInformationInternals::vtkInformationInternals() 0xb8e110500> [320]
            1 (256 bytes) <vtkMatrix4x4 0xb8e130000> [256]
            1 (256 bytes) <vtkMatrix4x4 0xb8e130100> [256]
            1 (224 bytes) <vtkOpenGLCellToVTKCellMap 0xb8e681ce0> [224]
            1 (192 bytes) <vtkOpenGLVertexBufferObjectGroup 0xb8e124240> [192]
            1 (160 bytes) <vtkMatrix3x3 0xb8e1200a0> [160]
            2 (144 bytes) <vtkOpenGLIndexBufferObject 0xb8e106c00> [128]
               1 (16 bytes) <malloc in vtkOpenGLBufferObject::vtkOpenGLBufferObject() 0xb93c97cd0> [16]
            2 (144 bytes) <vtkOpenGLIndexBufferObject 0xb8e106c80> [128]
               1 (16 bytes) <malloc in vtkOpenGLBufferObject::vtkOpenGLBufferObject() 0xb93c97ce0> [16]
            2 (144 bytes) <vtkOpenGLIndexBufferObject 0xb8e106d00> [128]
               1 (16 bytes) <malloc in vtkOpenGLBufferObject::vtkOpenGLBufferObject() 0xb93c97290> [16]
            2 (144 bytes) <vtkOpenGLIndexBufferObject 0xb8e106d80> [128]
               1 (16 bytes) <malloc in vtkOpenGLBufferObject::vtkOpenGLBufferObject() 0xb93c97d00> [16]
            2 (144 bytes) <vtkOpenGLIndexBufferObject 0xb8e106e00> [128]
               1 (16 bytes) <malloc in vtkOpenGLBufferObject::vtkOpenGLBufferObject() 0xb93c97d10> [16]
            2 (144 bytes) <vtkOpenGLIndexBufferObject 0xb8e106e80> [128]
               1 (16 bytes) <malloc in vtkOpenGLBufferObject::vtkOpenGLBufferObject() 0xb93c94a60> [16]
            2 (144 bytes) <vtkOpenGLIndexBufferObject 0xb8e106f00> [128]
               1 (16 bytes) <malloc in vtkOpenGLBufferObject::vtkOpenGLBufferObject() 0xb93c94b30> [16]
            2 (144 bytes) <vtkOpenGLIndexBufferObject 0xb8e106f80> [128]
               1 (16 bytes) <malloc in vtkOpenGLBufferObject::vtkOpenGLBufferObject() 0xb93c94b20> [16]
            2 (144 bytes) <vtkOpenGLIndexBufferObject 0xb8e107000> [128]
               1 (16 bytes) <malloc in vtkOpenGLBufferObject::vtkOpenGLBufferObject() 0xb93c94b10> [16]
            2 (144 bytes) <vtkOpenGLIndexBufferObject 0xb8e107080> [128]
               1 (16 bytes) <malloc in vtkOpenGLBufferObject::vtkOpenGLBufferObject() 0xb93c94b00> [16]
            2 (144 bytes) <vtkOpenGLVertexArrayObject 0xb93ee6dc0> [96]
               1 (48 bytes) <malloc in vtkOpenGLVertexArrayObject::New() 0xb93ec2f40> [48]
            2 (144 bytes) <vtkOpenGLVertexArrayObject 0xb93ee6e20> [96]
               1 (48 bytes) <malloc in vtkOpenGLVertexArrayObject::New() 0xb93ec2e50> [48]
            2 (144 bytes) <vtkOpenGLVertexArrayObject 0xb93ee6e80> [96]
               1 (48 bytes) <malloc in vtkOpenGLVertexArrayObject::New() 0xb93ec3390> [48]
            2 (144 bytes) <vtkOpenGLVertexArrayObject 0xb93ee6ee0> [96]
               1 (48 bytes) <malloc in vtkOpenGLVertexArrayObject::New() 0xb93ec3420> [48]
            2 (144 bytes) <vtkOpenGLVertexArrayObject 0xb93ee6f40> [96]
               1 (48 bytes) <malloc in vtkOpenGLVertexArrayObject::New() 0xb93ec3060> [48]
            2 (144 bytes) <vtkOpenGLVertexArrayObject 0xb93ee7000> [96]
               1 (48 bytes) <malloc in vtkOpenGLVertexArrayObject::New() 0xb93ec30c0> [48]
            2 (144 bytes) <vtkOpenGLVertexArrayObject 0xb93ee7060> [96]
               1 (48 bytes) <malloc in vtkOpenGLVertexArrayObject::New() 0xb93ec3450> [48]
            2 (144 bytes) <vtkOpenGLVertexArrayObject 0xb93ee70c0> [96]
               1 (48 bytes) <malloc in vtkOpenGLVertexArrayObject::New() 0xb93ec2fd0> [48]
            2 (144 bytes) <vtkOpenGLVertexArrayObject 0xb93ee7120> [96]
               1 (48 bytes) <malloc in vtkOpenGLVertexArrayObject::New() 0xb93ec33f0> [48]
            2 (144 bytes) <vtkOpenGLVertexArrayObject 0xb93ee7180> [96]
               1 (48 bytes) <malloc in vtkOpenGLVertexArrayObject::New() 0xb93ec2bb0> [48]
            2 (128 bytes) <vtkInformationVector 0xb93ee6be0> [96]
               1 (32 bytes) <malloc in vtkInformationVector::New() 0xb92dede80> [32]
            1 (96 bytes) <vtkTimerLog 0xb93ec9b00> [96]
            1 (64 bytes) <vtkOpenGLResourceFreeCallback<vtkOpenGLPolyDataMapper> 0xb8e0379c0> [64]
            1 (48 bytes) <malloc in vtkOpenGLPolyDataMapper::vtkOpenGLPolyDataMapper() 0xb8e7e7e40> [48]
            1 (32 bytes) <malloc in vtkAlgorithm::vtkAlgorithm() 0xb8e5c16c0> [32]
            1 (16 bytes) <malloc in vtkMapper::vtkMapper() 0xb93f9a230> [16]
         56 (12.8K) <vtkPolyData 0xb935f8000> [512]
            15 (6.58K) <vtkCellArray 0xb8e10c780> [128]
               10 (5.83K) <malloc in vtkCellArray::vtkCellArray() 0xb93c962a0> [16]
                  9 (5.81K) <malloc in vtkCellArray::vtkCellArray() 0xb90c1fe80> [32]
                     4 (4.02K) <vtkTypeInt64Array 0xb93496b80> [384]
                        2 (3.62K) <vtkBuffer<long long> 0xb8e10c800> [128]
                           1 (3.50K) <realloc in vtkBuffer<long long>::Reallocate(long long) 0xb902d1c00> [3584]
                        1 (16 bytes) <malloc in std::vector<double>::__append(unsigned long) 0xb93c97b60> [16]
                     4 (1.77K) <vtkTypeInt64Array 0xb93496580> [384]
                        2 (1.38K) <vtkBuffer<long long> 0xb8e10c880> [128]
                           1 (1.25K) <realloc in vtkBuffer<long long>::Reallocate(long long) 0xb93ff8000> [1280]
                        1 (16 bytes) <malloc in std::vector<double>::__append(unsigned long) 0xb93c97ca0> [16]
               3 (528 bytes) <vtkIdTypeArray 0xb8ea7a100> [384]
                  1 (128 bytes) <vtkBuffer<long long> 0xb8e10c900> [128]
                  1 (16 bytes) <malloc in std::vector<double>::__append(unsigned long) 0xb93c97cb0> [16]
               1 (112 bytes) <vtkIdList 0xb93e6d7a0> [112]
            16 (2.38K) <vtkPointData 0xb8e706f40> [448]
               6 (1.44K) <malloc in vtkFieldData::AllocateArrays(int) 0xb8f1cf880> [16]
                  5 (1.42K) <vtkFloatArray 0xb8e667d80> [384]
                     2 (1.00K) <vtkBuffer<float> 0xb8e106b80> [128]
                        1 (896 bytes) <realloc in vtkBuffer<float>::Reallocate(long long) 0xb8ed66a00> [896]
                     1 (32 bytes) <malloc in std::vector<double>::__append(unsigned long) 0xb8e5c1520> [32]
                     1 (16 bytes) <malloc in vtkAbstractArray::SetName(char const*) 0xb93f9a290> [16]
               3 (192 bytes) <malloc in std::vector<std::array<std::tuple<unsigned long, unsigned long, std::vector<double>>, 2ul>>::__append(unsigned long) 0xb8e6b7660> [96]
                  1 (64 bytes) <malloc in std::vector<double>::__append(unsigned long) 0xb8e037a00> [64]
                  1 (32 bytes) <malloc in std::vector<double>::__append(unsigned long) 0xb8e5c1660> [32]
               3 (192 bytes) <malloc in std::vector<std::array<std::tuple<unsigned long, unsigned long, std::vector<double>>, 2ul>>::__append(unsigned long) 0xb8e6b7d80> [96]
                  1 (64 bytes) <malloc in std::vector<double>::__append(unsigned long) 0xb8e037a40> [64]
                  1 (32 bytes) <malloc in std::vector<double>::__append(unsigned long) 0xb8e5c1680> [32]
               3 (128 bytes) <malloc in vtkObject::AddObserver(unsigned long, vtkCommand*, float) 0xb93fa1580> [64]
                  1 (48 bytes) <malloc in vtkObject::AddObserver(unsigned long, vtkCommand*, float) 0xb8e7e7f00> [48]
                  1 (16 bytes) <malloc in std::vector<bool>::reserve(unsigned long) 0xb93c97c80> [16]
            6 (1.58K) <vtkPoints 0xb8e120000> [160]
               5 (1.42K) <vtkFloatArray 0xb8e667c00> [384]
                  2 (1.00K) <vtkBuffer<float> 0xb8e106b00> [128]
                     1 (896 bytes) <realloc in vtkBuffer<float>::Reallocate(long long) 0xb8ed66300> [896]
                  1 (32 bytes) <malloc in std::vector<double>::__append(unsigned long) 0xb8e5c1440> [32]
                  1 (16 bytes) <malloc in vtkAbstractArray::SetName(char const*) 0xb93f9a280> [16]
            11 (848 bytes) <vtkInformation 0xb93ee6d00> [96]
               10 (752 bytes) <malloc in vtkInformation::New() 0xb93db9dd0> [48]
                  5 (512 bytes) <malloc in vtkInformationInternals::vtkInformationInternals() 0xb8e110f00> [320]
                     4 (192 bytes) <malloc in vtkInformation::SetAsObjectBase(vtkInformationKey*, vtkObjectBase*) 0xb8e12c180> [48]
                        2 (96 bytes) <malloc in vtkInformation::SetAsObjectBase(vtkInformationKey*, vtkObjectBase*) 0xb900b35d0> [48]
                           1 (48 bytes) <vtkInformationIntegerValue 0xb93ec2f10> [48]
                        1 (48 bytes) <vtkInformationIntegerValue 0xb93ec3090> [48]
                  4 (192 bytes) <malloc in vtkInformation::SetAsObjectBase(vtkInformationKey*, vtkObjectBase*) 0xb8e12c1e0> [48]
                     2 (96 bytes) <malloc in vtkInformation::SetAsObjectBase(vtkInformationKey*, vtkObjectBase*) 0xb8e12c1b0> [48]
                        1 (48 bytes) <vtkInformationIntegerValue 0xb93ec3030> [48]
                     1 (48 bytes) <vtkInformationIntegerValue 0xb93ec3000> [48]
            4 (576 bytes) <vtkCellData 0xb93ff01c0> [448]
               3 (128 bytes) <malloc in vtkObject::AddObserver(unsigned long, vtkCommand*, float) 0xb93fa15c0> [64]
                  1 (48 bytes) <malloc in vtkObject::AddObserver(unsigned long, vtkCommand*, float) 0xb8e7e7fc0> [48]
                  1 (16 bytes) <malloc in std::vector<bool>::reserve(unsigned long) 0xb93c97c90> [16]
            1 (192 bytes) <vtkFieldData 0xb93f2e580> [192]
            1 (112 bytes) <vtkIdList 0xb93e6d730> [112]
            1 (80 bytes) <vtkCallbackCommand 0xb8e07bbb0> [80]
         36 (10.8K) <vtkExternalOpenGLRenderWindow 0xb93fed800> [768]
            8 (7.22K) <vtkOpenGLState 0xb8e62aa00> [1792]
               2 (5.02K) <malloc in std::deque<vtkOpenGLState::GLState>::__add_back_capacity() 0xb93c97bd0> [16]
                  1 (5.00K) <malloc in std::deque<vtkOpenGLState::GLState>::__add_back_capacity() 0xb93c17c00> [5120]
               3 (256 bytes) <vtkOpenGLShaderCache 0xb8e515e30> [112]
                  2 (144 bytes) <malloc in vtkOpenGLShaderCache::New() 0xb93db8630> [48]
                     1 (96 bytes) <malloc in vtkOpenGLShaderCache::New() 0xb8e56b180> [96]
               1 (112 bytes) <vtkOpenGLVertexBufferObjectCache 0xb8e50eca0> [112]
               1 (96 bytes) <vtkTextureUnitManager 0xb93ec9aa0> [96]
            3 (528 bytes) <vtkUnsignedCharArray 0xb93ed9f80> [384]
               1 (128 bytes) <vtkBuffer<unsigned char> 0xb8e511d00> [128]
               1 (16 bytes) <malloc in std::vector<double>::__append(unsigned long) 0xb93c97d20> [16]
            3 (528 bytes) <vtkUnsignedCharArray 0xb93eda100> [384]
               1 (128 bytes) <vtkBuffer<unsigned char> 0xb8e511e80> [128]
               1 (16 bytes) <malloc in std::vector<double>::__append(unsigned long) 0xb93c97c40> [16]
            4 (320 bytes) <vtkOpenGLFramebufferObject 0xb93f2e640> [192]
               1 (64 bytes) <vtkOpenGLResourceFreeCallback<vtkOpenGLFramebufferObject> 0xb93fa1600> [64]
               1 (48 bytes) <malloc in vtkOpenGLFramebufferObject::vtkOpenGLFramebufferObject() 0xb8e7e7f30> [48]
               1 (16 bytes) <malloc in vtkOpenGLFramebufferObject::vtkOpenGLFramebufferObject() 0xb8f1cf8b0> [16]
            4 (320 bytes) <vtkOpenGLFramebufferObject 0xb93f2e700> [192]
               1 (64 bytes) <vtkOpenGLResourceFreeCallback<vtkOpenGLFramebufferObject> 0xb93fa1640> [64]
               1 (48 bytes) <malloc in vtkOpenGLFramebufferObject::vtkOpenGLFramebufferObject() 0xb8e7e7f60> [48]
               1 (16 bytes) <malloc in vtkOpenGLFramebufferObject::vtkOpenGLFramebufferObject() 0xb8f1cf870> [16]
            4 (320 bytes) <vtkOpenGLFramebufferObject 0xb93f2e7c0> [192]
               1 (64 bytes) <vtkOpenGLResourceFreeCallback<vtkOpenGLFramebufferObject> 0xb93fa1680> [64]
               1 (48 bytes) <malloc in vtkOpenGLFramebufferObject::vtkOpenGLFramebufferObject() 0xb8e7e7ed0> [48]
               1 (16 bytes) <malloc in vtkOpenGLFramebufferObject::vtkOpenGLFramebufferObject() 0xb8f1cf890> [16]
            4 (320 bytes) <vtkOpenGLFramebufferObject 0xb93f2e880> [192]
               1 (64 bytes) <vtkOpenGLResourceFreeCallback<vtkOpenGLFramebufferObject> 0xb93fa16c0> [64]
               1 (48 bytes) <malloc in vtkOpenGLFramebufferObject::vtkOpenGLFramebufferObject() 0xb8e7e7e10> [48]
               1 (16 bytes) <malloc in vtkOpenGLFramebufferObject::vtkOpenGLFramebufferObject() 0xb8f1cf8c0> [16]
            1 (320 bytes) <vtkOpenGLRenderTimerLog 0xb8e0ac3c0> [320]
            2 (144 bytes) <vtkRendererCollection 0xb93e6d810> [112]
               1 (32 bytes) <malloc in vtkCollection::AddItem(vtkObject*) 0xb8e5c49c0> [32]
            1 (80 bytes) <vtkStereoCompositor 0xb90debcf0> [80]
            1 (48 bytes) <malloc in vtkOpenGLRenderWindow::vtkOpenGLRenderWindow() 0xb8e7e7f90> [48]
         14 (3.14K) <vtkOpenGLRenderer 0xb8e848e00> [1792]
            3 (464 bytes) <vtkInformation 0xb93ee6c40> [96]
               2 (368 bytes) <malloc in vtkInformation::New() 0xb93dba010> [48]
                  1 (320 bytes) <malloc in vtkInformationInternals::vtkInformationInternals() 0xb8e110780> [320]
            3 (256 bytes) <vtkCullerCollection 0xb8e50ed80> [112]
               2 (144 bytes) <malloc in vtkCollection::AddItem(vtkObject*) 0xb8e5c48c0> [32]
                  1 (112 bytes) <vtkFrustumCoverageCuller 0xb93e6d8f0> [112]
            2 (144 bytes) <vtkPropCollection 0xb93e6d880> [112]
               1 (32 bytes) <malloc in vtkCollection::AddItem(vtkObject*) 0xb8e5c4980> [32]
            1 (112 bytes) <vtkActor2DCollection 0xb8e50ed10> [112]
            1 (112 bytes) <vtkActorCollection 0xb93c27410> [112]
            1 (112 bytes) <vtkFXAAOptions 0xb8e50edf0> [112]
            1 (112 bytes) <vtkLightCollection 0xb93c273a0> [112]
            1 (112 bytes) <vtkVolumeCollection 0xb925d0b60> [112]
         14 (3.08K) <vtkOpenGLActor 0xb93ce3980> [640]
            4 (784 bytes) <vtkTransform 0xb8e130600> [256]
               1 (256 bytes) <vtkMatrix4x4 0xb8e130700> [256]
               1 (192 bytes) <malloc in vtkAbstractTransform::vtkAbstractTransform() 0xb93d9ad00> [192]
               1 (80 bytes) <malloc in vtkTransform::New() 0xb90de9ea0> [80]
            4 (784 bytes) <vtkTransform 0xb8e130900> [256]
               1 (256 bytes) <vtkMatrix4x4 0xb8e130a00> [256]
               1 (192 bytes) <malloc in vtkAbstractTransform::vtkAbstractTransform() 0xb93d9bd80> [192]
               1 (80 bytes) <malloc in vtkTransform::New() 0xb90debca0> [80]
            1 (256 bytes) <vtkMatrix4x4 0xb8e130400> [256]
            1 (256 bytes) <vtkMatrix4x4 0xb8e130500> [256]
            1 (256 bytes) <vtkMatrix4x4 0xb8e130800> [256]
            1 (160 bytes) <vtkMatrix3x3 0xb8e120140> [160]
            1 (16 bytes) <malloc in vtkProp::AddConsumer(vtkObject*) 0xb93f9a2e0> [16]
      ----
      1 (48 bytes) ROOT LEAK: <malloc in QtFrameBufferOpenGLWidget::initializeGL() 0xb8e55d4d0> [48]

STACK OF 1 INSTANCE OF 'ROOT CYCLE: <malloc in QMetaObjectPrivate::connect(QObject const*, int, QMetaObject const*, QObject const*, int, QMetaObject const*, int, int*)>':
12  dyld                                  0x1972c1d54 start + 7184
11  org.itksnap                           0x100ab3a2c main + 6728  main.cxx:1083
10  org.itksnap                           0x100cfd7c4 MainImageWindow::Initialize(GlobalUIModel*) + 212  MainImageWindow.cxx:497
9   org.itksnap                           0x100ccd5e8 LayerInspectorDialog::SetModel(GlobalUIModel*) + 120  LayerInspectorDialog.cxx:93
8   org.itksnap                           0x100ad7fd8 ColorMapInspector::SetModel(ColorMapModel*) + 1496  ColorMapInspector.cxx:103
7   org.itksnap                           0x100ad889c ColorMapInspector::PopulatePresets() + 48  ColorMapInspector.cxx:147
6   org.itksnap                           0x100c0e0cc QtColorMapPresetHelper::PopulateColorMapPresetCombo(QComboBox*, ColorMapModel*) + 184  SNAPQtCommon.cxx:173
5   org.qt-project.QtGui                  0x110d07f70 QStandardItemModel::QStandardItemModel(QObject*) + 268
4   org.qt-project.QtCore                 0x111f53324 QObject::connect(QObject const*, char const*, QObject const*, char const*, Qt::ConnectionType) + 1464
3   org.qt-project.QtCore                 0x111f53d74 QMetaObjectPrivate::connect(QObject const*, int, QMetaObject const*, QObject const*, int, QMetaObject const*, int, int*) + 448
2   libc++abi.dylib                       0x197643a78 operator new(unsigned long) + 52
1   libsystem_malloc.dylib                0x19749f7d8 _malloc + 88
0   libsystem_malloc.dylib                0x1974b7f44 _malloc_zone_malloc_instrumented_or_legacy + 152 
====
    219 (44.8K) ROOT CYCLE: <malloc in QMetaObjectPrivate::connect(QObject const*, int, QMetaObject const*, QObject const*, int, QMetaObject const*, int, int*) 0xb936f0b40> [96]
       216 (44.0K) ROOT CYCLE: <QStandardItemModel 0xb92439160> [32]
          215 (44.0K) ROOT CYCLE: <QStandardItemModelPrivate 0xb936b8b40> [320]
             207 (41.2K) ROOT CYCLE: <QStandardItem 0xb8e9e5080> [32]
                206 (41.1K) ROOT CYCLE: <malloc in QStandardItemModel::QStandardItemModel(QObject*) 0xb901e5fe0> [96]
                   204 (41.0K) ROOT CYCLE: <realloc in QArrayData::reallocateUnaligned(QArrayData*, void*, long long, long long, QArrayData::AllocationOption) 0xb936b9f40> [320]
                      12 (2.33K) ROOT CYCLE: <QStandardItem 0xb8efa10e0> [32]
                         11 (2.30K) ROOT CYCLE: <malloc in QStandardItem::QStandardItem(QIcon const&, QString const&) 0xb901e6ca0> [96]
                            10 (2.20K) <realloc in QArrayData::reallocateUnaligned(QArrayData*, void*, long long, long long, QArrayData::AllocationOption) 0xb936ba1c0> [320]
                               6 (1.69K) <malloc in QIcon::QIcon(QPixmap const&) 0xb8e9ee2e0> [32]
                                  5 (1.66K) <QPixmapIconEngine 0xb936c70c0> [48]
                                     4 (1.61K) <malloc in QArrayData::allocate(QArrayData**, long long, long long, long long, QArrayData::AllocationOption) 0xb936f11a0> [96]
                                        3 (1.52K) <QRasterPlatformPixmap 0xb8f9abd90> [80]
                                           2 (1.44K) <malloc in QImageData::create(QSize const&, QImage::Format) 0xb9363e940> [192]
                                              1 (1.25K) <malloc in QImageData::create(QSize const&, QImage::Format) 0xb936f8000> [1280]
                               1 (112 bytes) <malloc in QArrayData::allocate2(QArrayData**, long long, QArrayData::AllocationOption) 0xb92df3a30> [112]
                               2 (96 bytes) <malloc in QVariant::fromMetaType(QMetaType, void const*) 0xb936c70f0> [48]
                                  1 (48 bytes) <malloc in std::basic_string<char>::basic_string(std::basic_string<char> const&) 0x530141d70> [48]
                      12 (2.33K) ROOT CYCLE: <QStandardItem 0xb8efa1100> [32]
                         11 (2.30K) ROOT CYCLE: <malloc in QStandardItem::QStandardItem(QIcon const&, QString const&) 0xb901e6d00> [96]
                            10 (2.20K) <realloc in QArrayData::reallocateUnaligned(QArrayData*, void*, long long, long long, QArrayData::AllocationOption) 0xb936ba300> [320]
                               6 (1.69K) <malloc in QIcon::QIcon(QPixmap const&) 0xb8e9ee300> [32]
                                  5 (1.66K) <QPixmapIconEngine 0xb936c7120> [48]
                                     4 (1.61K) <malloc in QArrayData::allocate(QArrayData**, long long, long long, long long, QArrayData::AllocationOption) 0xb936f1200> [96]
                                        3 (1.52K) <QRasterPlatformPixmap 0xb8f9ab980> [80]
                                           2 (1.44K) <malloc in QImageData::create(QSize const&, QImage::Format) 0xb9363ea00> [192]
                                              1 (1.25K) <malloc in QImageData::create(QSize const&, QImage::Format) 0xb936f8a00> [1280]
                               1 (112 bytes) <malloc in QArrayData::allocate2(QArrayData**, long long, QArrayData::AllocationOption) 0xb92df3aa0> [112]
                               2 (96 bytes) <malloc in QVariant::fromMetaType(QMetaType, void const*) 0xb936c7150> [48]
                                  1 (48 bytes) <malloc in std::basic_string<char>::basic_string(std::basic_string<char> const&) 0x530141d40> [48]
                      11 (2.25K) ROOT CYCLE: <QStandardItem 0xb8efa10a0> [32]
                         10 (2.22K) ROOT CYCLE: <malloc in QStandardItem::QStandardItem(QIcon const&, QString const&) 0xb901e6be0> [96]
                            9 (2.12K) <realloc in QArrayData::reallocateUnaligned(QArrayData*, void*, long long, long long, QArrayData::AllocationOption) 0xb936b9cc0> [320]
                               6 (1.69K) <malloc in QIcon::QIcon(QPixmap const&) 0xb8e9ee2a0> [32]
                                  5 (1.66K) <QPixmapIconEngine 0xb936c7000> [48]
                                     4 (1.61K) <malloc in QArrayData::allocate(QArrayData**, long long, long long, long long, QArrayData::AllocationOption) 0xb936f10e0> [96]
                                        3 (1.52K) <QRasterPlatformPixmap 0xb8f9ab340> [80]
                                           2 (1.44K) <malloc in QImageData::create(QSize const&, QImage::Format) 0xb9363e7c0> [192]
                                              1 (1.25K) <malloc in QImageData::create(QSize const&, QImage::Format) 0xb936f7700> [1280]
                               1 (80 bytes) <malloc in QArrayData::allocate2(QArrayData**, long long, QArrayData::AllocationOption) 0xb8ea0c910> [80]
                               1 (48 bytes) <malloc in QVariant::fromMetaType(QMetaType, void const*) 0xb936c7030> [48]
                      11 (2.25K) ROOT CYCLE: <QStandardItem 0xb8efa10c0> [32]
                         10 (2.22K) ROOT CYCLE: <malloc in QStandardItem::QStandardItem(QIcon const&, QString const&) 0xb901e6c40> [96]
                            9 (2.12K) <realloc in QArrayData::reallocateUnaligned(QArrayData*, void*, long long, long long, QArrayData::AllocationOption) 0xb936b9e00> [320]
                               6 (1.69K) <malloc in QIcon::QIcon(QPixmap const&) 0xb8e9ee2c0> [32]
                                  5 (1.66K) <QPixmapIconEngine 0xb936c7060> [48]
                                     4 (1.61K) <malloc in QArrayData::allocate(QArrayData**, long long, long long, long long, QArrayData::AllocationOption) 0xb936f1140> [96]
                                        3 (1.52K) <QRasterPlatformPixmap 0xb8f9ab840> [80]
                                           2 (1.44K) <malloc in QImageData::create(QSize const&, QImage::Format) 0xb9363e880> [192]
                                              1 (1.25K) <malloc in QImageData::create(QSize const&, QImage::Format) 0xb92456800> [1280]
                               1 (80 bytes) <malloc in QArrayData::allocate2(QArrayData**, long long, QArrayData::AllocationOption) 0xb8ea0c960> [80]
                               1 (48 bytes) <malloc in QVariant::fromMetaType(QMetaType, void const*) 0xb936c7090> [48]
                      11 (2.23K) ROOT CYCLE: <QStandardItem 0xb8efa0f80> [32]
                         10 (2.20K) ROOT CYCLE: <malloc in QStandardItem::QStandardItem(QIcon const&, QString const&) 0xb901e68e0> [96]
                            9 (2.11K) <realloc in QArrayData::reallocateUnaligned(QArrayData*, void*, long long, long long, QArrayData::AllocationOption) 0xb936b9180> [320]
                               6 (1.69K) <malloc in QIcon::QIcon(QPixmap const&) 0xb8e9ee160> [32]
                                  5 (1.66K) <QPixmapIconEngine 0xb936c6ca0> [48]
                                     4 (1.61K) <malloc in QArrayData::allocate(QArrayData**, long long, long long, long long, QArrayData::AllocationOption) 0xb936f0d80> [96]
                                        3 (1.52K) <QRasterPlatformPixmap 0xb8f9abd40> [80]
                                           2 (1.44K) <malloc in QImageData::create(QSize const&, QImage::Format) 0xb9363e100> [192]
                                              1 (1.25K) <malloc in QImageData::create(QSize const&, QImage::Format) 0xb936f4a00> [1280]
                               1 (64 bytes) <malloc in QArrayData::allocate2(QArrayData**, long long, QArrayData::AllocationOption) 0xb8e9b56c0> [64]
                               1 (48 bytes) <malloc in QVariant::fromMetaType(QMetaType, void const*) 0xb936c6cd0> [48]
                      11 (2.23K) ROOT CYCLE: <QStandardItem 0xb8efa0fa0> [32]
                         10 (2.20K) ROOT CYCLE: <malloc in QStandardItem::QStandardItem(QIcon const&, QString const&) 0xb901e6940> [96]
                            9 (2.11K) <realloc in QArrayData::reallocateUnaligned(QArrayData*, void*, long long, long long, QArrayData::AllocationOption) 0xb936b92c0> [320]
                               6 (1.69K) <malloc in QIcon::QIcon(QPixmap const&) 0xb8e9ee180> [32]
                                  5 (1.66K) <QPixmapIconEngine 0xb936c6d00> [48]
                                     4 (1.61K) <malloc in QArrayData::allocate(QArrayData**, long long, long long, long long, QArrayData::AllocationOption) 0xb936f0de0> [96]
                                        3 (1.52K) <QRasterPlatformPixmap 0xb8f9abed0> [80]
                                           2 (1.44K) <malloc in QImageData::create(QSize const&, QImage::Format) 0xb9363e1c0> [192]
                                              1 (1.25K) <malloc in QImageData::create(QSize const&, QImage::Format) 0xb936f4f00> [1280]
                               1 (64 bytes) <malloc in QArrayData::allocate2(QArrayData**, long long, QArrayData::AllocationOption) 0xb8e9b5700> [64]
                               1 (48 bytes) <malloc in QVariant::fromMetaType(QMetaType, void const*) 0xb936c6d30> [48]
                      11 (2.23K) ROOT CYCLE: <QStandardItem 0xb8efa0fc0> [32]
                         10 (2.20K) ROOT CYCLE: <malloc in QStandardItem::QStandardItem(QIcon const&, QString const&) 0xb901e69a0> [96]
                            9 (2.11K) <realloc in QArrayData::reallocateUnaligned(QArrayData*, void*, long long, long long, QArrayData::AllocationOption) 0xb936b9400> [320]
                               6 (1.69K) <malloc in QIcon::QIcon(QPixmap const&) 0xb8e9ee1a0> [32]
                                  5 (1.66K) <QPixmapIconEngine 0xb936c6d60> [48]
                                     4 (1.61K) <malloc in QArrayData::allocate(QArrayData**, long long, long long, long long, QArrayData::AllocationOption) 0xb936f0e40> [96]
                                        3 (1.52K) <QRasterPlatformPixmap 0xb8f9ab610> [80]
                                           2 (1.44K) <malloc in QImageData::create(QSize const&, QImage::Format) 0xb9363e280> [192]
                                              1 (1.25K) <malloc in QImageData::create(QSize const&, QImage::Format) 0xb936f5400> [1280]
                               1 (64 bytes) <malloc in QArrayData::allocate2(QArrayData**, long long, QArrayData::AllocationOption) 0xb8e9b5740> [64]
                               1 (48 bytes) <malloc in QVariant::fromMetaType(QMetaType, void const*) 0xb936c6d90> [48]
                      11 (2.23K) ROOT CYCLE: <QStandardItem 0xb8efa1120> [32]
                         10 (2.20K) ROOT CYCLE: <malloc in QStandardItem::QStandardItem(QIcon const&, QString const&) 0xb901e6d60> [96]
                            9 (2.11K) <realloc in QArrayData::reallocateUnaligned(QArrayData*, void*, long long, long long, QArrayData::AllocationOption) 0xb936ba440> [320]
                               6 (1.69K) <malloc in QIcon::QIcon(QPixmap const&) 0xb8e9ee320> [32]
                                  5 (1.66K) <QPixmapIconEngine 0xb936c7180> [48]
                                     4 (1.61K) <malloc in QArrayData::allocate(QArrayData**, long long, long long, long long, QArrayData::AllocationOption) 0xb936f1260> [96]
                                        3 (1.52K) <QRasterPlatformPixmap 0xb8f9abbb0> [80]
                                           2 (1.44K) <malloc in QImageData::create(QSize const&, QImage::Format) 0xb9363eac0> [192]
                                              1 (1.25K) <malloc in QImageData::create(QSize const&, QImage::Format) 0xb936f8f00> [1280]
                               1 (64 bytes) <malloc in QArrayData::allocate2(QArrayData**, long long, QArrayData::AllocationOption) 0xb8e9b5780> [64]
                               1 (48 bytes) <malloc in QVariant::fromMetaType(QMetaType, void const*) 0xb936c71b0> [48]
                      11 (2.22K) ROOT CYCLE: <QStandardItem 0xb8efa0ea0> [32]
                         10 (2.19K) ROOT CYCLE: <malloc in QStandardItem::QStandardItem(QIcon const&, QString const&) 0xb901e6760> [96]
                            9 (2.09K) <realloc in QArrayData::reallocateUnaligned(QArrayData*, void*, long long, long long, QArrayData::AllocationOption) 0xb936b8c80> [320]
                               6 (1.69K) <malloc in QIcon::QIcon(QPixmap const&) 0xb8e9edb60> [32]
                                  5 (1.66K) <QPixmapIconEngine 0xb936c6b20> [48]
                                     4 (1.61K) <malloc in QArrayData::allocate(QArrayData**, long long, long long, long long, QArrayData::AllocationOption) 0xb936f0c00> [96]
                                        3 (1.52K) <QRasterPlatformPixmap 0xb8f9ab250> [80]
                                           2 (1.44K) <malloc in QImageData::create(QSize const&, QImage::Format) 0xb9363de00> [192]
                                              1 (1.25K) <malloc in QImageData::create(QSize const&, QImage::Format) 0xb93650a00> [1280]
                               1 (48 bytes) <malloc in QArrayData::allocate2(QArrayData**, long long, QArrayData::AllocationOption) 0xb8ea188a0> [48]
                               1 (48 bytes) <malloc in QVariant::fromMetaType(QMetaType, void const*) 0xb936c6b50> [48]
                      11 (2.22K) ROOT CYCLE: <QStandardItem 0xb8efa0f60> [32]
                         10 (2.19K) ROOT CYCLE: <malloc in QStandardItem::QStandardItem(QIcon const&, QString const&) 0xb901e67c0> [96]
                            9 (2.09K) <realloc in QArrayData::reallocateUnaligned(QArrayData*, void*, long long, long long, QArrayData::AllocationOption) 0xb936b9040> [320]
                               6 (1.69K) <malloc in QIcon::QIcon(QPixmap const&) 0xb8e9ee140> [32]
                                  5 (1.66K) <QPixmapIconEngine 0xb936c6c40> [48]
                                     4 (1.61K) <malloc in QArrayData::allocate(QArrayData**, long long, long long, long long, QArrayData::AllocationOption) 0xb936f0d20> [96]
                                        3 (1.52K) <QRasterPlatformPixmap 0xb8f9abc00> [80]
                                           2 (1.44K) <malloc in QImageData::create(QSize const&, QImage::Format) 0xb9363e040> [192]
                                              1 (1.25K) <malloc in QImageData::create(QSize const&, QImage::Format) 0xb936f4000> [1280]
                               1 (48 bytes) <malloc in QArrayData::allocate2(QArrayData**, long long, QArrayData::AllocationOption) 0xb8ea18900> [48]
                               1 (48 bytes) <malloc in QVariant::fromMetaType(QMetaType, void const*) 0xb936c6c70> [48]
                      11 (2.22K) ROOT CYCLE: <QStandardItem 0xb8efa0fe0> [32]
                         10 (2.19K) ROOT CYCLE: <malloc in QStandardItem::QStandardItem(QIcon const&, QString const&) 0xb901e6880> [96]
                            9 (2.09K) <realloc in QArrayData::reallocateUnaligned(QArrayData*, void*, long long, long long, QArrayData::AllocationOption) 0xb936b9540> [320]
                               6 (1.69K) <malloc in QIcon::QIcon(QPixmap const&) 0xb8e9ee1c0> [32]
                                  5 (1.66K) <QPixmapIconEngine 0xb936c6dc0> [48]
                                     4 (1.61K) <malloc in QArrayData::allocate(QArrayData**, long long, long long, long long, QArrayData::AllocationOption) 0xb936f0ea0> [96]
                                        3 (1.52K) <QRasterPlatformPixmap 0xb8f9abe30> [80]
                                           2 (1.44K) <malloc in QImageData::create(QSize const&, QImage::Format) 0xb9363e340> [192]
                                              1 (1.25K) <malloc in QImageData::create(QSize const&, QImage::Format) 0xb936f5900> [1280]
                               1 (48 bytes) <malloc in QArrayData::allocate2(QArrayData**, long long, QArrayData::AllocationOption) 0xb8ea18990> [48]
                               1 (48 bytes) <malloc in QVariant::fromMetaType(QMetaType, void const*) 0xb936c6df0> [48]
                      11 (2.22K) ROOT CYCLE: <QStandardItem 0xb8efa1000> [32]
                         10 (2.19K) ROOT CYCLE: <malloc in QStandardItem::QStandardItem(QIcon const&, QString const&) 0xb901e6a00> [96]
                            9 (2.09K) <realloc in QArrayData::reallocateUnaligned(QArrayData*, void*, long long, long long, QArrayData::AllocationOption) 0xb936b9680> [320]
                               6 (1.69K) <malloc in QIcon::QIcon(QPixmap const&) 0xb8e9ee1e0> [32]
                                  5 (1.66K) <QPixmapIconEngine 0xb936c6e20> [48]
                                     4 (1.61K) <malloc in QArrayData::allocate(QArrayData**, long long, long long, long long, QArrayData::AllocationOption) 0xb936f0f00> [96]
                                        3 (1.52K) <QRasterPlatformPixmap 0xb8f9abe80> [80]
                                           2 (1.44K) <malloc in QImageData::create(QSize const&, QImage::Format) 0xb9363e400> [192]
                                              1 (1.25K) <malloc in QImageData::create(QSize const&, QImage::Format) 0xb936f5e00> [1280]
                               1 (48 bytes) <malloc in QArrayData::allocate2(QArrayData**, long long, QArrayData::AllocationOption) 0xb8ea18960> [48]
                               1 (48 bytes) <malloc in QVariant::fromMetaType(QMetaType, void const*) 0xb936c6e50> [48]
                      11 (2.22K) ROOT CYCLE: <QStandardItem 0xb8efa1020> [32]
                         10 (2.19K) ROOT CYCLE: <malloc in QStandardItem::QStandardItem(QIcon const&, QString const&) 0xb901e6a60> [96]
                            9 (2.09K) <realloc in QArrayData::reallocateUnaligned(QArrayData*, void*, long long, long long, QArrayData::AllocationOption) 0xb936b97c0> [320]
                               6 (1.69K) <malloc in QIcon::QIcon(QPixmap const&) 0xb8e9ee200> [32]
                                  5 (1.66K) <QPixmapIconEngine 0xb936c6e80> [48]
                                     4 (1.61K) <malloc in QArrayData::allocate(QArrayData**, long long, long long, long long, QArrayData::AllocationOption) 0xb936f0f60> [96]
                                        3 (1.52K) <QRasterPlatformPixmap 0xb8f9ab2a0> [80]
                                           2 (1.44K) <malloc in QImageData::create(QSize const&, QImage::Format) 0xb9363e4c0> [192]
                                              1 (1.25K) <malloc in QImageData::create(QSize const&, QImage::Format) 0xb936f6300> [1280]
                               1 (48 bytes) <malloc in QArrayData::allocate2(QArrayData**, long long, QArrayData::AllocationOption) 0xb8ea189c0> [48]
                               1 (48 bytes) <malloc in QVariant::fromMetaType(QMetaType, void const*) 0xb936c6eb0> [48]
                      11 (2.22K) ROOT CYCLE: <QStandardItem 0xb8efa1040> [32]
                         10 (2.19K) ROOT CYCLE: <malloc in QStandardItem::QStandardItem(QIcon const&, QString const&) 0xb901e6ac0> [96]
                            9 (2.09K) <realloc in QArrayData::reallocateUnaligned(QArrayData*, void*, long long, long long, QArrayData::AllocationOption) 0xb936b9900> [320]
                               6 (1.69K) <malloc in QIcon::QIcon(QPixmap const&) 0xb8e9ee220> [32]
                                  5 (1.66K) <QPixmapIconEngine 0xb936c6ee0> [48]
                                     4 (1.61K) <malloc in QArrayData::allocate(QArrayData**, long long, long long, long long, QArrayData::AllocationOption) 0xb936f0fc0> [96]
                                        3 (1.52K) <QRasterPlatformPixmap 0xb8f9ab700> [80]
                                           2 (1.44K) <malloc in QImageData::create(QSize const&, QImage::Format) 0xb9363e580> [192]
                                              1 (1.25K) <malloc in QImageData::create(QSize const&, QImage::Format) 0xb936f6800> [1280]
                               1 (48 bytes) <malloc in QArrayData::allocate2(QArrayData**, long long, QArrayData::AllocationOption) 0xb8ea189f0> [48]
                               1 (48 bytes) <malloc in QVariant::fromMetaType(QMetaType, void const*) 0xb936c6f10> [48]
                      11 (2.22K) ROOT CYCLE: <QStandardItem 0xb8efa1060> [32]
                         10 (2.19K) ROOT CYCLE: <malloc in QStandardItem::QStandardItem(QIcon const&, QString const&) 0xb901e6b20> [96]
                            9 (2.09K) <realloc in QArrayData::reallocateUnaligned(QArrayData*, void*, long long, long long, QArrayData::AllocationOption) 0xb936b9a40> [320]
                               6 (1.69K) <malloc in QIcon::QIcon(QPixmap const&) 0xb8e9ee240> [32]
                                  5 (1.66K) <QPixmapIconEngine 0xb936c6f40> [48]
                                     4 (1.61K) <malloc in QArrayData::allocate(QArrayData**, long long, long long, long long, QArrayData::AllocationOption) 0xb936f1020> [96]
                                        3 (1.52K) <QRasterPlatformPixmap 0xb8f9ab430> [80]
                                           2 (1.44K) <malloc in QImageData::create(QSize const&, QImage::Format) 0xb9363e640> [192]
                                              1 (1.25K) <malloc in QImageData::create(QSize const&, QImage::Format) 0xb936f6d00> [1280]
                               1 (48 bytes) <malloc in QArrayData::allocate2(QArrayData**, long long, QArrayData::AllocationOption) 0xb8ea18a20> [48]
                               1 (48 bytes) <malloc in QVariant::fromMetaType(QMetaType, void const*) 0xb936c6f70> [48]
                      11 (2.20K) ROOT CYCLE: <QStandardItem 0xb8efa0f20> [32]
                         10 (2.17K) ROOT CYCLE: <malloc in QStandardItem::QStandardItem(QIcon const&, QString const&) 0xb901e6700> [96]
                            9 (2.08K) <realloc in QArrayData::reallocateUnaligned(QArrayData*, void*, long long, long long, QArrayData::AllocationOption) 0xb936b8dc0> [320]
                               6 (1.69K) <malloc in QIcon::QIcon(QPixmap const&) 0xb8e9ee0e0> [32]
                                  5 (1.66K) <QPixmapIconEngine 0xb936c6b80> [48]
                                     4 (1.61K) <malloc in QArrayData::allocate(QArrayData**, long long, long long, long long, QArrayData::AllocationOption) 0xb936f0c60> [96]
                                        3 (1.52K) <QRasterPlatformPixmap 0xb8f9aba20> [80]
                                           2 (1.44K) <malloc in QImageData::create(QSize const&, QImage::Format) 0xb9363dec0> [192]
                                              1 (1.25K) <malloc in QImageData::create(QSize const&, QImage::Format) 0xb92457700> [1280]
                               1 (48 bytes) <malloc in QVariant::fromMetaType(QMetaType, void const*) 0xb936c6bb0> [48]
                               1 (32 bytes) <malloc in QArrayData::allocate2(QArrayData**, long long, QArrayData::AllocationOption) 0xb8e9ee0c0> [32]
                      11 (2.20K) ROOT CYCLE: <QStandardItem 0xb8efa0f40> [32]
                         10 (2.17K) ROOT CYCLE: <malloc in QStandardItem::QStandardItem(QIcon const&, QString const&) 0xb901e6820> [96]
                            9 (2.08K) <realloc in QArrayData::reallocateUnaligned(QArrayData*, void*, long long, long long, QArrayData::AllocationOption) 0xb936b8f00> [320]
                               6 (1.69K) <malloc in QIcon::QIcon(QPixmap const&) 0xb8e9ee120> [32]
                                  5 (1.66K) <QPixmapIconEngine 0xb936c6be0> [48]
                                     4 (1.61K) <malloc in QArrayData::allocate(QArrayData**, long long, long long, long long, QArrayData::AllocationOption) 0xb936f0cc0> [96]
                                        3 (1.52K) <QRasterPlatformPixmap 0xb8f9abcf0> [80]
                                           2 (1.44K) <malloc in QImageData::create(QSize const&, QImage::Format) 0xb9363df80> [192]
                                              1 (1.25K) <malloc in QImageData::create(QSize const&, QImage::Format) 0xb92659e00> [1280]
                               1 (48 bytes) <malloc in QVariant::fromMetaType(QMetaType, void const*) 0xb936c6c10> [48]
                               1 (32 bytes) <malloc in QArrayData::allocate2(QArrayData**, long long, QArrayData::AllocationOption) 0xb8e9ee100> [32]
                      11 (2.20K) ROOT CYCLE: <QStandardItem 0xb8efa1080> [32]
                         10 (2.17K) ROOT CYCLE: <malloc in QStandardItem::QStandardItem(QIcon const&, QString const&) 0xb901e6b80> [96]
                            9 (2.08K) <realloc in QArrayData::reallocateUnaligned(QArrayData*, void*, long long, long long, QArrayData::AllocationOption) 0xb936b9b80> [320]
                               6 (1.69K) <malloc in QIcon::QIcon(QPixmap const&) 0xb8e9ee280> [32]
                                  5 (1.66K) <QPixmapIconEngine 0xb936c6fa0> [48]
                                     4 (1.61K) <malloc in QArrayData::allocate(QArrayData**, long long, long long, long long, QArrayData::AllocationOption) 0xb936f1080> [96]
                                        3 (1.52K) <QRasterPlatformPixmap 0xb8f9abca0> [80]
                                           2 (1.44K) <malloc in QImageData::create(QSize const&, QImage::Format) 0xb9363e700> [192]
                                              1 (1.25K) <malloc in QImageData::create(QSize const&, QImage::Format) 0xb936f7200> [1280]
                               1 (48 bytes) <malloc in QVariant::fromMetaType(QMetaType, void const*) 0xb936c6fd0> [48]
                               1 (32 bytes) <malloc in QArrayData::allocate2(QArrayData**, long long, QArrayData::AllocationOption) 0xb8e9ee260> [32]
                      3 (448 bytes) ROOT CYCLE: <QStandardItem 0xb924391a0> [32]
                         2 (416 bytes) ROOT CYCLE: <malloc in QStandardItem::QStandardItem(QString const&) 0xb926fc0c0> [96]
                            1 (320 bytes) <realloc in QArrayData::reallocateUnaligned(QArrayData*, void*, long long, long long, QArrayData::AllocationOption) 0xb936ba580> [320]
                   1 (64 bytes) <malloc in QArrayData::allocate(QArrayData**, long long, long long, long long, QArrayData::AllocationOption) 0xb8e9b55c0> [64]
             3 (1.98K) ROOT CYCLE: <malloc in QHashPrivate::Data<QHashPrivate::MultiNode<QtPrivate::QModelIndexWrapper, QPersistentModelIndexData*>>::detached(QHashPrivate::Data<QHashPrivate::MultiNode<QtPrivate::QModelIndexWrapper, QPersistentModelIndexData*>>*) 0xb936c7330> [48]
                2 (1.94K) ROOT CYCLE: <malloc in QHashPrivate::Data<QHashPrivate::MultiNode<QtPrivate::QModelIndexWrapper, QPersistentModelIndexData*>>::detached(QHashPrivate::Data<QHashPrivate::MultiNode<QtPrivate::QModelIndexWrapper, QPersistentModelIndexData*>>*) 0xb935caac0> [192]
                   1 (1.75K) ROOT CYCLE: <malloc in QHashPrivate::Data<QHashPrivate::MultiNode<QtPrivate::QModelIndexWrapper, QPersistentModelIndexData*>>::InsertionResult QHashPrivate::Data<QHashPrivate::MultiNode<QtPrivate::QModelIndexWrapper, QPersistentModelIndexData*>>::findOrInsert<QtPrivate::QModelIndexWrapper>(QtPrivate::QModelIndexWrapper const&) 0xb8ea20000> [1792]
             1 (320 bytes) <realloc in QArrayData::reallocateUnaligned(QArrayData*, void*, long long, long long, QArrayData::AllocationOption) 0xb936ba080> [320]
             1 (80 bytes) <malloc in QArrayData::allocate(QArrayData**, long long, long long, long long, QArrayData::AllocationOption) 0xb8ea0c8c0> [80]
             1 (64 bytes) <malloc in QArrayData::allocate(QArrayData**, long long, long long, long long, QArrayData::AllocationOption) 0xb8e9b5680> [64]
             1 (48 bytes) <malloc in QArrayData::allocate(QArrayData**, long long, long long, long long, QArrayData::AllocationOption) 0xb8ea18930> [48]
       2 (688 bytes) ROOT CYCLE: <malloc in QMetaObjectPrivate::connect(QObject const*, int, QMetaObject const*, QObject const*, int, QMetaObject const*, int, int*) 0xb936d34b0> [48]
          CYCLE BACK TO <malloc in QMetaObjectPrivate::connect(QObject const*, int, QMetaObject const*, QObject const*, int, QMetaObject const*, int, int*) 0xb936f0b40> [96]
          1 (640 bytes) ROOT CYCLE: <malloc in QObjectPrivate::ConnectionData::resizeSignalVector(unsigned long) 0xb8e964f00> [640]
             CYCLE BACK TO <malloc in QMetaObjectPrivate::connect(QObject const*, int, QMetaObject const*, QObject const*, int, QMetaObject const*, int, int*) 0xb936f0b40> [96]

STACK OF 1 INSTANCE OF 'ROOT CYCLE: <malloc in QMetaObjectPrivate::connect(QObject const*, int, QMetaObject const*, QObject const*, int, QMetaObject const*, int, int*)>':
11  dyld                                  0x1972c1d54 start + 7184
10  org.itksnap                           0x100ab3a2c main + 6728  main.cxx:1083
9   org.itksnap                           0x100cfd858 MainImageWindow::Initialize(GlobalUIModel*) + 360  MainImageWindow.cxx:502
8   org.itksnap                           0x100d2e7d0 PreferencesDialog::SetModel(GlobalPreferencesModel*) + 2376  PreferencesDialog.cxx:163
7   org.itksnap                           0x100d2fe20 PreferencesDialog::UpdateColorMapPresets() + 76  PreferencesDialog.cxx:442
6   org.itksnap                           0x100c0e0cc QtColorMapPresetHelper::PopulateColorMapPresetCombo(QComboBox*, ColorMapModel*) + 184  SNAPQtCommon.cxx:173
5   org.qt-project.QtGui                  0x110d07f70 QStandardItemModel::QStandardItemModel(QObject*) + 268
4   org.qt-project.QtCore                 0x111f53324 QObject::connect(QObject const*, char const*, QObject const*, char const*, Qt::ConnectionType) + 1464
3   org.qt-project.QtCore                 0x111f53d74 QMetaObjectPrivate::connect(QObject const*, int, QMetaObject const*, QObject const*, int, QMetaObject const*, int, int*) + 448
2   libc++abi.dylib                       0x197643a78 operator new(unsigned long) + 52
1   libsystem_malloc.dylib                0x19749f7d8 _malloc + 88
0   libsystem_malloc.dylib                0x1974b7f44 _malloc_zone_malloc_instrumented_or_legacy + 152 
====
    111 (14.4K) ROOT CYCLE: <malloc in QMetaObjectPrivate::connect(QObject const*, int, QMetaObject const*, QObject const*, int, QMetaObject const*, int, int*) 0xb9373ee80> [96]
       108 (13.6K) ROOT CYCLE: <QStandardItemModel 0xb9243bfc0> [32]
          107 (13.6K) ROOT CYCLE: <QStandardItemModelPrivate 0xb936ba6c0> [320]
             99 (10.8K) ROOT CYCLE: <QStandardItem 0xb8e9e63e0> [32]
                98 (10.8K) ROOT CYCLE: <malloc in QStandardItemModel::QStandardItemModel(QObject*) 0xb8eaa4060> [96]
                   96 (10.6K) ROOT CYCLE: <realloc in QArrayData::reallocateUnaligned(QArrayData*, void*, long long, long long, QArrayData::AllocationOption) 0xb936bbc00> [320]
                      6 (656 bytes) ROOT CYCLE: <QStandardItem 0xb8efa1600> [32]
                         5 (624 bytes) ROOT CYCLE: <malloc in QStandardItem::QStandardItem(QIcon const&, QString const&) 0xb8eaa4660> [96]
                            4 (528 bytes) <realloc in QArrayData::reallocateUnaligned(QArrayData*, void*, long long, long long, QArrayData::AllocationOption) 0xb936bbe80> [320]
                               1 (112 bytes) <malloc in QArrayData::allocate2(QArrayData**, long long, QArrayData::AllocationOption) 0xb93720700> [112]
                               2 (96 bytes) <malloc in QVariant::fromMetaType(QMetaType, void const*) 0xb93713510> [48]
                                  1 (48 bytes) <malloc in std::basic_string<char>::basic_string(std::basic_string<char> const&) 0x53003ffc0> [48]
                      6 (656 bytes) ROOT CYCLE: <QStandardItem 0xb8efa1620> [32]
                         5 (624 bytes) ROOT CYCLE: <malloc in QStandardItem::QStandardItem(QIcon const&, QString const&) 0xb8eaa46c0> [96]
                            4 (528 bytes) <realloc in QArrayData::reallocateUnaligned(QArrayData*, void*, long long, long long, QArrayData::AllocationOption) 0xb9226d400> [320]
                               1 (112 bytes) <malloc in QArrayData::allocate2(QArrayData**, long long, QArrayData::AllocationOption) 0xb93720770> [112]
                               2 (96 bytes) <malloc in QVariant::fromMetaType(QMetaType, void const*) 0xb93713540> [48]
                                  1 (48 bytes) <malloc in std::basic_string<char>::basic_string(std::basic_string<char> const&) 0x530143fc0> [48]
                      5 (576 bytes) ROOT CYCLE: <QStandardItem 0xb8efa15c0> [32]
                         4 (544 bytes) ROOT CYCLE: <malloc in QStandardItem::QStandardItem(QIcon const&, QString const&) 0xb8eaa45a0> [96]
                            3 (448 bytes) <realloc in QArrayData::reallocateUnaligned(QArrayData*, void*, long long, long long, QArrayData::AllocationOption) 0xb936bb980> [320]
                               1 (80 bytes) <malloc in QArrayData::allocate2(QArrayData**, long long, QArrayData::AllocationOption) 0xb8eaa0280> [80]
                               1 (48 bytes) <malloc in QVariant::fromMetaType(QMetaType, void const*) 0xb937134b0> [48]
                      5 (576 bytes) ROOT CYCLE: <QStandardItem 0xb8efa15e0> [32]
                         4 (544 bytes) ROOT CYCLE: <malloc in QStandardItem::QStandardItem(QIcon const&, QString const&) 0xb8eaa4600> [96]
                            3 (448 bytes) <realloc in QArrayData::reallocateUnaligned(QArrayData*, void*, long long, long long, QArrayData::AllocationOption) 0xb936bbac0> [320]
                               1 (80 bytes) <malloc in QArrayData::allocate2(QArrayData**, long long, QArrayData::AllocationOption) 0xb8eaa02d0> [80]
                               1 (48 bytes) <malloc in QVariant::fromMetaType(QMetaType, void const*) 0xb937134e0> [48]
                      5 (560 bytes) ROOT CYCLE: <QStandardItem 0xb8efa14a0> [32]
                         4 (528 bytes) ROOT CYCLE: <malloc in QStandardItem::QStandardItem(QIcon const&, QString const&) 0xb8eaa4240> [96]
                            3 (432 bytes) <realloc in QArrayData::reallocateUnaligned(QArrayData*, void*, long long, long long, QArrayData::AllocationOption) 0xb936bae40> [320]
                               1 (64 bytes) <malloc in QArrayData::allocate2(QArrayData**, long long, QArrayData::AllocationOption) 0xb8e9b7440> [64]
                               1 (48 bytes) <malloc in QVariant::fromMetaType(QMetaType, void const*) 0xb93713300> [48]
                      5 (560 bytes) ROOT CYCLE: <QStandardItem 0xb8efa14c0> [32]
                         4 (528 bytes) ROOT CYCLE: <malloc in QStandardItem::QStandardItem(QIcon const&, QString const&) 0xb8eaa42a0> [96]
                            3 (432 bytes) <realloc in QArrayData::reallocateUnaligned(QArrayData*, void*, long long, long long, QArrayData::AllocationOption) 0xb936baf80> [320]
                               1 (64 bytes) <malloc in QArrayData::allocate2(QArrayData**, long long, QArrayData::AllocationOption) 0xb8e9b7480> [64]
                               1 (48 bytes) <malloc in QVariant::fromMetaType(QMetaType, void const*) 0xb93713330> [48]
                      5 (560 bytes) ROOT CYCLE: <QStandardItem 0xb8efa14e0> [32]
                         4 (528 bytes) ROOT CYCLE: <malloc in QStandardItem::QStandardItem(QIcon const&, QString const&) 0xb8eaa4300> [96]
                            3 (432 bytes) <realloc in QArrayData::reallocateUnaligned(QArrayData*, void*, long long, long long, QArrayData::AllocationOption) 0xb936bb0c0> [320]
                               1 (64 bytes) <malloc in QArrayData::allocate2(QArrayData**, long long, QArrayData::AllocationOption) 0xb8e9b74c0> [64]
                               1 (48 bytes) <malloc in QVariant::fromMetaType(QMetaType, void const*) 0xb93713360> [48]
                      5 (560 bytes) ROOT CYCLE: <QStandardItem 0xb8efa1640> [32]
                         4 (528 bytes) ROOT CYCLE: <malloc in QStandardItem::QStandardItem(QIcon const&, QString const&) 0xb8eaa4720> [96]
                            3 (432 bytes) <realloc in QArrayData::reallocateUnaligned(QArrayData*, void*, long long, long long, QArrayData::AllocationOption) 0xb93754000> [320]
                               1 (64 bytes) <malloc in QArrayData::allocate2(QArrayData**, long long, QArrayData::AllocationOption) 0xb8e9b7500> [64]
                               1 (48 bytes) <malloc in QVariant::fromMetaType(QMetaType, void const*) 0xb93713570> [48]
                      5 (544 bytes) ROOT CYCLE: <QStandardItem 0xb8efa13a0> [32]
                         4 (512 bytes) ROOT CYCLE: <malloc in QStandardItem::QStandardItem(QIcon const&, QString const&) 0xb8eaa40c0> [96]
                            3 (416 bytes) <realloc in QArrayData::reallocateUnaligned(QArrayData*, void*, long long, long long, QArrayData::AllocationOption) 0xb936ba940> [320]
                               1 (48 bytes) <malloc in QArrayData::allocate2(QArrayData**, long long, QArrayData::AllocationOption) 0xb8ea89680> [48]
                               1 (48 bytes) <malloc in QVariant::fromMetaType(QMetaType, void const*) 0xb93713240> [48]
                      5 (544 bytes) ROOT CYCLE: <QStandardItem 0xb8efa1480> [32]
                         4 (512 bytes) ROOT CYCLE: <malloc in QStandardItem::QStandardItem(QIcon const&, QString const&) 0xb8eaa41e0> [96]
                            3 (416 bytes) <realloc in QArrayData::reallocateUnaligned(QArrayData*, void*, long long, long long, QArrayData::AllocationOption) 0xb936bad00> [320]
                               1 (48 bytes) <malloc in QArrayData::allocate2(QArrayData**, long long, QArrayData::AllocationOption) 0xb8ea896b0> [48]
                               1 (48 bytes) <malloc in QVariant::fromMetaType(QMetaType, void const*) 0xb937132d0> [48]
                      5 (544 bytes) ROOT CYCLE: <QStandardItem 0xb8efa1500> [32]
                         4 (512 bytes) ROOT CYCLE: <malloc in QStandardItem::QStandardItem(QIcon const&, QString const&) 0xb8eaa4360> [96]
                            3 (416 bytes) <realloc in QArrayData::reallocateUnaligned(QArrayData*, void*, long long, long long, QArrayData::AllocationOption) 0xb936bb200> [320]
                               1 (48 bytes) <malloc in QArrayData::allocate2(QArrayData**, long long, QArrayData::AllocationOption) 0xb8ea89740> [48]
                               1 (48 bytes) <malloc in QVariant::fromMetaType(QMetaType, void const*) 0xb93713390> [48]
                      5 (544 bytes) ROOT CYCLE: <QStandardItem 0xb8efa1520> [32]
                         4 (512 bytes) ROOT CYCLE: <malloc in QStandardItem::QStandardItem(QIcon const&, QString const&) 0xb8eaa43c0> [96]
                            3 (416 bytes) <realloc in QArrayData::reallocateUnaligned(QArrayData*, void*, long long, long long, QArrayData::AllocationOption) 0xb936bb340> [320]
                               1 (48 bytes) <malloc in QArrayData::allocate2(QArrayData**, long long, QArrayData::AllocationOption) 0xb8ea89710> [48]
                               1 (48 bytes) <malloc in QVariant::fromMetaType(QMetaType, void const*) 0xb937133c0> [48]
                      5 (544 bytes) ROOT CYCLE: <QStandardItem 0xb8efa1540> [32]
                         4 (512 bytes) ROOT CYCLE: <malloc in QStandardItem::QStandardItem(QIcon const&, QString const&) 0xb8eaa4420> [96]
                            3 (416 bytes) <realloc in QArrayData::reallocateUnaligned(QArrayData*, void*, long long, long long, QArrayData::AllocationOption) 0xb936bb480> [320]
                               1 (48 bytes) <malloc in QArrayData::allocate2(QArrayData**, long long, QArrayData::AllocationOption) 0xb8ea89770> [48]
                               1 (48 bytes) <malloc in QVariant::fromMetaType(QMetaType, void const*) 0xb937133f0> [48]
                      5 (544 bytes) ROOT CYCLE: <QStandardItem 0xb8efa1560> [32]
                         4 (512 bytes) ROOT CYCLE: <malloc in QStandardItem::QStandardItem(QIcon const&, QString const&) 0xb8eaa4480> [96]
                            3 (416 bytes) <realloc in QArrayData::reallocateUnaligned(QArrayData*, void*, long long, long long, QArrayData::AllocationOption) 0xb936bb5c0> [320]
                               1 (48 bytes) <malloc in QArrayData::allocate2(QArrayData**, long long, QArrayData::AllocationOption) 0xb8ea897a0> [48]
                               1 (48 bytes) <malloc in QVariant::fromMetaType(QMetaType, void const*) 0xb93713420> [48]
                      5 (544 bytes) ROOT CYCLE: <QStandardItem 0xb8efa1580> [32]
                         4 (512 bytes) ROOT CYCLE: <malloc in QStandardItem::QStandardItem(QIcon const&, QString const&) 0xb8eaa44e0> [96]
                            3 (416 bytes) <realloc in QArrayData::reallocateUnaligned(QArrayData*, void*, long long, long long, QArrayData::AllocationOption) 0xb936bb700> [320]
                               1 (48 bytes) <malloc in QArrayData::allocate2(QArrayData**, long long, QArrayData::AllocationOption) 0xb8ea897d0> [48]
                               1 (48 bytes) <malloc in QVariant::fromMetaType(QMetaType, void const*) 0xb93713450> [48]
                      5 (528 bytes) ROOT CYCLE: <QStandardItem 0xb8efa1440> [32]
                         4 (496 bytes) ROOT CYCLE: <malloc in QStandardItem::QStandardItem(QIcon const&, QString const&) 0xb8eaa4120> [96]
                            3 (400 bytes) <realloc in QArrayData::reallocateUnaligned(QArrayData*, void*, long long, long long, QArrayData::AllocationOption) 0xb936baa80> [320]
                               1 (48 bytes) <malloc in QVariant::fromMetaType(QMetaType, void const*) 0xb93713270> [48]
                               1 (32 bytes) <malloc in QArrayData::allocate2(QArrayData**, long long, QArrayData::AllocationOption) 0xb8ea9c1e0> [32]
                      5 (528 bytes) ROOT CYCLE: <QStandardItem 0xb8efa1460> [32]
                         4 (496 bytes) ROOT CYCLE: <malloc in QStandardItem::QStandardItem(QIcon const&, QString const&) 0xb8eaa4180> [96]
                            3 (400 bytes) <realloc in QArrayData::reallocateUnaligned(QArrayData*, void*, long long, long long, QArrayData::AllocationOption) 0xb936babc0> [320]
                               1 (48 bytes) <malloc in QVariant::fromMetaType(QMetaType, void const*) 0xb937132a0> [48]
                               1 (32 bytes) <malloc in QArrayData::allocate2(QArrayData**, long long, QArrayData::AllocationOption) 0xb8ea9c200> [32]
                      5 (528 bytes) ROOT CYCLE: <QStandardItem 0xb8efa15a0> [32]
                         4 (496 bytes) ROOT CYCLE: <malloc in QStandardItem::QStandardItem(QIcon const&, QString const&) 0xb8eaa4540> [96]
                            3 (400 bytes) <realloc in QArrayData::reallocateUnaligned(QArrayData*, void*, long long, long long, QArrayData::AllocationOption) 0xb936bb840> [320]
                               1 (48 bytes) <malloc in QVariant::fromMetaType(QMetaType, void const*) 0xb93713480> [48]
                               1 (32 bytes) <malloc in QArrayData::allocate2(QArrayData**, long long, QArrayData::AllocationOption) 0xb8ea9c1a0> [32]
                      3 (448 bytes) ROOT CYCLE: <QStandardItem 0xb9243bf80> [32]
                         2 (416 bytes) ROOT CYCLE: <malloc in QStandardItem::QStandardItem(QString const&) 0xb93749020> [96]
                            1 (320 bytes) <realloc in QArrayData::reallocateUnaligned(QArrayData*, void*, long long, long long, QArrayData::AllocationOption) 0xb93754140> [320]
                   1 (64 bytes) <malloc in QArrayData::allocate(QArrayData**, long long, long long, long long, QArrayData::AllocationOption) 0xb8e9b73c0> [64]
             3 (1.98K) ROOT CYCLE: <malloc in QHashPrivate::Data<QHashPrivate::MultiNode<QtPrivate::QModelIndexWrapper, QPersistentModelIndexData*>>::detached(QHashPrivate::Data<QHashPrivate::MultiNode<QtPrivate::QModelIndexWrapper, QPersistentModelIndexData*>>*) 0xb937135a0> [48]
                2 (1.94K) ROOT CYCLE: <malloc in QHashPrivate::Data<QHashPrivate::MultiNode<QtPrivate::QModelIndexWrapper, QPersistentModelIndexData*>>::detached(QHashPrivate::Data<QHashPrivate::MultiNode<QtPrivate::QModelIndexWrapper, QPersistentModelIndexData*>>*) 0xb935cb300> [192]
                   1 (1.75K) ROOT CYCLE: <malloc in QHashPrivate::Data<QHashPrivate::MultiNode<QtPrivate::QModelIndexWrapper, QPersistentModelIndexData*>>::InsertionResult QHashPrivate::Data<QHashPrivate::MultiNode<QtPrivate::QModelIndexWrapper, QPersistentModelIndexData*>>::findOrInsert<QtPrivate::QModelIndexWrapper>(QtPrivate::QModelIndexWrapper const&) 0xb8ea20700> [1792]
             1 (320 bytes) <realloc in QArrayData::reallocateUnaligned(QArrayData*, void*, long long, long long, QArrayData::AllocationOption) 0xb936bbd40> [320]
             1 (80 bytes) <malloc in QArrayData::allocate(QArrayData**, long long, long long, long long, QArrayData::AllocationOption) 0xb8eaa0230> [80]
             1 (64 bytes) <malloc in QArrayData::allocate(QArrayData**, long long, long long, long long, QArrayData::AllocationOption) 0xb8e9b7400> [64]
             1 (48 bytes) <malloc in QArrayData::allocate(QArrayData**, long long, long long, long long, QArrayData::AllocationOption) 0xb8ea896e0> [48]
       2 (688 bytes) ROOT CYCLE: <malloc in QMetaObjectPrivate::connect(QObject const*, int, QMetaObject const*, QObject const*, int, QMetaObject const*, int, int*) 0xb9372f660> [48]
          CYCLE BACK TO <malloc in QMetaObjectPrivate::connect(QObject const*, int, QMetaObject const*, QObject const*, int, QMetaObject const*, int, int*) 0xb9373ee80> [96]
          1 (640 bytes) ROOT CYCLE: <malloc in QObjectPrivate::ConnectionData::resizeSignalVector(unsigned long) 0xb8e965b80> [640]
             CYCLE BACK TO <malloc in QMetaObjectPrivate::connect(QObject const*, int, QMetaObject const*, QObject const*, int, QMetaObject const*, int, int*) 0xb9373ee80> [96]

STACK OF 1 INSTANCE OF 'ROOT CYCLE: <malloc in QObjectPrivate::ConnectionData::resizeSignalVector(unsigned long)>':
11  dyld                                  0x1972c1d54 start + 7184
10  org.itksnap                           0x100ab3a04 main + 6688  main.cxx:1082
9   org.itksnap                           0x100cfd5bc MainImageWindow::MainImageWindow(QWidget*) + 36  MainImageWindow.cxx:176
8   org.itksnap                           0x100ceded4 MainImageWindow::MainImageWindow(QWidget*) + 2344  MainImageWindow.cxx:283
7   org.itksnap                           0x100d2dd30 PreferencesDialog::PreferencesDialog(QWidget*) + 36  PreferencesDialog.cxx:36
6   org.itksnap                           0x100d1e37c PreferencesDialog::PreferencesDialog(QWidget*) + 3252  PreferencesDialog.cxx:89
5   org.qt-project.QtWidgets              0x1105ac6fc QTreeView::setModel(QAbstractItemModel*) + 308
4   org.qt-project.QtWidgets              0x110550bf8 QHeaderView::setModel(QAbstractItemModel*) + 668
3   org.qt-project.QtCore                 0x111f5b1f4 QObject::connectImpl(QObject const*, void**, QObject const*, void**, QtPrivate::QSlotObjectBase*, Qt::ConnectionType, int const*, QMetaObject const*) + 412
2   org.qt-project.QtCore                 0x111f58158 QObjectPrivate::connectImpl(QObject const*, int, QObject const*, void**, QtPrivate::QSlotObjectBase*, int, int const*, QMetaObject const*) + 760
1   org.qt-project.QtCore                 0x111f5cf80 QObjectPrivate::ConnectionData::resizeSignalVector(unsigned long) + 116
0   libsystem_malloc.dylib                0x1974b7f44 _malloc_zone_malloc_instrumented_or_legacy + 152 
====
    125 (12.8K) ROOT CYCLE: <malloc in QObjectPrivate::ConnectionData::resizeSignalVector(unsigned long) 0xb8e964c80> [640]
       124 (12.1K) ROOT CYCLE: <malloc in QMetaObjectPrivate::connect(QObject const*, int, QMetaObject const*, QObject const*, int, QMetaObject const*, int, int*) 0xb935e69a0> [96]
          122 (12.0K) ROOT CYCLE: <QStandardItemModel 0xb92373e20> [32]
             121 (12.0K) ROOT CYCLE: <QStandardItemModelPrivate 0xb9353fd40> [320]
                113 (9.41K) ROOT CYCLE: <QStandardItem 0xb8f25bd20> [32]
                   112 (9.38K) ROOT CYCLE: <malloc in QStandardItemModel::QStandardItemModel(QObject*) 0xb901e4720> [96]
                      110 (9.22K) ROOT CYCLE: <realloc in QArrayData::reallocateUnaligned(QArrayData*, void*, long long, long long, QArrayData::AllocationOption) 0xb8ef9d860> [80]
                         37 (2.95K) ROOT CYCLE: <QStandardItem 0xb8f25bd40> [32]
                            36 (2.92K) ROOT CYCLE: <malloc in QStandardItem::QStandardItem(QString const&) 0xb936b5920> [96]
                               33 (2.47K) ROOT CYCLE: <realloc in QArrayData::reallocateUnaligned(QArrayData*, void*, long long, long long, QArrayData::AllocationOption) 0xb9367bd40> [160]
                                  4 (320 bytes) ROOT CYCLE: <QStandardItem 0xb92373ee0> [32]
                                     3 (288 bytes) ROOT CYCLE: <malloc in QStandardItem::QStandardItem(QString const&) 0xb936b5b60> [96]
                                        2 (192 bytes) <realloc in QArrayData::reallocateUnaligned(QArrayData*, void*, long long, long long, QArrayData::AllocationOption) 0xb90a87e90> [112]
                                           1 (80 bytes) <malloc in QArrayData::allocate2(QArrayData**, long long, QArrayData::AllocationOption) 0xb8e942a80> [80]
                                  4 (304 bytes) ROOT CYCLE: <QStandardItem 0xb92373ea0> [32]
                                     3 (272 bytes) ROOT CYCLE: <malloc in QStandardItem::QStandardItem(QString const&) 0xb936b5aa0> [96]
                                        2 (176 bytes) <realloc in QArrayData::reallocateUnaligned(QArrayData*, void*, long long, long long, QArrayData::AllocationOption) 0xb90a87db0> [112]
                                           1 (64 bytes) <malloc in QArrayData::allocate2(QArrayData**, long long, QArrayData::AllocationOption) 0xb8e9b4080> [64]
                                  4 (304 bytes) ROOT CYCLE: <QStandardItem 0xb92373f20> [32]
                                     3 (272 bytes) ROOT CYCLE: <malloc in QStandardItem::QStandardItem(QString const&) 0xb936b5c20> [96]
                                        2 (176 bytes) <realloc in QArrayData::reallocateUnaligned(QArrayData*, void*, long long, long long, QArrayData::AllocationOption) 0xb90a87f70> [112]
                                           1 (64 bytes) <malloc in QArrayData::allocate2(QArrayData**, long long, QArrayData::AllocationOption) 0xb8e9b40c0> [64]
                                  4 (288 bytes) ROOT CYCLE: <QStandardItem 0xb92373e40> [32]
                                     3 (256 bytes) ROOT CYCLE: <malloc in QStandardItem::QStandardItem(QString const&) 0xb936b5980> [96]
                                        2 (160 bytes) <realloc in QArrayData::reallocateUnaligned(QArrayData*, void*, long long, long long, QArrayData::AllocationOption) 0xb90a87c60> [112]
                                           1 (48 bytes) <malloc in QArrayData::allocate2(QArrayData**, long long, QArrayData::AllocationOption) 0xb8e913ba0> [48]
                                  4 (288 bytes) ROOT CYCLE: <QStandardItem 0xb92373e60> [32]
                                     3 (256 bytes) ROOT CYCLE: <malloc in QStandardItem::QStandardItem(QString const&) 0xb936b59e0> [96]
                                        2 (160 bytes) <realloc in QArrayData::reallocateUnaligned(QArrayData*, void*, long long, long long, QArrayData::AllocationOption) 0xb90a87cd0> [112]
                                           1 (48 bytes) <malloc in QArrayData::allocate2(QArrayData**, long long, QArrayData::AllocationOption) 0xb8e913b70> [48]
                                  4 (288 bytes) ROOT CYCLE: <QStandardItem 0xb92373e80> [32]
                                     3 (256 bytes) ROOT CYCLE: <malloc in QStandardItem::QStandardItem(QString const&) 0xb936b5a40> [96]
                                        2 (160 bytes) <realloc in QArrayData::reallocateUnaligned(QArrayData*, void*, long long, long long, QArrayData::AllocationOption) 0xb90a87d40> [112]
                                           1 (48 bytes) <malloc in QArrayData::allocate2(QArrayData**, long long, QArrayData::AllocationOption) 0xb8e913d20> [48]
                                  4 (288 bytes) ROOT CYCLE: <QStandardItem 0xb92373ec0> [32]
                                     3 (256 bytes) ROOT CYCLE: <malloc in QStandardItem::QStandardItem(QString const&) 0xb936b5b00> [96]
                                        2 (160 bytes) <realloc in QArrayData::reallocateUnaligned(QArrayData*, void*, long long, long long, QArrayData::AllocationOption) 0xb90a87e20> [112]
                                           1 (48 bytes) <malloc in QArrayData::allocate2(QArrayData**, long long, QArrayData::AllocationOption) 0xb8e913c00> [48]
                                  4 (288 bytes) ROOT CYCLE: <QStandardItem 0xb92373f00> [32]
                                     3 (256 bytes) ROOT CYCLE: <malloc in QStandardItem::QStandardItem(QString const&) 0xb936b5bc0> [96]
                                        2 (160 bytes) <realloc in QArrayData::reallocateUnaligned(QArrayData*, void*, long long, long long, QArrayData::AllocationOption) 0xb90a87f00> [112]
                                           1 (48 bytes) <malloc in QArrayData::allocate2(QArrayData**, long long, QArrayData::AllocationOption) 0xb8e913c60> [48]
                               2 (368 bytes) <realloc in QArrayData::reallocateUnaligned(QArrayData*, void*, long long, long long, QArrayData::AllocationOption) 0xb9353fe80> [320]
                                  1 (48 bytes) <malloc in QArrayData::allocate2(QArrayData**, long long, QArrayData::AllocationOption) 0xb8e913c90> [48]
                         21 (1.78K) ROOT CYCLE: <QStandardItem 0xb8f25bda0> [32]
                            20 (1.75K) ROOT CYCLE: <malloc in QStandardItem::QStandardItem(QString const&) 0xb936b5f80> [96]
                               17 (1.28K) ROOT CYCLE: <realloc in QArrayData::reallocateUnaligned(QArrayData*, void*, long long, long long, QArrayData::AllocationOption) 0xb8ef9d950> [80]
                                  4 (320 bytes) ROOT CYCLE: <QStandardItem 0xb92438120> [32]
                                     3 (288 bytes) ROOT CYCLE: <malloc in QStandardItem::QStandardItem(QString const&) 0xb936b6100> [96]
                                        2 (192 bytes) <realloc in QArrayData::reallocateUnaligned(QArrayData*, void*, long long, long long, QArrayData::AllocationOption) 0xb8e9b80e0> [112]
                                           1 (80 bytes) <malloc in QArrayData::allocate2(QArrayData**, long long, QArrayData::AllocationOption) 0xb8e942b20> [80]
                                  4 (304 bytes) ROOT CYCLE: <QStandardItem 0xb924380c0> [32]
                                     3 (272 bytes) ROOT CYCLE: <malloc in QStandardItem::QStandardItem(QString const&) 0xb936b5fe0> [96]
                                        2 (176 bytes) <realloc in QArrayData::reallocateUnaligned(QArrayData*, void*, long long, long long, QArrayData::AllocationOption) 0xb90a73a30> [112]
                                           1 (64 bytes) <malloc in QArrayData::allocate2(QArrayData**, long long, QArrayData::AllocationOption) 0xb8e9b41c0> [64]
                                  4 (304 bytes) ROOT CYCLE: <QStandardItem 0xb924380e0> [32]
                                     3 (272 bytes) ROOT CYCLE: <malloc in QStandardItem::QStandardItem(QString const&) 0xb936b6040> [96]
                                        2 (176 bytes) <realloc in QArrayData::reallocateUnaligned(QArrayData*, void*, long long, long long, QArrayData::AllocationOption) 0xb8e9b8000> [112]
                                           1 (64 bytes) <malloc in QArrayData::allocate2(QArrayData**, long long, QArrayData::AllocationOption) 0xb8e9b4200> [64]
                                  4 (304 bytes) ROOT CYCLE: <QStandardItem 0xb92438100> [32]
                                     3 (272 bytes) ROOT CYCLE: <malloc in QStandardItem::QStandardItem(QString const&) 0xb936b60a0> [96]
                                        2 (176 bytes) <realloc in QArrayData::reallocateUnaligned(QArrayData*, void*, long long, long long, QArrayData::AllocationOption) 0xb8e9b8070> [112]
                                           1 (64 bytes) <malloc in QArrayData::allocate2(QArrayData**, long long, QArrayData::AllocationOption) 0xb8e9b4240> [64]
                               2 (384 bytes) <realloc in QArrayData::reallocateUnaligned(QArrayData*, void*, long long, long long, QArrayData::AllocationOption) 0xb936b8000> [320]
                                  1 (64 bytes) <malloc in QArrayData::allocate2(QArrayData**, long long, QArrayData::AllocationOption) 0xb8e9b4180> [64]
                         17 (1.53K) ROOT CYCLE: <QStandardItem 0xb8f25bdc0> [32]
                            16 (1.50K) ROOT CYCLE: <malloc in QStandardItem::QStandardItem(QString const&) 0xb936b6160> [96]
                               13 (1.03K) ROOT CYCLE: <realloc in QArrayData::reallocateUnaligned(QArrayData*, void*, long long, long long, QArrayData::AllocationOption) 0xb8ef9d9a0> [80]
                                  4 (336 bytes) ROOT CYCLE: <QStandardItem 0xb92438160> [32]
                                     3 (304 bytes) ROOT CYCLE: <malloc in QStandardItem::QStandardItem(QString const&) 0xb936b6220> [96]
                                        2 (208 bytes) <realloc in QArrayData::reallocateUnaligned(QArrayData*, void*, long long, long long, QArrayData::AllocationOption) 0xb8e9b81c0> [112]
                                           1 (96 bytes) <malloc in QArrayData::allocate2(QArrayData**, long long, QArrayData::AllocationOption) 0xb935e6a00> [96]
                                  4 (320 bytes) ROOT CYCLE: <QStandardItem 0xb92438140> [32]
                                     3 (288 bytes) ROOT CYCLE: <malloc in QStandardItem::QStandardItem(QString const&) 0xb936b61c0> [96]
                                        2 (192 bytes) <realloc in QArrayData::reallocateUnaligned(QArrayData*, void*, long long, long long, QArrayData::AllocationOption) 0xb8e9b8150> [112]
                                           1 (80 bytes) <malloc in QArrayData::allocate2(QArrayData**, long long, QArrayData::AllocationOption) 0xb8e942b70> [80]
                                  4 (320 bytes) ROOT CYCLE: <QStandardItem 0xb92438180> [32]
                                     3 (288 bytes) ROOT CYCLE: <malloc in QStandardItem::QStandardItem(QString const&) 0xb936b6280> [96]
                                        2 (192 bytes) <realloc in QArrayData::reallocateUnaligned(QArrayData*, void*, long long, long long, QArrayData::AllocationOption) 0xb8e9b8230> [112]
                                           1 (80 bytes) <malloc in QArrayData::allocate2(QArrayData**, long long, QArrayData::AllocationOption) 0xb8e942bc0> [80]
                               2 (384 bytes) <realloc in QArrayData::reallocateUnaligned(QArrayData*, void*, long long, long long, QArrayData::AllocationOption) 0xb936b8140> [320]
                                  1 (64 bytes) <malloc in QArrayData::allocate2(QArrayData**, long long, QArrayData::AllocationOption) 0xb8e9b4280> [64]
                         17 (1.45K) ROOT CYCLE: <QStandardItem 0xb8f25bd80> [32]
                            16 (1.42K) ROOT CYCLE: <malloc in QStandardItem::QStandardItem(QString const&) 0xb936b5e00> [96]
                               13 (976 bytes) ROOT CYCLE: <realloc in QArrayData::reallocateUnaligned(QArrayData*, void*, long long, long long, QArrayData::AllocationOption) 0xb8ef9d900> [80]
                                  4 (320 bytes) ROOT CYCLE: <QStandardItem 0xb92438080> [32]
                                     3 (288 bytes) ROOT CYCLE: <malloc in QStandardItem::QStandardItem(QString const&) 0xb936b5ec0> [96]
                                        2 (192 bytes) <realloc in QArrayData::reallocateUnaligned(QArrayData*, void*, long long, long long, QArrayData::AllocationOption) 0xb90a73bf0> [112]
                                           1 (80 bytes) <malloc in QArrayData::allocate2(QArrayData**, long long, QArrayData::AllocationOption) 0xb8e942ad0> [80]
                                  4 (288 bytes) ROOT CYCLE: <QStandardItem 0xb92438060> [32]
                                     3 (256 bytes) ROOT CYCLE: <malloc in QStandardItem::QStandardItem(QString const&) 0xb936b5e60> [96]
                                        2 (160 bytes) <realloc in QArrayData::reallocateUnaligned(QArrayData*, void*, long long, long long, QArrayData::AllocationOption) 0xb90a73db0> [112]
                                           1 (48 bytes) <malloc in QArrayData::allocate2(QArrayData**, long long, QArrayData::AllocationOption) 0xb8e913e70> [48]
                                  4 (288 bytes) ROOT CYCLE: <QStandardItem 0xb924380a0> [32]
                                     3 (256 bytes) ROOT CYCLE: <malloc in QStandardItem::QStandardItem(QString const&) 0xb936b5f20> [96]
                                        2 (160 bytes) <realloc in QArrayData::reallocateUnaligned(QArrayData*, void*, long long, long long, QArrayData::AllocationOption) 0xb90a739c0> [112]
                                           1 (48 bytes) <malloc in QArrayData::allocate2(QArrayData**, long long, QArrayData::AllocationOption) 0xb8e913d50> [48]
                               2 (384 bytes) <realloc in QArrayData::reallocateUnaligned(QArrayData*, void*, long long, long long, QArrayData::AllocationOption) 0xb92f243c0> [320]
                                  1 (64 bytes) <malloc in QArrayData::allocate2(QArrayData**, long long, QArrayData::AllocationOption) 0xb8e9b4140> [64]
                         17 (1.42K) ROOT CYCLE: <QStandardItem 0xb8f25bd60> [32]
                            16 (1.39K) ROOT CYCLE: <malloc in QStandardItem::QStandardItem(QString const&) 0xb936b5c80> [96]
                               13 (960 bytes) ROOT CYCLE: <realloc in QArrayData::reallocateUnaligned(QArrayData*, void*, long long, long long, QArrayData::AllocationOption) 0xb8ef9d810> [80]
                                  4 (304 bytes) ROOT CYCLE: <QStandardItem 0xb92438040> [32]
                                     3 (272 bytes) ROOT CYCLE: <malloc in QStandardItem::QStandardItem(QString const&) 0xb936b5da0> [96]
                                        2 (176 bytes) <realloc in QArrayData::reallocateUnaligned(QArrayData*, void*, long long, long long, QArrayData::AllocationOption) 0xb90a73c60> [112]
                                           1 (64 bytes) <malloc in QArrayData::allocate2(QArrayData**, long long, QArrayData::AllocationOption) 0xb8e9b4100> [64]
                                  4 (288 bytes) ROOT CYCLE: <QStandardItem 0xb92438000> [32]
                                     3 (256 bytes) ROOT CYCLE: <malloc in QStandardItem::QStandardItem(QString const&) 0xb936b5ce0> [96]
                                        2 (160 bytes) <realloc in QArrayData::reallocateUnaligned(QArrayData*, void*, long long, long long, QArrayData::AllocationOption) 0xb90c8f410> [112]
                                           1 (48 bytes) <malloc in QArrayData::allocate2(QArrayData**, long long, QArrayData::AllocationOption) 0xb8e913de0> [48]
                                  4 (288 bytes) ROOT CYCLE: <QStandardItem 0xb92438020> [32]
                                     3 (256 bytes) ROOT CYCLE: <malloc in QStandardItem::QStandardItem(QString const&) 0xb936b5d40> [96]
                                        2 (160 bytes) <realloc in QArrayData::reallocateUnaligned(QArrayData*, void*, long long, long long, QArrayData::AllocationOption) 0xb90c8f3a0> [112]
                                           1 (48 bytes) <malloc in QArrayData::allocate2(QArrayData**, long long, QArrayData::AllocationOption) 0xb8e913e10> [48]
                               2 (368 bytes) <realloc in QArrayData::reallocateUnaligned(QArrayData*, void*, long long, long long, QArrayData::AllocationOption) 0xb92f270c0> [320]
                                  1 (48 bytes) <malloc in QArrayData::allocate2(QArrayData**, long long, QArrayData::AllocationOption) 0xb8e913bd0> [48]
                      1 (64 bytes) <malloc in QArrayData::allocate(QArrayData**, long long, long long, long long, QArrayData::AllocationOption) 0xb8e89bfc0> [64]
                3 (1.98K) ROOT CYCLE: <malloc in QHashPrivate::Data<QHashPrivate::MultiNode<QtPrivate::QModelIndexWrapper, QPersistentModelIndexData*>>::detached(QHashPrivate::Data<QHashPrivate::MultiNode<QtPrivate::QModelIndexWrapper, QPersistentModelIndexData*>>*) 0xb93657b70> [48]
                   2 (1.94K) ROOT CYCLE: <malloc in QHashPrivate::Data<QHashPrivate::MultiNode<QtPrivate::QModelIndexWrapper, QPersistentModelIndexData*>>::detached(QHashPrivate::Data<QHashPrivate::MultiNode<QtPrivate::QModelIndexWrapper, QPersistentModelIndexData*>>*) 0xb935ca640> [192]
                      1 (1.75K) ROOT CYCLE: <malloc in QHashPrivate::Data<QHashPrivate::MultiNode<QtPrivate::QModelIndexWrapper, QPersistentModelIndexData*>>::InsertionResult QHashPrivate::Data<QHashPrivate::MultiNode<QtPrivate::QModelIndexWrapper, QPersistentModelIndexData*>>::findOrInsert<QtPrivate::QModelIndexWrapper>(QtPrivate::QModelIndexWrapper const&) 0xb8f274000> [1792]
                1 (64 bytes) ROOT CYCLE: <malloc in QArrayData::allocate(QArrayData**, long long, long long, long long, QArrayData::AllocationOption) 0xb8e9b4000> [64]
                1 (80 bytes) <malloc in QArrayData::allocate(QArrayData**, long long, long long, long long, QArrayData::AllocationOption) 0xb8e942a30> [80]
                1 (80 bytes) <realloc in QArrayData::reallocateUnaligned(QArrayData*, void*, long long, long long, QArrayData::AllocationOption) 0xb8ef9d8b0> [80]
                1 (48 bytes) <malloc in QArrayData::allocate(QArrayData**, long long, long long, long long, QArrayData::AllocationOption) 0xb8e913d80> [48]
          1 (48 bytes) ROOT CYCLE: <malloc in QMetaObjectPrivate::connect(QObject const*, int, QMetaObject const*, QObject const*, int, QMetaObject const*, int, int*) 0xb9365ba80> [48]
             CYCLE BACK TO <malloc in QObjectPrivate::ConnectionData::resizeSignalVector(unsigned long) 0xb8e964c80> [640]

STACK OF 2 INSTANCES OF 'ROOT CYCLE: <malloc in QtFrameBufferOpenGLWidget::initializeGL()>':
92  dyld                                  0x1972c1d54 start + 7184
91  org.itksnap                           0x100ab4e1c main + 11832  main.cxx:1348
90  org.qt-project.QtCore                 0x111f07198 QCoreApplication::exec() + 228
89  org.qt-project.QtCore                 0x111f10608 QEventLoop::exec(QFlags<QEventLoop::ProcessEventsFlag>) + 588
88  libqcocoa.dylib                       0x113ad14ec QCocoaEventDispatcher::processEvents(QFlags<QEventLoop::ProcessEventsFlag>) + 2152
87  com.apple.AppKit                      0x19bb3b780 -[NSApplication run] + 368
86  com.apple.AppKit                      0x19c609b98 -[NSApplication(NSEventRouting) nextEventMatchingMask:untilDate:inMode:dequeue:] + 72
85  com.apple.AppKit                      0x19c609e8c -[NSApplication(NSEventRouting) _nextEventMatchingEventMask:untilDate:inMode:dequeue:] + 688
84  com.apple.AppKit                      0x19bb42e48 _DPSNextEvent + 588
83  com.apple.AppKit                      0x19c045014 _DPSBlockUntilNextEventMatchingListInMode + 236
82  com.apple.HIToolbox                   0x1a43f2b64 _BlockUntilNextEventMatchingListInMode + 48
81  com.apple.HIToolbox                   0x1a4268ab8 ReceiveNextEventCommon + 488
80  com.apple.HIToolbox                   0x1a4265790 RunCurrentEventLoopInMode + 316
79  com.apple.CoreFoundation              0x1977e3f3c _CFRunLoopRunSpecificWithOptions + 532
78  com.apple.CoreFoundation              0x197729398 __CFRunLoopRun + 820
77  com.apple.CoreFoundation              0x19772a708 __CFRunLoopDoSources0 + 232
76  com.apple.CoreFoundation              0x19772a99c __CFRunLoopDoSource0 + 172
75  com.apple.CoreFoundation              0x19772aa08 __CFRUNLOOP_IS_CALLING_OUT_TO_A_SOURCE0_PERFORM_FUNCTION__ + 28
74  libqcocoa.dylib                       0x113ad3cc0 QCocoaEventDispatcherPrivate::postedEventsSourceCallback(void*) + 516
73  libqcocoa.dylib                       0x113ad2a08 QCocoaEventDispatcherPrivate::processPostedEvents() + 380
72  org.qt-project.QtCore                 0x111f07d84 QCoreApplicationPrivate::sendPostedEvents(QObject*, int, QThreadData*) + 628
71  org.itksnap                           0x100c0c8f4 SNAPQApplication::notify(QObject*, QEvent*) + 40  SNAPQApplication.cxx:58
70  org.qt-project.QtWidgets              0x1102a97d8 QApplication::notify(QObject*, QEvent*) + 468
69  org.qt-project.QtWidgets              0x1102a8758 QApplicationPrivate::notify_helper(QObject*, QEvent*) + 336
68  org.qt-project.QtCore                 0x111f50c14 QObject::event(QEvent*) + 324
67  org.qt-project.QtGui                  0x110d790c8 QAction::activate(QAction::ActionEvent) + 376
66  org.qt-project.QtCore                 0x111f592f4 void doActivate<false>(QObject*, int, void**) + 1312
65  org.itksnap                           0x100e1cc1c MainImageWindow::qt_metacall(QMetaObject::Call, int, void**) + 128  moc_MainImageWindow.cpp:551
64  org.itksnap                           0x100e1c4bc MainImageWindow::qt_static_metacall(QObject*, QMetaObject::Call, int, void**) + 448  moc_MainImageWindow.cpp:440
63  org.itksnap                           0x100d060e8 MainImageWindow::on_actionOpenMain_triggered() + 272  MainImageWindow.cxx:1811
62  org.qt-project.QtWidgets              0x1104d7354 QDialog::exec() + 508
61  org.qt-project.QtCore                 0x111f10608 QEventLoop::exec(QFlags<QEventLoop::ProcessEventsFlag>) + 588
60  libqcocoa.dylib                       0x113ad14b8 QCocoaEventDispatcher::processEvents(QFlags<QEventLoop::ProcessEventsFlag>) + 2100
59  com.apple.AppKit                      0x19c609b98 -[NSApplication(NSEventRouting) nextEventMatchingMask:untilDate:inMode:dequeue:] + 72
58  com.apple.AppKit                      0x19c609e8c -[NSApplication(NSEventRouting) _nextEventMatchingEventMask:untilDate:inMode:dequeue:] + 688
57  com.apple.AppKit                      0x19bb42e48 _DPSNextEvent + 588
56  com.apple.AppKit                      0x19c045014 _DPSBlockUntilNextEventMatchingListInMode + 236
55  com.apple.HIToolbox                   0x1a43f2b64 _BlockUntilNextEventMatchingListInMode + 48
54  com.apple.HIToolbox                   0x1a4268ab8 ReceiveNextEventCommon + 488
53  com.apple.HIToolbox                   0x1a4265790 RunCurrentEventLoopInMode + 316
52  com.apple.CoreFoundation              0x1977e3f3c _CFRunLoopRunSpecificWithOptions + 532
51  com.apple.CoreFoundation              0x197729398 __CFRunLoopRun + 820
50  com.apple.CoreFoundation              0x19772a76c __CFRunLoopDoSources0 + 332
49  com.apple.CoreFoundation              0x19772a99c __CFRunLoopDoSource0 + 172
48  com.apple.CoreFoundation              0x19772aa08 __CFRUNLOOP_IS_CALLING_OUT_TO_A_SOURCE0_PERFORM_FUNCTION__ + 28
47  libqcocoa.dylib                       0x113ad3cc0 QCocoaEventDispatcherPrivate::postedEventsSourceCallback(void*) + 516
46  libqcocoa.dylib                       0x113ad2a08 QCocoaEventDispatcherPrivate::processPostedEvents() + 380
45  org.qt-project.QtCore                 0x111f07d84 QCoreApplicationPrivate::sendPostedEvents(QObject*, int, QThreadData*) + 628
44  org.itksnap                           0x100c0c8f4 SNAPQApplication::notify(QObject*, QEvent*) + 40  SNAPQApplication.cxx:58
43  org.qt-project.QtWidgets              0x1102a97d8 QApplication::notify(QObject*, QEvent*) + 468
42  org.qt-project.QtWidgets              0x1102a8758 QApplicationPrivate::notify_helper(QObject*, QEvent*) + 336
41  org.qt-project.QtCore                 0x111f50c14 QObject::event(QEvent*) + 324
40  org.itksnap                           0x100e08ffc LatentITKEventNotifierHelper::qt_static_metacall(QObject*, QMetaObject::Call, int, void**) + 160  moc_LatentITKEventNotifier.cpp:84
39  org.itksnap                           0x100b4bc08 LatentITKEventNotifierHelper::onQueuedEvent() + 536  LatentITKEventNotifier.cxx:115
38  org.itksnap                           0x100e090e4 LatentITKEventNotifierHelper::dispatchEvent(EventBucket const&) + 48  moc_LatentITKEventNotifier.cpp:137
37  org.itksnap                           0x100e094cc void QMetaObject::activate<void, EventBucket>(QObject*, QMetaObject const*, int, void*, EventBucket const&) + 84  qobjectdefs.h:320
36  org.qt-project.QtCore                 0x111f5939c void doActivate<false>(QObject*, int, void**) + 1480
35  org.itksnap                           0x100e1c3d0 MainImageWindow::qt_static_metacall(QObject*, QMetaObject::Call, int, void**) + 212  moc_MainImageWindow.cpp:423
34  org.itksnap                           0x100d01890 MainImageWindow::onModelUpdate(EventBucket const&) + 1144  MainImageWindow.cxx:726
33  org.itksnap                           0x100cff81c MainImageWindow::UpdateMainLayout() + 100  MainImageWindow.cxx:805
32  org.qt-project.QtWidgets              0x1102da4bc QStackedLayout::setCurrentIndex(int) + 384
31  org.qt-project.QtWidgets              0x1102f5b6c QWidget::setVisible(bool) + 780
30  org.qt-project.QtWidgets              0x1102f6354 QWidgetPrivate::setVisible(bool) + 1432
29  org.qt-project.QtWidgets              0x1102f46d4 QWidgetPrivate::show_helper() + 100
28  org.qt-project.QtWidgets              0x1102f4d84 QWidgetPrivate::showChildren(bool) + 1076
27  org.qt-project.QtWidgets              0x1102f5b6c QWidget::setVisible(bool) + 780
26  org.qt-project.QtWidgets              0x1102f6354 QWidgetPrivate::setVisible(bool) + 1432
25  org.qt-project.QtWidgets              0x1102f46d4 QWidgetPrivate::show_helper() + 100
24  org.qt-project.QtWidgets              0x1102f4d84 QWidgetPrivate::showChildren(bool) + 1076
23  org.qt-project.QtWidgets              0x1102f5b6c QWidget::setVisible(bool) + 780
22  org.qt-project.QtWidgets              0x1102f6354 QWidgetPrivate::setVisible(bool) + 1432
21  org.qt-project.QtWidgets              0x1102f46d4 QWidgetPrivate::show_helper() + 100
20  org.qt-project.QtWidgets              0x1102f4d84 QWidgetPrivate::showChildren(bool) + 1076
19  org.qt-project.QtWidgets              0x1102f5b6c QWidget::setVisible(bool) + 780
18  org.qt-project.QtWidgets              0x1102f6354 QWidgetPrivate::setVisible(bool) + 1432
17  org.qt-project.QtWidgets              0x1102f46d4 QWidgetPrivate::show_helper() + 100
16  org.qt-project.QtWidgets              0x1102f4d84 QWidgetPrivate::showChildren(bool) + 1076
15  org.qt-project.QtWidgets              0x1102f5b6c QWidget::setVisible(bool) + 780
14  org.qt-project.QtWidgets              0x1102f6354 QWidgetPrivate::setVisible(bool) + 1432
13  org.qt-project.QtWidgets              0x1102f46b4 QWidgetPrivate::show_helper() + 68
12  org.qt-project.QtWidgets              0x1102ee858 QWidgetPrivate::sendPendingMoveAndResizeEvents(bool, bool) + 280
11  org.qt-project.QtCore                 0x111f07480 QCoreApplication::sendEvent(QObject*, QEvent*) + 168
10  org.itksnap                           0x100c0c8f4 SNAPQApplication::notify(QObject*, QEvent*) + 40  SNAPQApplication.cxx:58
9   org.qt-project.QtWidgets              0x1102a97d8 QApplication::notify(QObject*, QEvent*) + 468
8   org.qt-project.QtWidgets              0x1102a8758 QApplicationPrivate::notify_helper(QObject*, QEvent*) + 336
7   org.qt-project.QtOpenGLWidgets        0x10e2fa970 QOpenGLWidget::event(QEvent*) + 456
6   org.qt-project.QtWidgets              0x1102f6f24 QWidget::event(QEvent*) + 1932
5   org.qt-project.QtOpenGLWidgets        0x10e2fa248 QOpenGLWidget::resizeEvent(QResizeEvent*) + 80
4   org.qt-project.QtOpenGLWidgets        0x10e2f9038 QOpenGLWidgetPrivate::initialize() + 828
3   org.itksnap                           0x100bb6bb0 QtFrameBufferOpenGLWidget::initializeGL() + 52  QtFrameBufferOpenGLWidget.cxx:249
2   libc++abi.dylib                       0x197643a78 operator new(unsigned long) + 52
1   libsystem_malloc.dylib                0x19749f7d8 _malloc + 88
0   libsystem_malloc.dylib                0x1974b7f44 _malloc_zone_malloc_instrumented_or_legacy + 152 
====
    55 (5.58K) << TOTAL >>
      ----
      29 (2.84K) ROOT CYCLE: <malloc in QtFrameBufferOpenGLWidget::initializeGL() 0xb93f9c780> [320]
         2 (240 bytes) ROOT CYCLE: <QOpenGLVertexArrayObjectPrivate 0xb909ad8c0> [192]
            CYCLE BACK TO <malloc in QtFrameBufferOpenGLWidget::initializeGL() 0xb93f9c780> [320]
            1 (48 bytes) <malloc in QMetaObjectPrivate::connect(QObject const*, int, QMetaObject const*, QObject const*, int, QMetaObject const*, int, int*) 0xb93ec2a90> [48]
         23 (2.19K) <QOpenGLShaderProgram 0xb8e5c0100> [32]
            22 (2.16K) <QOpenGLShaderProgramPrivate 0xb93f9c8c0> [320]
               13 (1.08K) <malloc in QArrayData::allocate(QArrayData**, long long, long long, long long, QArrayData::AllocationOption) 0xb8e54b480> [48]
                  6 (528 bytes) <QOpenGLShader 0xb92deed40> [32]
                     5 (496 bytes) <QOpenGLShaderPrivate 0xb8fde7240> [192]
                        2 (240 bytes) <malloc in QMetaObjectPrivate::connect(QObject const*, int, QMetaObject const*, QObject const*, int, QMetaObject const*, int, int*) 0xb93db9e00> [48]
                           1 (192 bytes) <malloc in QObjectPrivate::ConnectionData::resizeSignalVector(unsigned long) 0xb8e124000> [192]
                        1 (48 bytes) <QOpenGLSharedResourceGuard 0xb93ec2af0> [48]
                        1 (16 bytes) <malloc in QOpenGLShaderPrivate::QOpenGLShaderPrivate(QOpenGLContext*, QFlags<QOpenGLShader::ShaderTypeBit>) 0xb8f1cec40> [16]
                  6 (528 bytes) <QOpenGLShader 0xb92def260> [32]
                     5 (496 bytes) <QOpenGLShaderPrivate 0xb8e1240c0> [192]
                        2 (240 bytes) <malloc in QMetaObjectPrivate::connect(QObject const*, int, QMetaObject const*, QObject const*, int, QMetaObject const*, int, int*) 0xb93db9920> [48]
                           1 (192 bytes) <malloc in QObjectPrivate::ConnectionData::resizeSignalVector(unsigned long) 0xb8e124180> [192]
                        1 (48 bytes) <QOpenGLSharedResourceGuard 0xb93ec2b20> [48]
                        1 (16 bytes) <malloc in QOpenGLShaderPrivate::QOpenGLShaderPrivate(QOpenGLContext*, QFlags<QOpenGLShader::ShaderTypeBit>) 0xb8f1cec60> [16]
               1 (384 bytes) <malloc in QArrayData::allocate2(QArrayData**, long long, QArrayData::AllocationOption) 0xb93ed9e00> [384]
               3 (240 bytes) <malloc in QMetaObjectPrivate::connect(QObject const*, int, QMetaObject const*, QObject const*, int, QMetaObject const*, int, int*) 0xb93ec2a60> [48]
                  2 (192 bytes) <malloc in QMetaObjectPrivate::connect(QObject const*, int, QMetaObject const*, QObject const*, int, QMetaObject const*, int, int*) 0xb93ec99e0> [96]
                     1 (96 bytes) <malloc in QMetaObjectPrivate::connect(QObject const*, int, QMetaObject const*, QObject const*, int, QMetaObject const*, int, int*) 0xb93ec9980> [96]
               1 (48 bytes) <QOpenGLSharedResourceGuard 0xb8e55ee20> [48]
               1 (48 bytes) <malloc in QArrayData::allocate(QArrayData**, long long, long long, long long, QArrayData::AllocationOption) 0xb8e54b390> [48]
               1 (48 bytes) <malloc in QArrayData::allocate(QArrayData**, long long, long long, long long, QArrayData::AllocationOption) 0xb8e54b8a0> [48]
               1 (16 bytes) <malloc in QOpenGLShaderProgram::QOpenGLShaderProgram(QObject*) 0xb93f9a200> [16]
         3 (112 bytes) <malloc in QOpenGLBuffer::QOpenGLBuffer() 0xb8e55c000> [48]
            1 (48 bytes) <QOpenGLSharedResourceGuard 0xb93dba040> [48]
            1 (16 bytes) <malloc in QOpenGLBuffer::create() 0xb93f9a220> [16]
      ----
      26 (2.73K) ROOT CYCLE: <malloc in QtFrameBufferOpenGLWidget::initializeGL() 0xb93f9c280> [320]
         2 (240 bytes) ROOT CYCLE: <QOpenGLVertexArrayObjectPrivate 0xb8e74c9c0> [192]
            CYCLE BACK TO <malloc in QtFrameBufferOpenGLWidget::initializeGL() 0xb93f9c280> [320]
            1 (48 bytes) <malloc in QMetaObjectPrivate::connect(QObject const*, int, QMetaObject const*, QObject const*, int, QMetaObject const*, int, int*) 0xb93ec2220> [48]
         23 (2.19K) <QOpenGLShaderProgram 0xb8e5c0ba0> [32]
            22 (2.16K) <QOpenGLShaderProgramPrivate 0xb93f9c3c0> [320]
               13 (1.08K) <malloc in QArrayData::allocate(QArrayData**, long long, long long, long long, QArrayData::AllocationOption) 0xb8ed729d0> [48]
                  6 (528 bytes) <QOpenGLShader 0xb92dee8c0> [32]
                     5 (496 bytes) <QOpenGLShaderPrivate 0xb8e74ca80> [192]
                        2 (240 bytes) <malloc in QMetaObjectPrivate::connect(QObject const*, int, QMetaObject const*, QObject const*, int, QMetaObject const*, int, int*) 0xb93dbaca0> [48]
                           1 (192 bytes) <malloc in QObjectPrivate::ConnectionData::resizeSignalVector(unsigned long) 0xb8e74c0c0> [192]
                        1 (48 bytes) <QOpenGLSharedResourceGuard 0xb93ec24f0> [48]
                        1 (16 bytes) <malloc in QOpenGLShaderPrivate::QOpenGLShaderPrivate(QOpenGLContext*, QFlags<QOpenGLShader::ShaderTypeBit>) 0xb8f1cf8e0> [16]
                  6 (528 bytes) <QOpenGLShader 0xb92deeb20> [32]
                     5 (496 bytes) <QOpenGLShaderPrivate 0xb8e74c600> [192]
                        2 (240 bytes) <malloc in QMetaObjectPrivate::connect(QObject const*, int, QMetaObject const*, QObject const*, int, QMetaObject const*, int, int*) 0xb93dbae50> [48]
                           1 (192 bytes) <malloc in QObjectPrivate::ConnectionData::resizeSignalVector(unsigned long) 0xb8e74c840> [192]
                        1 (48 bytes) <QOpenGLSharedResourceGuard 0xb93ec2850> [48]
                        1 (16 bytes) <malloc in QOpenGLShaderPrivate::QOpenGLShaderPrivate(QOpenGLContext*, QFlags<QOpenGLShader::ShaderTypeBit>) 0xb8f1cf0b0> [16]
               1 (384 bytes) <malloc in QArrayData::allocate2(QArrayData**, long long, QArrayData::AllocationOption) 0xb93ed9980> [384]
               3 (240 bytes) <malloc in QMetaObjectPrivate::connect(QObject const*, int, QMetaObject const*, QObject const*, int, QMetaObject const*, int, int*) 0xb93ec2940> [48]
                  2 (192 bytes) <malloc in QMetaObjectPrivate::connect(QObject const*, int, QMetaObject const*, QObject const*, int, QMetaObject const*, int, int*) 0xb93ec9ce0> [96]
                     1 (96 bytes) <malloc in QMetaObjectPrivate::connect(QObject const*, int, QMetaObject const*, QObject const*, int, QMetaObject const*, int, int*) 0xb93ec9c80> [96]
               1 (48 bytes) <QOpenGLSharedResourceGuard 0xb8ead0de0> [48]
               1 (48 bytes) <malloc in QArrayData::allocate(QArrayData**, long long, long long, long long, QArrayData::AllocationOption) 0xb8e4a2ee0> [48]
               1 (48 bytes) <malloc in QArrayData::allocate(QArrayData**, long long, long long, long long, QArrayData::AllocationOption) 0xb8ed72280> [48]
               1 (16 bytes) <malloc in QOpenGLShaderProgram::QOpenGLShaderProgram(QObject*) 0xb93f9a130> [16]

STACK OF 1 INSTANCE OF 'ROOT CYCLE: <malloc in QMetaObjectPrivate::connect(QObject const*, int, QMetaObject const*, QObject const*, int, QMetaObject const*, int, int*)>':
11  dyld                                  0x1972c1d54 start + 7184
10  org.itksnap                           0x100ab3a04 main + 6688  main.cxx:1082
9   org.itksnap                           0x100cfd5bc MainImageWindow::MainImageWindow(QWidget*) + 36  MainImageWindow.cxx:176
8   org.itksnap                           0x100ced9c0 MainImageWindow::MainImageWindow(QWidget*) + 1044  MainImageWindow.cxx:225
7   org.itksnap                           0x100d9fb8c DistributedSegmentationDialog::DistributedSegmentationDialog(QWidget*) + 36  DistributedSegmentationDialog.cxx:223
6   org.itksnap                           0x100d99ef0 DistributedSegmentationDialog::DistributedSegmentationDialog(QWidget*) + 700  DistributedSegmentationDialog.cxx:247
5   org.qt-project.QtGui                  0x110d07f70 QStandardItemModel::QStandardItemModel(QObject*) + 268
4   org.qt-project.QtCore                 0x111f53324 QObject::connect(QObject const*, char const*, QObject const*, char const*, Qt::ConnectionType) + 1464
3   org.qt-project.QtCore                 0x111f53e00 QMetaObjectPrivate::connect(QObject const*, int, QMetaObject const*, QObject const*, int, QMetaObject const*, int, int*) + 588
2   libc++abi.dylib                       0x197643a78 operator new(unsigned long) + 52
1   libsystem_malloc.dylib                0x19749f7d8 _malloc + 88
0   libsystem_malloc.dylib                0x1974b7f44 _malloc_zone_malloc_instrumented_or_legacy + 152 
====
    53 (4.69K) ROOT CYCLE: <malloc in QMetaObjectPrivate::connect(QObject const*, int, QMetaObject const*, QObject const*, int, QMetaObject const*, int, int*) 0xb92d8bc30> [48]
       30 (3.05K) ROOT CYCLE: <malloc in QObjectPrivate::ConnectionData::resizeSignalVector(unsigned long) 0xb8fbcad00> [640]
          5 (656 bytes) ROOT CYCLE: <malloc in QObjectPrivate::connectImpl(QObject const*, int, QObject const*, void**, QtPrivate::QSlotObjectBase*, int, int const*, QMetaObject const*) 0xb92dfa460> [96]
             3 (512 bytes) ROOT CYCLE: <QItemSelectionModel 0xb8f9ae960> [32]
                2 (480 bytes) ROOT CYCLE: <QItemSelectionModelPrivate 0xb92d4d880> [448]
                   1 (32 bytes) <malloc in QtSharedPointer::ExternalRefCountData::getAndRef(QObject const*) 0xb8fb7e520> [32]
             1 (48 bytes) <malloc in QItemSelectionModelPrivate::initModel(QAbstractItemModel*) 0xb92dfc420> [48]
          4 (384 bytes) ROOT CYCLE: <malloc in QObjectPrivate::connectImpl(QObject const*, int, QObject const*, void**, QtPrivate::QSlotObjectBase*, int, int const*, QMetaObject const*) 0xb92dfa5e0> [96]
             2 (240 bytes) ROOT CYCLE: <malloc in QObjectPrivate::connectImpl(QObject const*, int, QObject const*, void**, QtPrivate::QSlotObjectBase*, int, int const*, QMetaObject const*) 0xb92e000f0> [48]
                1 (192 bytes) <malloc in QObjectPrivate::ConnectionData::resizeSignalVector(unsigned long) 0xb8fbecd80> [192]
             1 (48 bytes) <malloc in QItemSelectionModelPrivate::initModel(QAbstractItemModel*) 0xb8fbf7510> [48]
          2 (144 bytes) ROOT CYCLE: <malloc in QObjectPrivate::connectImpl(QObject const*, int, QObject const*, void**, QtPrivate::QSlotObjectBase*, int, int const*, QMetaObject const*) 0xb92dfa1c0> [96]
             1 (48 bytes) <malloc in QItemSelectionModelPrivate::initModel(QAbstractItemModel*) 0xb92dfc3f0> [48]
          2 (144 bytes) ROOT CYCLE: <malloc in QObjectPrivate::connectImpl(QObject const*, int, QObject const*, void**, QtPrivate::QSlotObjectBase*, int, int const*, QMetaObject const*) 0xb92dfa220> [96]
             1 (48 bytes) <malloc in QItemSelectionModelPrivate::initModel(QAbstractItemModel*) 0xb8f475a10> [48]
          2 (144 bytes) ROOT CYCLE: <malloc in QObjectPrivate::connectImpl(QObject const*, int, QObject const*, void**, QtPrivate::QSlotObjectBase*, int, int const*, QMetaObject const*) 0xb92dfa280> [96]
             1 (48 bytes) <malloc in QItemSelectionModelPrivate::initModel(QAbstractItemModel*) 0xb8fbf7450> [48]
          2 (144 bytes) ROOT CYCLE: <malloc in QObjectPrivate::connectImpl(QObject const*, int, QObject const*, void**, QtPrivate::QSlotObjectBase*, int, int const*, QMetaObject const*) 0xb92dfa2e0> [96]
             1 (48 bytes) <malloc in QItemSelectionModelPrivate::initModel(QAbstractItemModel*) 0xb92e00120> [48]
          2 (144 bytes) ROOT CYCLE: <malloc in QObjectPrivate::connectImpl(QObject const*, int, QObject const*, void**, QtPrivate::QSlotObjectBase*, int, int const*, QMetaObject const*) 0xb92dfa340> [96]
             1 (48 bytes) <malloc in QItemSelectionModelPrivate::initModel(QAbstractItemModel*) 0xb8f475a40> [48]
          2 (144 bytes) ROOT CYCLE: <malloc in QObjectPrivate::connectImpl(QObject const*, int, QObject const*, void**, QtPrivate::QSlotObjectBase*, int, int const*, QMetaObject const*) 0xb92dfa3a0> [96]
             1 (48 bytes) <malloc in QItemSelectionModelPrivate::initModel(QAbstractItemModel*) 0xb8fbf7480> [48]
          2 (144 bytes) ROOT CYCLE: <malloc in QObjectPrivate::connectImpl(QObject const*, int, QObject const*, void**, QtPrivate::QSlotObjectBase*, int, int const*, QMetaObject const*) 0xb92dfa400> [96]
             1 (48 bytes) <malloc in QItemSelectionModelPrivate::initModel(QAbstractItemModel*) 0xb8fbf74b0> [48]
          2 (144 bytes) ROOT CYCLE: <malloc in QObjectPrivate::connectImpl(QObject const*, int, QObject const*, void**, QtPrivate::QSlotObjectBase*, int, int const*, QMetaObject const*) 0xb92dfa4c0> [96]
             1 (48 bytes) <malloc in QItemSelectionModelPrivate::initModel(QAbstractItemModel*) 0xb92dfc450> [48]
          2 (144 bytes) ROOT CYCLE: <malloc in QObjectPrivate::connectImpl(QObject const*, int, QObject const*, void**, QtPrivate::QSlotObjectBase*, int, int const*, QMetaObject const*) 0xb92dfa520> [96]
             1 (48 bytes) <malloc in QItemSelectionModelPrivate::initModel(QAbstractItemModel*) 0xb8f475a70> [48]
          2 (144 bytes) ROOT CYCLE: <malloc in QObjectPrivate::connectImpl(QObject const*, int, QObject const*, void**, QtPrivate::QSlotObjectBase*, int, int const*, QMetaObject const*) 0xb92dfa580> [96]
             1 (48 bytes) <malloc in QItemSelectionModelPrivate::initModel(QAbstractItemModel*) 0xb8fbf74e0> [48]
       22 (1.59K) ROOT CYCLE: <malloc in QMetaObjectPrivate::connect(QObject const*, int, QMetaObject const*, QObject const*, int, QMetaObject const*, int, int*) 0xb92d66c40> [96]
          CYCLE BACK TO <malloc in QMetaObjectPrivate::connect(QObject const*, int, QMetaObject const*, QObject const*, int, QMetaObject const*, int, int*) 0xb92d8bc30> [48]
          21 (1.50K) ROOT CYCLE: <QStandardItemModel 0xb8fa65280> [32]
             20 (1.47K) ROOT CYCLE: <QStandardItemModelPrivate 0xb92d7ad00> [320]
                CYCLE BACK TO <malloc in QMetaObjectPrivate::connect(QObject const*, int, QMetaObject const*, QObject const*, int, QMetaObject const*, int, int*) 0xb92d8bc30> [48]
                13 (800 bytes) ROOT CYCLE: <malloc in QArrayData::allocate(QArrayData**, long long, long long, long long, QArrayData::AllocationOption) 0xb8f451810> [80]
                   4 (240 bytes) ROOT CYCLE: <QStandardItem 0xb923663a0> [32]
                      3 (208 bytes) ROOT CYCLE: <malloc in QStandardItemModel::setHorizontalHeaderLabels(QList<QString> const&) 0xb8f420ae0> [96]
                         2 (112 bytes) <malloc in QArrayData::allocate(QArrayData**, long long, long long, long long, QArrayData::AllocationOption) 0xb8f479000> [64]
                            1 (48 bytes) <malloc in QArrayData::allocate2(QArrayData**, long long, QArrayData::AllocationOption) 0xb8fbf6c40> [48]
                   4 (240 bytes) ROOT CYCLE: <QStandardItem 0xb92367c20> [32]
                      3 (208 bytes) ROOT CYCLE: <malloc in QStandardItemModel::setHorizontalHeaderLabels(QList<QString> const&) 0xb8f420a20> [96]
                         2 (112 bytes) <malloc in QArrayData::allocate(QArrayData**, long long, long long, long long, QArrayData::AllocationOption) 0xb8f478f80> [64]
                            1 (48 bytes) <malloc in QArrayData::allocate2(QArrayData**, long long, QArrayData::AllocationOption) 0xb8fbf6be0> [48]
                   4 (240 bytes) ROOT CYCLE: <QStandardItem 0xb92367c40> [32]
                      3 (208 bytes) ROOT CYCLE: <malloc in QStandardItemModel::setHorizontalHeaderLabels(QList<QString> const&) 0xb8f420a80> [96]
                         2 (112 bytes) <malloc in QArrayData::allocate(QArrayData**, long long, long long, long long, QArrayData::AllocationOption) 0xb8f478fc0> [64]
                            1 (48 bytes) <malloc in QArrayData::allocate2(QArrayData**, long long, QArrayData::AllocationOption) 0xb8fbf6c10> [48]
                3 (192 bytes) ROOT CYCLE: <QStandardItem 0xb8fa652a0> [32]
                   2 (160 bytes) ROOT CYCLE: <malloc in QStandardItemModel::QStandardItemModel(QObject*) 0xb90a82e20> [96]
                      1 (64 bytes) <malloc in QArrayData::allocate(QArrayData**, long long, long long, long long, QArrayData::AllocationOption) 0xb8f478e80> [64]
                1 (48 bytes) ROOT CYCLE: <malloc in QArrayData::allocate(QArrayData**, long long, long long, long long, QArrayData::AllocationOption) 0xb8fbf7420> [48]
                1 (80 bytes) <malloc in QArrayData::allocate(QArrayData**, long long, long long, long long, QArrayData::AllocationOption) 0xb8f451770> [80]
                1 (64 bytes) <malloc in QArrayData::allocate(QArrayData**, long long, long long, long long, QArrayData::AllocationOption) 0xb8f478e40> [64]

STACK OF 1 INSTANCE OF 'ROOT CYCLE: <malloc in parserCreate>':
61  dyld                                  0x1972c1d54 start + 7184
60  org.itksnap                           0x100ab4e1c main + 11832  main.cxx:1348
59  org.qt-project.QtCore                 0x111f07198 QCoreApplication::exec() + 228
58  org.qt-project.QtCore                 0x111f10608 QEventLoop::exec(QFlags<QEventLoop::ProcessEventsFlag>) + 588
57  libqcocoa.dylib                       0x113ad14ec QCocoaEventDispatcher::processEvents(QFlags<QEventLoop::ProcessEventsFlag>) + 2152
56  com.apple.AppKit                      0x19bb3b780 -[NSApplication run] + 368
55  com.apple.AppKit                      0x19c609b98 -[NSApplication(NSEventRouting) nextEventMatchingMask:untilDate:inMode:dequeue:] + 72
54  com.apple.AppKit                      0x19c609e8c -[NSApplication(NSEventRouting) _nextEventMatchingEventMask:untilDate:inMode:dequeue:] + 688
53  com.apple.AppKit                      0x19bb42e48 _DPSNextEvent + 588
52  com.apple.AppKit                      0x19c045014 _DPSBlockUntilNextEventMatchingListInMode + 236
51  com.apple.HIToolbox                   0x1a43f2b64 _BlockUntilNextEventMatchingListInMode + 48
50  com.apple.HIToolbox                   0x1a4268ab8 ReceiveNextEventCommon + 488
49  com.apple.HIToolbox                   0x1a4265790 RunCurrentEventLoopInMode + 316
48  com.apple.CoreFoundation              0x1977e3f3c _CFRunLoopRunSpecificWithOptions + 532
47  com.apple.CoreFoundation              0x197729398 __CFRunLoopRun + 820
46  com.apple.CoreFoundation              0x19772a708 __CFRunLoopDoSources0 + 232
45  com.apple.CoreFoundation              0x19772a99c __CFRunLoopDoSource0 + 172
44  com.apple.CoreFoundation              0x19772aa08 __CFRUNLOOP_IS_CALLING_OUT_TO_A_SOURCE0_PERFORM_FUNCTION__ + 28
43  libqcocoa.dylib                       0x113ad3cc0 QCocoaEventDispatcherPrivate::postedEventsSourceCallback(void*) + 516
42  libqcocoa.dylib                       0x113ad2a08 QCocoaEventDispatcherPrivate::processPostedEvents() + 380
41  org.qt-project.QtCore                 0x111f07d84 QCoreApplicationPrivate::sendPostedEvents(QObject*, int, QThreadData*) + 628
40  org.itksnap                           0x100c0c8f4 SNAPQApplication::notify(QObject*, QEvent*) + 40  SNAPQApplication.cxx:58
39  org.qt-project.QtWidgets              0x1102a97d8 QApplication::notify(QObject*, QEvent*) + 468
38  org.qt-project.QtWidgets              0x1102a8758 QApplicationPrivate::notify_helper(QObject*, QEvent*) + 336
37  org.qt-project.QtCore                 0x111f50c14 QObject::event(QEvent*) + 324
36  org.qt-project.QtGui                  0x110d790c8 QAction::activate(QAction::ActionEvent) + 376
35  org.qt-project.QtCore                 0x111f592f4 void doActivate<false>(QObject*, int, void**) + 1312
34  org.itksnap                           0x100e1cc1c MainImageWindow::qt_metacall(QMetaObject::Call, int, void**) + 128  moc_MainImageWindow.cpp:551
33  org.itksnap                           0x100e1c4bc MainImageWindow::qt_static_metacall(QObject*, QMetaObject::Call, int, void**) + 448  moc_MainImageWindow.cpp:440
32  org.itksnap                           0x100d060e8 MainImageWindow::on_actionOpenMain_triggered() + 272  MainImageWindow.cxx:1811
31  org.qt-project.QtWidgets              0x1104d7354 QDialog::exec() + 508
30  org.qt-project.QtCore                 0x111f10608 QEventLoop::exec(QFlags<QEventLoop::ProcessEventsFlag>) + 588
29  libqcocoa.dylib                       0x113ad14b8 QCocoaEventDispatcher::processEvents(QFlags<QEventLoop::ProcessEventsFlag>) + 2100
28  com.apple.AppKit                      0x19c609b98 -[NSApplication(NSEventRouting) nextEventMatchingMask:untilDate:inMode:dequeue:] + 72
27  com.apple.AppKit                      0x19c609e8c -[NSApplication(NSEventRouting) _nextEventMatchingEventMask:untilDate:inMode:dequeue:] + 688
26  com.apple.AppKit                      0x19bb42e48 _DPSNextEvent + 588
25  com.apple.AppKit                      0x19c045014 _DPSBlockUntilNextEventMatchingListInMode + 236
24  com.apple.HIToolbox                   0x1a43f2b64 _BlockUntilNextEventMatchingListInMode + 48
23  com.apple.HIToolbox                   0x1a4268ab8 ReceiveNextEventCommon + 488
22  com.apple.HIToolbox                   0x1a4265790 RunCurrentEventLoopInMode + 316
21  com.apple.CoreFoundation              0x1977e3f3c _CFRunLoopRunSpecificWithOptions + 532
20  com.apple.CoreFoundation              0x197729398 __CFRunLoopRun + 820
19  com.apple.CoreFoundation              0x19772a708 __CFRunLoopDoSources0 + 232
18  com.apple.CoreFoundation              0x19772a99c __CFRunLoopDoSource0 + 172
17  com.apple.CoreFoundation              0x19772aa08 __CFRUNLOOP_IS_CALLING_OUT_TO_A_SOURCE0_PERFORM_FUNCTION__ + 28
16  libqcocoa.dylib                       0x113ad3cc0 QCocoaEventDispatcherPrivate::postedEventsSourceCallback(void*) + 516
15  libqcocoa.dylib                       0x113ad2a08 QCocoaEventDispatcherPrivate::processPostedEvents() + 380
14  org.qt-project.QtCore                 0x111f07d84 QCoreApplicationPrivate::sendPostedEvents(QObject*, int, QThreadData*) + 628
13  org.itksnap                           0x100c0c8f4 SNAPQApplication::notify(QObject*, QEvent*) + 40  SNAPQApplication.cxx:58
12  org.qt-project.QtWidgets              0x1102a97d8 QApplication::notify(QObject*, QEvent*) + 468
11  org.qt-project.QtWidgets              0x1102a8758 QApplicationPrivate::notify_helper(QObject*, QEvent*) + 336
10  org.qt-project.QtWidgets              0x1102f7504 QWidget::event(QEvent*) + 3436
9   org.qt-project.QtCore                 0x111f50c14 QObject::event(QEvent*) + 324
8   org.qt-project.QtWidgets              0x110515448 QWizard::next() + 64
7   org.itksnap                           0x100c9f93c imageiowiz::SelectFilePage::validatePage() + 340  ImageIOWizard.cxx:328
6   org.itksnap                           0x100c9e4a4 imageiowiz::AbstractPage::PerformIO() + 1080  ImageIOWizard.cxx:129
5   org.itksnap                           0x100f170e0 ImageIOWizardModel::OpenImage(std::__1::basic_string<char, std::__1::char_traits<char>, std::__1::allocator<char>>, ImageReadingProgressAccumulator*) + 752  ImageIOWizardModel.cxx:359
4   org.itksnap                           0x1012e951c SystemInterface::FindRegistryAssociatedWithFile(char const*, Registry&) + 228  SystemInterface.cxx:402
3   org.itksnap                           0x1012dbcc8 Registry::ReadFromXMLFile(char const*) + 144  Registry.cxx:919
2   libITKIOXML-5.4.1.dylib               0x10d72f7d4 itk::XMLReaderBase::parse() + 60
1   libITKEXPAT-5.4.1.dylib               0x10e156444 parserCreate + 84
0   libsystem_malloc.dylib                0x1974b7f44 _malloc_zone_malloc_instrumented_or_legacy + 152 
====
    4 (3.25K) ROOT CYCLE: <malloc in parserCreate 0xb8e5f7c00> [1024]
       CYCLE BACK TO <malloc in parserCreate 0xb8e5f7c00> [1024]
       1 (384 bytes) ROOT CYCLE: <malloc in parserCreate 0xb8e666e80> [384]
          CYCLE BACK TO <malloc in parserCreate 0xb8e5f7c00> [1024]
       1 (1.25K) <malloc in parserCreate 0xb90450a00> [1280]
       1 (640 bytes) <malloc in parserCreate 0xb8e7dd680> [640]

STACK OF 1 INSTANCE OF 'ROOT CYCLE: <QOpenGLVertexArrayObjectPrivate>':
95  dyld                                  0x1972c1d54 start + 7184
94  org.itksnap                           0x100ab4e1c main + 11832  main.cxx:1348
93  org.qt-project.QtCore                 0x111f07198 QCoreApplication::exec() + 228
92  org.qt-project.QtCore                 0x111f10608 QEventLoop::exec(QFlags<QEventLoop::ProcessEventsFlag>) + 588
91  libqcocoa.dylib                       0x113ad14ec QCocoaEventDispatcher::processEvents(QFlags<QEventLoop::ProcessEventsFlag>) + 2152
90  com.apple.AppKit                      0x19bb3b780 -[NSApplication run] + 368
89  com.apple.AppKit                      0x19c609b98 -[NSApplication(NSEventRouting) nextEventMatchingMask:untilDate:inMode:dequeue:] + 72
88  com.apple.AppKit                      0x19c609e8c -[NSApplication(NSEventRouting) _nextEventMatchingEventMask:untilDate:inMode:dequeue:] + 688
87  com.apple.AppKit                      0x19bb42e48 _DPSNextEvent + 588
86  com.apple.AppKit                      0x19c045014 _DPSBlockUntilNextEventMatchingListInMode + 236
85  com.apple.HIToolbox                   0x1a43f2b64 _BlockUntilNextEventMatchingListInMode + 48
84  com.apple.HIToolbox                   0x1a4268ab8 ReceiveNextEventCommon + 488
83  com.apple.HIToolbox                   0x1a4265790 RunCurrentEventLoopInMode + 316
82  com.apple.CoreFoundation              0x1977e3f3c _CFRunLoopRunSpecificWithOptions + 532
81  com.apple.CoreFoundation              0x197729398 __CFRunLoopRun + 820
80  com.apple.CoreFoundation              0x19772a708 __CFRunLoopDoSources0 + 232
79  com.apple.CoreFoundation              0x19772a99c __CFRunLoopDoSource0 + 172
78  com.apple.CoreFoundation              0x19772aa08 __CFRUNLOOP_IS_CALLING_OUT_TO_A_SOURCE0_PERFORM_FUNCTION__ + 28
77  libqcocoa.dylib                       0x113ad3cc0 QCocoaEventDispatcherPrivate::postedEventsSourceCallback(void*) + 516
76  libqcocoa.dylib                       0x113ad2a08 QCocoaEventDispatcherPrivate::processPostedEvents() + 380
75  org.qt-project.QtCore                 0x111f07d84 QCoreApplicationPrivate::sendPostedEvents(QObject*, int, QThreadData*) + 628
74  org.itksnap                           0x100c0c8f4 SNAPQApplication::notify(QObject*, QEvent*) + 40  SNAPQApplication.cxx:58
73  org.qt-project.QtWidgets              0x1102a97d8 QApplication::notify(QObject*, QEvent*) + 468
72  org.qt-project.QtWidgets              0x1102a8758 QApplicationPrivate::notify_helper(QObject*, QEvent*) + 336
71  org.qt-project.QtCore                 0x111f50c14 QObject::event(QEvent*) + 324
70  org.qt-project.QtGui                  0x110d790c8 QAction::activate(QAction::ActionEvent) + 376
69  org.qt-project.QtCore                 0x111f592f4 void doActivate<false>(QObject*, int, void**) + 1312
68  org.itksnap                           0x100e1cc1c MainImageWindow::qt_metacall(QMetaObject::Call, int, void**) + 128  moc_MainImageWindow.cpp:551
67  org.itksnap                           0x100e1c4bc MainImageWindow::qt_static_metacall(QObject*, QMetaObject::Call, int, void**) + 448  moc_MainImageWindow.cpp:440
66  org.itksnap                           0x100d060e8 MainImageWindow::on_actionOpenMain_triggered() + 272  MainImageWindow.cxx:1811
65  org.qt-project.QtWidgets              0x1104d7354 QDialog::exec() + 508
64  org.qt-project.QtCore                 0x111f10608 QEventLoop::exec(QFlags<QEventLoop::ProcessEventsFlag>) + 588
63  libqcocoa.dylib                       0x113ad14b8 QCocoaEventDispatcher::processEvents(QFlags<QEventLoop::ProcessEventsFlag>) + 2100
62  com.apple.AppKit                      0x19c609b98 -[NSApplication(NSEventRouting) nextEventMatchingMask:untilDate:inMode:dequeue:] + 72
61  com.apple.AppKit                      0x19c609e8c -[NSApplication(NSEventRouting) _nextEventMatchingEventMask:untilDate:inMode:dequeue:] + 688
60  com.apple.AppKit                      0x19bb42e48 _DPSNextEvent + 588
59  com.apple.AppKit                      0x19c045014 _DPSBlockUntilNextEventMatchingListInMode + 236
58  com.apple.HIToolbox                   0x1a43f2b64 _BlockUntilNextEventMatchingListInMode + 48
57  com.apple.HIToolbox                   0x1a4268ab8 ReceiveNextEventCommon + 488
56  com.apple.HIToolbox                   0x1a4265790 RunCurrentEventLoopInMode + 316
55  com.apple.CoreFoundation              0x1977e3f3c _CFRunLoopRunSpecificWithOptions + 532
54  com.apple.CoreFoundation              0x197729398 __CFRunLoopRun + 820
53  com.apple.CoreFoundation              0x19772a76c __CFRunLoopDoSources0 + 332
52  com.apple.CoreFoundation              0x19772a99c __CFRunLoopDoSource0 + 172
51  com.apple.CoreFoundation              0x19772aa08 __CFRUNLOOP_IS_CALLING_OUT_TO_A_SOURCE0_PERFORM_FUNCTION__ + 28
50  libqcocoa.dylib                       0x113ad3cc0 QCocoaEventDispatcherPrivate::postedEventsSourceCallback(void*) + 516
49  libqcocoa.dylib                       0x113ad2a08 QCocoaEventDispatcherPrivate::processPostedEvents() + 380
48  org.qt-project.QtCore                 0x111f07d84 QCoreApplicationPrivate::sendPostedEvents(QObject*, int, QThreadData*) + 628
47  org.itksnap                           0x100c0c8f4 SNAPQApplication::notify(QObject*, QEvent*) + 40  SNAPQApplication.cxx:58
46  org.qt-project.QtWidgets              0x1102a97d8 QApplication::notify(QObject*, QEvent*) + 468
45  org.qt-project.QtWidgets              0x1102a8758 QApplicationPrivate::notify_helper(QObject*, QEvent*) + 336
44  org.qt-project.QtCore                 0x111f50c14 QObject::event(QEvent*) + 324
43  org.itksnap                           0x100e08ffc LatentITKEventNotifierHelper::qt_static_metacall(QObject*, QMetaObject::Call, int, void**) + 160  moc_LatentITKEventNotifier.cpp:84
42  org.itksnap                           0x100b4bc08 LatentITKEventNotifierHelper::onQueuedEvent() + 536  LatentITKEventNotifier.cxx:115
41  org.itksnap                           0x100e090e4 LatentITKEventNotifierHelper::dispatchEvent(EventBucket const&) + 48  moc_LatentITKEventNotifier.cpp:137
40  org.itksnap                           0x100e094cc void QMetaObject::activate<void, EventBucket>(QObject*, QMetaObject const*, int, void*, EventBucket const&) + 84  qobjectdefs.h:320
39  org.qt-project.QtCore                 0x111f5939c void doActivate<false>(QObject*, int, void**) + 1480
38  org.itksnap                           0x100e1c3d0 MainImageWindow::qt_static_metacall(QObject*, QMetaObject::Call, int, void**) + 212  moc_MainImageWindow.cpp:423
37  org.itksnap                           0x100d01890 MainImageWindow::onModelUpdate(EventBucket const&) + 1144  MainImageWindow.cxx:726
36  org.itksnap                           0x100cff81c MainImageWindow::UpdateMainLayout() + 100  MainImageWindow.cxx:805
35  org.qt-project.QtWidgets              0x1102da4bc QStackedLayout::setCurrentIndex(int) + 384
34  org.qt-project.QtWidgets              0x1102f5b6c QWidget::setVisible(bool) + 780
33  org.qt-project.QtWidgets              0x1102f6354 QWidgetPrivate::setVisible(bool) + 1432
32  org.qt-project.QtWidgets              0x1102f46d4 QWidgetPrivate::show_helper() + 100
31  org.qt-project.QtWidgets              0x1102f4d84 QWidgetPrivate::showChildren(bool) + 1076
30  org.qt-project.QtWidgets              0x1102f5b6c QWidget::setVisible(bool) + 780
29  org.qt-project.QtWidgets              0x1102f6354 QWidgetPrivate::setVisible(bool) + 1432
28  org.qt-project.QtWidgets              0x1102f46d4 QWidgetPrivate::show_helper() + 100
27  org.qt-project.QtWidgets              0x1102f4d84 QWidgetPrivate::showChildren(bool) + 1076
26  org.qt-project.QtWidgets              0x1102f5b6c QWidget::setVisible(bool) + 780
25  org.qt-project.QtWidgets              0x1102f6354 QWidgetPrivate::setVisible(bool) + 1432
24  org.qt-project.QtWidgets              0x1102f46d4 QWidgetPrivate::show_helper() + 100
23  org.qt-project.QtWidgets              0x1102f4d84 QWidgetPrivate::showChildren(bool) + 1076
22  org.qt-project.QtWidgets              0x1102f5b6c QWidget::setVisible(bool) + 780
21  org.qt-project.QtWidgets              0x1102f6354 QWidgetPrivate::setVisible(bool) + 1432
20  org.qt-project.QtWidgets              0x1102f46d4 QWidgetPrivate::show_helper() + 100
19  org.qt-project.QtWidgets              0x1102f4d84 QWidgetPrivate::showChildren(bool) + 1076
18  org.qt-project.QtWidgets              0x1102f5b6c QWidget::setVisible(bool) + 780
17  org.qt-project.QtWidgets              0x1102f6354 QWidgetPrivate::setVisible(bool) + 1432
16  org.qt-project.QtWidgets              0x1102f46b4 QWidgetPrivate::show_helper() + 68
15  org.qt-project.QtWidgets              0x1102ee858 QWidgetPrivate::sendPendingMoveAndResizeEvents(bool, bool) + 280
14  org.qt-project.QtCore                 0x111f07480 QCoreApplication::sendEvent(QObject*, QEvent*) + 168
13  org.itksnap                           0x100c0c8f4 SNAPQApplication::notify(QObject*, QEvent*) + 40  SNAPQApplication.cxx:58
12  org.qt-project.QtWidgets              0x1102a97d8 QApplication::notify(QObject*, QEvent*) + 468
11  org.qt-project.QtWidgets              0x1102a8758 QApplicationPrivate::notify_helper(QObject*, QEvent*) + 336
10  org.qt-project.QtOpenGLWidgets        0x10e2fa970 QOpenGLWidget::event(QEvent*) + 456
9   org.qt-project.QtWidgets              0x1102f6f24 QWidget::event(QEvent*) + 1932
8   org.qt-project.QtOpenGLWidgets        0x10e2fa248 QOpenGLWidget::resizeEvent(QResizeEvent*) + 80
7   org.qt-project.QtOpenGLWidgets        0x10e2f9038 QOpenGLWidgetPrivate::initialize() + 828
6   org.itksnap                           0x100bb6bc0 QtFrameBufferOpenGLWidget::initializeGL() + 68  QtFrameBufferOpenGLWidget.cxx:249
5   org.itksnap                           0x100bb6ea4 ShaderTest::ShaderTest(QOpenGLFunctions*) + 36  QtFrameBufferOpenGLWidget.cxx:84
4   org.itksnap                           0x100bb8a80 ShaderTest::ShaderTest(QOpenGLFunctions*) + 64  QtFrameBufferOpenGLWidget.cxx:83
3   org.qt-project.QtOpenGL               0x10ec3fd8c QOpenGLVertexArrayObject::QOpenGLVertexArrayObject(QObject*) + 32
2   libc++abi.dylib                       0x197643a78 operator new(unsigned long) + 52
1   libsystem_malloc.dylib                0x19749f7d8 _malloc + 88
0   libsystem_malloc.dylib                0x1974b7f44 _malloc_zone_malloc_instrumented_or_legacy + 152 
====
    29 (2.84K) ROOT CYCLE: <QOpenGLVertexArrayObjectPrivate 0xb8e124480> [192]
       27 (2.61K) ROOT CYCLE: <malloc in QtFrameBufferOpenGLWidget::initializeGL() 0xb93f9cb40> [320]
          CYCLE BACK TO <QOpenGLVertexArrayObjectPrivate 0xb8e124480> [192]
          23 (2.19K) <QOpenGLShaderProgram 0xb8e5c0f00> [32]
             22 (2.16K) <QOpenGLShaderProgramPrivate 0xb93f9cc80> [320]
                13 (1.08K) <malloc in QArrayData::allocate(QArrayData**, long long, long long, long long, QArrayData::AllocationOption) 0xb8e12c630> [48]
                   6 (528 bytes) <QOpenGLShader 0xb92ded680> [32]
                      5 (496 bytes) <QOpenGLShaderPrivate 0xb8e124540> [192]
                         2 (240 bytes) <malloc in QMetaObjectPrivate::connect(QObject const*, int, QMetaObject const*, QObject const*, int, QMetaObject const*, int, int*) 0xb93dbab50> [48]
                            1 (192 bytes) <malloc in QObjectPrivate::ConnectionData::resizeSignalVector(unsigned long) 0xb8e124600> [192]
                         1 (48 bytes) <QOpenGLSharedResourceGuard 0xb93ec3510> [48]
                         1 (16 bytes) <malloc in QOpenGLShaderPrivate::QOpenGLShaderPrivate(QOpenGLContext*, QFlags<QOpenGLShader::ShaderTypeBit>) 0xb8f1cfdd0> [16]
                   6 (528 bytes) <QOpenGLShader 0xb92ded6e0> [32]
                      5 (496 bytes) <QOpenGLShaderPrivate 0xb8e1246c0> [192]
                         2 (240 bytes) <malloc in QMetaObjectPrivate::connect(QObject const*, int, QMetaObject const*, QObject const*, int, QMetaObject const*, int, int*) 0xb93dbabb0> [48]
                            1 (192 bytes) <malloc in QObjectPrivate::ConnectionData::resizeSignalVector(unsigned long) 0xb8e124780> [192]
                         1 (48 bytes) <QOpenGLSharedResourceGuard 0xb93ec3570> [48]
                         1 (16 bytes) <malloc in QOpenGLShaderPrivate::QOpenGLShaderPrivate(QOpenGLContext*, QFlags<QOpenGLShader::ShaderTypeBit>) 0xb8f1cf4e0> [16]
                1 (384 bytes) <malloc in QArrayData::allocate2(QArrayData**, long long, QArrayData::AllocationOption) 0xb93eda280> [384]
                3 (240 bytes) <malloc in QMetaObjectPrivate::connect(QObject const*, int, QMetaObject const*, QObject const*, int, QMetaObject const*, int, int*) 0xb93ec3540> [48]
                   2 (192 bytes) <malloc in QMetaObjectPrivate::connect(QObject const*, int, QMetaObject const*, QObject const*, int, QMetaObject const*, int, int*) 0xb93eca4c0> [96]
                      1 (96 bytes) <malloc in QMetaObjectPrivate::connect(QObject const*, int, QMetaObject const*, QObject const*, int, QMetaObject const*, int, int*) 0xb93eca460> [96]
                1 (48 bytes) <QOpenGLSharedResourceGuard 0xb8e55f510> [48]
                1 (48 bytes) <malloc in QArrayData::allocate(QArrayData**, long long, long long, long long, QArrayData::AllocationOption) 0xb8e12c600> [48]
                1 (48 bytes) <malloc in QArrayData::allocate(QArrayData**, long long, long long, long long, QArrayData::AllocationOption) 0xb8e12c660> [48]
                1 (16 bytes) <malloc in QOpenGLShaderProgram::QOpenGLShaderProgram(QObject*) 0xb93f9a2f0> [16]
          3 (112 bytes) <malloc in QOpenGLBuffer::QOpenGLBuffer() 0xb8e55f990> [48]
             1 (48 bytes) <QOpenGLSharedResourceGuard 0xb93dba3d0> [48]
             1 (16 bytes) <malloc in QOpenGLBuffer::create() 0xb93f9a300> [16]
       1 (48 bytes) <malloc in QMetaObjectPrivate::connect(QObject const*, int, QMetaObject const*, QObject const*, int, QMetaObject const*, int, int*) 0xb93ec35a0> [48]

STACK OF 1 INSTANCE OF 'ROOT CYCLE: <malloc in QMetaObjectPrivate::connect(QObject const*, int, QMetaObject const*, QObject const*, int, QMetaObject const*, int, int*)>':
11  dyld                                  0x1972c1d54 start + 7184
10  org.itksnap                           0x100ab3a04 main + 6688  main.cxx:1082
9   org.itksnap                           0x100cfd5bc MainImageWindow::MainImageWindow(QWidget*) + 36  MainImageWindow.cxx:176
8   org.itksnap                           0x100ced9c0 MainImageWindow::MainImageWindow(QWidget*) + 1044  MainImageWindow.cxx:225
7   org.itksnap                           0x100d9fb8c DistributedSegmentationDialog::DistributedSegmentationDialog(QWidget*) + 36  DistributedSegmentationDialog.cxx:223
6   org.itksnap                           0x100d99ce4 DistributedSegmentationDialog::DistributedSegmentationDialog(QWidget*) + 176  DistributedSegmentationDialog.cxx:228
5   org.qt-project.QtGui                  0x110d07f70 QStandardItemModel::QStandardItemModel(QObject*) + 268
4   org.qt-project.QtCore                 0x111f53324 QObject::connect(QObject const*, char const*, QObject const*, char const*, Qt::ConnectionType) + 1464
3   org.qt-project.QtCore                 0x111f53e00 QMetaObjectPrivate::connect(QObject const*, int, QMetaObject const*, QObject const*, int, QMetaObject const*, int, int*) + 588
2   libc++abi.dylib                       0x197643a78 operator new(unsigned long) + 52
1   libsystem_malloc.dylib                0x19749f7d8 _malloc + 88
0   libsystem_malloc.dylib                0x1974b7f44 _malloc_zone_malloc_instrumented_or_legacy + 152 
====
    27 (2.45K) ROOT CYCLE: <malloc in QMetaObjectPrivate::connect(QObject const*, int, QMetaObject const*, QObject const*, int, QMetaObject const*, int, int*) 0xb92d8b690> [48]
       25 (1.78K) ROOT CYCLE: <malloc in QMetaObjectPrivate::connect(QObject const*, int, QMetaObject const*, QObject const*, int, QMetaObject const*, int, int*) 0xb92d66b20> [96]
          CYCLE BACK TO <malloc in QMetaObjectPrivate::connect(QObject const*, int, QMetaObject const*, QObject const*, int, QMetaObject const*, int, int*) 0xb92d8b690> [48]
          24 (1.69K) ROOT CYCLE: <QStandardItemModel 0xb9236a480> [32]
             23 (1.66K) ROOT CYCLE: <QStandardItemModelPrivate 0xb92d7abc0> [320]
                CYCLE BACK TO <malloc in QMetaObjectPrivate::connect(QObject const*, int, QMetaObject const*, QObject const*, int, QMetaObject const*, int, int*) 0xb92d8b690> [48]
                17 (1.02K) ROOT CYCLE: <malloc in QArrayData::allocate(QArrayData**, long long, long long, long long, QArrayData::AllocationOption) 0xb8f4514a0> [80]
                   4 (256 bytes) ROOT CYCLE: <QStandardItem 0xb9236a500> [32]
                      3 (224 bytes) ROOT CYCLE: <malloc in QStandardItemModel::setHorizontalHeaderLabels(QList<QString> const&) 0xb8f4209c0> [96]
                         2 (128 bytes) <malloc in QArrayData::allocate(QArrayData**, long long, long long, long long, QArrayData::AllocationOption) 0xb8f478e00> [64]
                            1 (64 bytes) <malloc in QArrayData::allocate2(QArrayData**, long long, QArrayData::AllocationOption) 0xb8f478cc0> [64]
                   4 (240 bytes) ROOT CYCLE: <QStandardItem 0xb9236a4c0> [32]
                      3 (208 bytes) ROOT CYCLE: <malloc in QStandardItemModel::setHorizontalHeaderLabels(QList<QString> const&) 0xb8f420900> [96]
                         2 (112 bytes) <malloc in QArrayData::allocate(QArrayData**, long long, long long, long long, QArrayData::AllocationOption) 0xb8f478d80> [64]
                            1 (48 bytes) <malloc in QArrayData::allocate2(QArrayData**, long long, QArrayData::AllocationOption) 0xb8fbf4a20> [48]
                   4 (240 bytes) ROOT CYCLE: <QStandardItem 0xb9236a4e0> [32]
                      3 (208 bytes) ROOT CYCLE: <malloc in QStandardItemModel::setHorizontalHeaderLabels(QList<QString> const&) 0xb8f420960> [96]
                         2 (112 bytes) <malloc in QArrayData::allocate(QArrayData**, long long, long long, long long, QArrayData::AllocationOption) 0xb8f478dc0> [64]
                            1 (48 bytes) <malloc in QArrayData::allocate2(QArrayData**, long long, QArrayData::AllocationOption) 0xb8fbf4d50> [48]
                   4 (224 bytes) ROOT CYCLE: <QStandardItem 0xb9236a4a0> [32]
                      3 (192 bytes) ROOT CYCLE: <malloc in QStandardItemModel::setHorizontalHeaderLabels(QList<QString> const&) 0xb8f4208a0> [96]
                         2 (96 bytes) <malloc in QArrayData::allocate(QArrayData**, long long, long long, long long, QArrayData::AllocationOption) 0xb8f478d40> [64]
                            1 (32 bytes) <malloc in QArrayData::allocate2(QArrayData**, long long, QArrayData::AllocationOption) 0xb8fb7e440> [32]
                3 (192 bytes) ROOT CYCLE: <QStandardItem 0xb8fa65180> [32]
                   2 (160 bytes) ROOT CYCLE: <malloc in QStandardItemModel::QStandardItemModel(QObject*) 0xb90a82dc0> [96]
                      1 (64 bytes) <malloc in QArrayData::allocate(QArrayData**, long long, long long, long long, QArrayData::AllocationOption) 0xb8f478c80> [64]
                1 (80 bytes) <malloc in QArrayData::allocate(QArrayData**, long long, long long, long long, QArrayData::AllocationOption) 0xb8f451450> [80]
                1 (64 bytes) <malloc in QArrayData::allocate(QArrayData**, long long, long long, long long, QArrayData::AllocationOption) 0xb8f478d00> [64]
       1 (640 bytes) ROOT CYCLE: <malloc in QObjectPrivate::ConnectionData::resizeSignalVector(unsigned long) 0xb8fbcaa80> [640]

STACK OF 1 INSTANCE OF 'ROOT CYCLE: <malloc in QMetaObjectPrivate::connect(QObject const*, int, QMetaObject const*, QObject const*, int, QMetaObject const*, int, int*)>':
11  dyld                                  0x1972c1d54 start + 7184
10  org.itksnap                           0x100ab3a04 main + 6688  main.cxx:1082
9   org.itksnap                           0x100cfd5bc MainImageWindow::MainImageWindow(QWidget*) + 36  MainImageWindow.cxx:176
8   org.itksnap                           0x100ced9c0 MainImageWindow::MainImageWindow(QWidget*) + 1044  MainImageWindow.cxx:225
7   org.itksnap                           0x100d9fb8c DistributedSegmentationDialog::DistributedSegmentationDialog(QWidget*) + 36  DistributedSegmentationDialog.cxx:223
6   org.itksnap                           0x100d9a0e0 DistributedSegmentationDialog::DistributedSegmentationDialog(QWidget*) + 1196  DistributedSegmentationDialog.cxx:265
5   org.qt-project.QtGui                  0x110d07f70 QStandardItemModel::QStandardItemModel(QObject*) + 268
4   org.qt-project.QtCore                 0x111f53324 QObject::connect(QObject const*, char const*, QObject const*, char const*, Qt::ConnectionType) + 1464
3   org.qt-project.QtCore                 0x111f53e00 QMetaObjectPrivate::connect(QObject const*, int, QMetaObject const*, QObject const*, int, QMetaObject const*, int, int*) + 588
2   libc++abi.dylib                       0x197643a78 operator new(unsigned long) + 52
1   libsystem_malloc.dylib                0x19749f7d8 _malloc + 88
0   libsystem_malloc.dylib                0x1974b7f44 _malloc_zone_malloc_instrumented_or_legacy + 152 
====
    23 (2.20K) ROOT CYCLE: <malloc in QMetaObjectPrivate::connect(QObject const*, int, QMetaObject const*, QObject const*, int, QMetaObject const*, int, int*) 0xb92e00150> [48]
       21 (1.53K) ROOT CYCLE: <malloc in QMetaObjectPrivate::connect(QObject const*, int, QMetaObject const*, QObject const*, int, QMetaObject const*, int, int*) 0xb92d66ca0> [96]
          CYCLE BACK TO <malloc in QMetaObjectPrivate::connect(QObject const*, int, QMetaObject const*, QObject const*, int, QMetaObject const*, int, int*) 0xb92e00150> [48]
          20 (1.44K) ROOT CYCLE: <QStandardItemModel 0xb92367ce0> [32]
             19 (1.41K) ROOT CYCLE: <QStandardItemModelPrivate 0xb92d7af80> [320]
                CYCLE BACK TO <malloc in QMetaObjectPrivate::connect(QObject const*, int, QMetaObject const*, QObject const*, int, QMetaObject const*, int, int*) 0xb92e00150> [48]
                13 (784 bytes) ROOT CYCLE: <malloc in QArrayData::allocate(QArrayData**, long long, long long, long long, QArrayData::AllocationOption) 0xb8f451900> [80]
                   4 (240 bytes) ROOT CYCLE: <QStandardItem 0xb92367c80> [32]
                      3 (208 bytes) ROOT CYCLE: <malloc in QStandardItemModel::setHorizontalHeaderLabels(QList<QString> const&) 0xb8f420b40> [96]
                         2 (112 bytes) <malloc in QArrayData::allocate(QArrayData**, long long, long long, long long, QArrayData::AllocationOption) 0xb8f4790c0> [64]
                            1 (48 bytes) <malloc in QArrayData::allocate2(QArrayData**, long long, QArrayData::AllocationOption) 0xb8fbf7540> [48]
                   4 (240 bytes) ROOT CYCLE: <QStandardItem 0xb92367ca0> [32]
                      3 (208 bytes) ROOT CYCLE: <malloc in QStandardItemModel::setHorizontalHeaderLabels(QList<QString> const&) 0xb8f420ba0> [96]
                         2 (112 bytes) <malloc in QArrayData::allocate(QArrayData**, long long, long long, long long, QArrayData::AllocationOption) 0xb8f479100> [64]
                            1 (48 bytes) <malloc in QArrayData::allocate2(QArrayData**, long long, QArrayData::AllocationOption) 0xb8fbf7570> [48]
                   4 (224 bytes) ROOT CYCLE: <QStandardItem 0xb92367cc0> [32]
                      3 (192 bytes) ROOT CYCLE: <malloc in QStandardItemModel::setHorizontalHeaderLabels(QList<QString> const&) 0xb8f420c00> [96]
                         2 (96 bytes) <malloc in QArrayData::allocate(QArrayData**, long long, long long, long long, QArrayData::AllocationOption) 0xb8f479140> [64]
                            1 (32 bytes) <malloc in QArrayData::allocate2(QArrayData**, long long, QArrayData::AllocationOption) 0xb8fb7e540> [32]
                3 (192 bytes) ROOT CYCLE: <QStandardItem 0xb8fa65320> [32]
                   2 (160 bytes) ROOT CYCLE: <malloc in QStandardItemModel::QStandardItemModel(QObject*) 0xb901e4000> [96]
                      1 (64 bytes) <malloc in QArrayData::allocate(QArrayData**, long long, long long, long long, QArrayData::AllocationOption) 0xb8f479040> [64]
                1 (80 bytes) <malloc in QArrayData::allocate(QArrayData**, long long, long long, long long, QArrayData::AllocationOption) 0xb8f4518b0> [80]
                1 (64 bytes) <malloc in QArrayData::allocate(QArrayData**, long long, long long, long long, QArrayData::AllocationOption) 0xb8f479080> [64]
       1 (640 bytes) ROOT CYCLE: <malloc in QObjectPrivate::ConnectionData::resizeSignalVector(unsigned long) 0xb8fbcaf80> [640]

STACK OF 1 INSTANCE OF 'ROOT CYCLE: <QTimer>':
9   dyld                                  0x1972c1d54 start + 7184
8   org.itksnap                           0x100ab3a04 main + 6688  main.cxx:1082
7   org.itksnap                           0x100cfd5bc MainImageWindow::MainImageWindow(QWidget*) + 36  MainImageWindow.cxx:176
6   org.itksnap                           0x100ced664 MainImageWindow::MainImageWindow(QWidget*) + 184  MainImageWindow.cxx:177
5   org.itksnap                           0x100cf7214 Ui_MainImageWindow::setupUi(QMainWindow*) + 26944  ui_MainImageWindow.h:638
4   org.itksnap                           0x100c44f74 ViewPanel3D::ViewPanel3D(QWidget*) + 36  ViewPanel3D.cxx:30
3   org.itksnap                           0x100c42104 ViewPanel3D::ViewPanel3D(QWidget*) + 188  ViewPanel3D.cxx:34
2   libc++abi.dylib                       0x197643a78 operator new(unsigned long) + 52
1   libsystem_malloc.dylib                0x19749f7d8 _malloc + 88
0   libsystem_malloc.dylib                0x1974b7f44 _malloc_zone_malloc_instrumented_or_legacy + 152 
====
    6 (672 bytes) ROOT CYCLE: <QTimer 0xb90b07160> [32]
       5 (640 bytes) ROOT CYCLE: <QTimerPrivate 0xb922aba80> [192]
          CYCLE BACK TO <QTimer 0xb90b07160> [32]
          2 (208 bytes) ROOT CYCLE: <malloc in QObject::startTimer(std::chrono::duration<long long, std::ratio<1l, 1000000000l>>, Qt::TimerType) 0xb936e0280> [160]
             1 (48 bytes) <malloc in QArrayData::allocate(QArrayData**, long long, long long, long long, QArrayData::AllocationOption) 0xb8e9bfba0> [48]
          2 (240 bytes) <malloc in QMetaObjectPrivate::connect(QObject const*, int, QMetaObject const*, QObject const*, int, QMetaObject const*, int, int*) 0xb923f0990> [48]
             1 (192 bytes) <malloc in QObjectPrivate::ConnectionData::resizeSignalVector(unsigned long) 0xb90b9c480> [192]

STACK OF 2 INSTANCES OF 'ROOT LEAK: <malloc in Rebroadcaster::Rebroadcast(itk::Object*, itk::EventObject const&, itk::Object*, itk::EventObject const&, EventBucket*)>':
67  dyld                                  0x1972c1d54 start + 7184
66  org.itksnap                           0x100ab4e1c main + 11832  main.cxx:1348
65  org.qt-project.QtCore                 0x111f07198 QCoreApplication::exec() + 228
64  org.qt-project.QtCore                 0x111f10608 QEventLoop::exec(QFlags<QEventLoop::ProcessEventsFlag>) + 588
63  libqcocoa.dylib                       0x113ad14ec QCocoaEventDispatcher::processEvents(QFlags<QEventLoop::ProcessEventsFlag>) + 2152
62  com.apple.AppKit                      0x19bb3b780 -[NSApplication run] + 368
61  com.apple.AppKit                      0x19c609b98 -[NSApplication(NSEventRouting) nextEventMatchingMask:untilDate:inMode:dequeue:] + 72
60  com.apple.AppKit                      0x19c609e8c -[NSApplication(NSEventRouting) _nextEventMatchingEventMask:untilDate:inMode:dequeue:] + 688
59  com.apple.AppKit                      0x19bb42e48 _DPSNextEvent + 588
58  com.apple.AppKit                      0x19c045014 _DPSBlockUntilNextEventMatchingListInMode + 236
57  com.apple.HIToolbox                   0x1a43f2b64 _BlockUntilNextEventMatchingListInMode + 48
56  com.apple.HIToolbox                   0x1a4268ab8 ReceiveNextEventCommon + 488
55  com.apple.HIToolbox                   0x1a4265790 RunCurrentEventLoopInMode + 316
54  com.apple.CoreFoundation              0x1977e3f3c _CFRunLoopRunSpecificWithOptions + 532
53  com.apple.CoreFoundation              0x197729398 __CFRunLoopRun + 820
52  com.apple.CoreFoundation              0x19772a708 __CFRunLoopDoSources0 + 232
51  com.apple.CoreFoundation              0x19772a99c __CFRunLoopDoSource0 + 172
50  com.apple.CoreFoundation              0x19772aa08 __CFRUNLOOP_IS_CALLING_OUT_TO_A_SOURCE0_PERFORM_FUNCTION__ + 28
49  libqcocoa.dylib                       0x113ad3cc0 QCocoaEventDispatcherPrivate::postedEventsSourceCallback(void*) + 516
48  libqcocoa.dylib                       0x113ad2a08 QCocoaEventDispatcherPrivate::processPostedEvents() + 380
47  org.qt-project.QtCore                 0x111f07d84 QCoreApplicationPrivate::sendPostedEvents(QObject*, int, QThreadData*) + 628
46  org.itksnap                           0x100c0c8f4 SNAPQApplication::notify(QObject*, QEvent*) + 40  SNAPQApplication.cxx:58
45  org.qt-project.QtWidgets              0x1102a97d8 QApplication::notify(QObject*, QEvent*) + 468
44  org.qt-project.QtWidgets              0x1102a8758 QApplicationPrivate::notify_helper(QObject*, QEvent*) + 336
43  org.qt-project.QtCore                 0x111f50c14 QObject::event(QEvent*) + 324
42  org.qt-project.QtGui                  0x110d790c8 QAction::activate(QAction::ActionEvent) + 376
41  org.qt-project.QtCore                 0x111f592f4 void doActivate<false>(QObject*, int, void**) + 1312
40  org.itksnap                           0x100e1cc1c MainImageWindow::qt_metacall(QMetaObject::Call, int, void**) + 128  moc_MainImageWindow.cpp:551
39  org.itksnap                           0x100e1c4bc MainImageWindow::qt_static_metacall(QObject*, QMetaObject::Call, int, void**) + 448  moc_MainImageWindow.cpp:440
38  org.itksnap                           0x100d060e8 MainImageWindow::on_actionOpenMain_triggered() + 272  MainImageWindow.cxx:1811
37  org.qt-project.QtWidgets              0x1104d7354 QDialog::exec() + 508
36  org.qt-project.QtCore                 0x111f10608 QEventLoop::exec(QFlags<QEventLoop::ProcessEventsFlag>) + 588
35  libqcocoa.dylib                       0x113ad14b8 QCocoaEventDispatcher::processEvents(QFlags<QEventLoop::ProcessEventsFlag>) + 2100
34  com.apple.AppKit                      0x19c609b98 -[NSApplication(NSEventRouting) nextEventMatchingMask:untilDate:inMode:dequeue:] + 72
33  com.apple.AppKit                      0x19c609e8c -[NSApplication(NSEventRouting) _nextEventMatchingEventMask:untilDate:inMode:dequeue:] + 688
32  com.apple.AppKit                      0x19bb42e48 _DPSNextEvent + 588
31  com.apple.AppKit                      0x19c045014 _DPSBlockUntilNextEventMatchingListInMode + 236
30  com.apple.HIToolbox                   0x1a43f2b64 _BlockUntilNextEventMatchingListInMode + 48
29  com.apple.HIToolbox                   0x1a4268ab8 ReceiveNextEventCommon + 488
28  com.apple.HIToolbox                   0x1a4265790 RunCurrentEventLoopInMode + 316
27  com.apple.CoreFoundation              0x1977e3f3c _CFRunLoopRunSpecificWithOptions + 532
26  com.apple.CoreFoundation              0x197729398 __CFRunLoopRun + 820
25  com.apple.CoreFoundation              0x19772a76c __CFRunLoopDoSources0 + 332
24  com.apple.CoreFoundation              0x19772a99c __CFRunLoopDoSource0 + 172
23  com.apple.CoreFoundation              0x19772aa08 __CFRUNLOOP_IS_CALLING_OUT_TO_A_SOURCE0_PERFORM_FUNCTION__ + 28
22  libqcocoa.dylib                       0x113ad3cc0 QCocoaEventDispatcherPrivate::postedEventsSourceCallback(void*) + 516
21  libqcocoa.dylib                       0x113ad2a08 QCocoaEventDispatcherPrivate::processPostedEvents() + 380
20  org.qt-project.QtCore                 0x111f07d84 QCoreApplicationPrivate::sendPostedEvents(QObject*, int, QThreadData*) + 628
19  org.itksnap                           0x100c0c8f4 SNAPQApplication::notify(QObject*, QEvent*) + 40  SNAPQApplication.cxx:58
18  org.qt-project.QtWidgets              0x1102a97d8 QApplication::notify(QObject*, QEvent*) + 468
17  org.qt-project.QtWidgets              0x1102a8758 QApplicationPrivate::notify_helper(QObject*, QEvent*) + 336
16  org.qt-project.QtCore                 0x111f50c14 QObject::event(QEvent*) + 324
15  org.itksnap                           0x100e08ffc LatentITKEventNotifierHelper::qt_static_metacall(QObject*, QMetaObject::Call, int, void**) + 160  moc_LatentITKEventNotifier.cpp:84
14  org.itksnap                           0x100b4bc08 LatentITKEventNotifierHelper::onQueuedEvent() + 536  LatentITKEventNotifier.cxx:115
13  org.itksnap                           0x100e090e4 LatentITKEventNotifierHelper::dispatchEvent(EventBucket const&) + 48  moc_LatentITKEventNotifier.cpp:137
12  org.itksnap                           0x100e094cc void QMetaObject::activate<void, EventBucket>(QObject*, QMetaObject const*, int, void*, EventBucket const&) + 84  qobjectdefs.h:320
11  org.qt-project.QtCore                 0x111f5939c void doActivate<false>(QObject*, int, void**) + 1480
10  org.itksnap                           0x100e1af90 LayerInspectorDialog::qt_static_metacall(QObject*, QMetaObject::Call, int, void**) + 288  moc_LayerInspectorDialog.cpp:170
9   org.itksnap                           0x100ccf688 LayerInspectorDialog::onModelUpdate(EventBucket const&) + 100  LayerInspectorDialog.cxx:378
8   org.itksnap                           0x100ccdcac LayerInspectorDialog::UpdateLayers() + 28  LayerInspectorDialog.cxx:174
7   org.itksnap                           0x100ccde98 LayerInspectorDialog::GenerateModelsForLayers() + 376  LayerInspectorDialog.cxx:205
6   org.itksnap                           0x101117764 ImageLayerTableRowModel::Initialize(GlobalUIModel*, WrapperBase*) + 44  LayerTableRowModel.cxx:320
5   org.itksnap                           0x101115d68 AbstractLayerTableRowModel::Initialize(GlobalUIModel*, WrapperBase*) + 324  LayerTableRowModel.cxx:109
4   org.itksnap                           0x1012a8504 AbstractModel::Rebroadcast(itk::Object*, itk::EventObject const&, itk::EventObject const&) + 52  AbstractModel.cxx:120
3   org.itksnap                           0x1012d1eb8 Rebroadcaster::Rebroadcast(itk::Object*, itk::EventObject const&, itk::Object*, itk::EventObject const&, EventBucket*) + 344  Rebroadcaster.cxx:32
2   libc++abi.dylib                       0x197643a78 operator new(unsigned long) + 52
1   libsystem_malloc.dylib                0x19749f7d8 _malloc + 88
0   libsystem_malloc.dylib                0x1974b7f44 _malloc_zone_malloc_instrumented_or_legacy + 152 
====
    4 (224 bytes) << TOTAL >>
      ----
      2 (112 bytes) ROOT LEAK: <malloc in Rebroadcaster::Rebroadcast(itk::Object*, itk::EventObject const&, itk::Object*, itk::EventObject const&, EventBucket*) 0xb8e143420> [96]
         1 (16 bytes) <ModelUpdateEvent 0xb8eab5690> [16]
      ----
      2 (112 bytes) ROOT LEAK: <malloc in Rebroadcaster::Rebroadcast(itk::Object*, itk::EventObject const&, itk::Object*, itk::EventObject const&, EventBucket*) 0xb8e143a80> [96]
         1 (16 bytes) <ModelUpdateEvent 0xb8eab5310> [16]



Binary Images:
       0x100a8c000 -        0x105548767 +org.itksnap (4.4.0 - 59) <FE2514CD-917C-39E4-9741-15A42042B74F> /Users/*/ITK-SNAP
       0x10cc44000 -        0x10cc4bfff +libITKLabelMap-5.4.1.dylib (0) <07EE9501-A38F-3D50-984F-B704FF6DF399> /Users/*/libITKLabelMap-5.4.1.dylib
       0x10cc54000 -        0x10cc549db  libLeaksAtExit.dylib (64573.1.1) <39CEAAC5-9650-35EB-8221-C47B08152E5F> /usr/lib/libLeaksAtExit.dylib
       0x10cc68000 -        0x10cc6bfff +libITKFastMarching-5.4.1.dylib (0) <F40DC5F9-FFBF-3C70-A9B1-8D72394B9894> /Users/*/libITKFastMarching-5.4.1.dylib
       0x10cc74000 -        0x10cc7bfff +libITKConvolution-5.4.1.dylib (0) <F79D23F1-B93A-3384-9568-3F27FFA75765> /Users/*/libITKConvolution-5.4.1.dylib
       0x10cc84000 -        0x10cc8bfff +libITKBiasCorrection-5.4.1.dylib (0) <3CDCD945-D2E3-3704-B949-75F701BDA390> /Users/*/libITKBiasCorrection-5.4.1.dylib
       0x10cc94000 -        0x10cc9bfff +libITKPolynomials-5.4.1.dylib (0) <48DFA25E-0B97-3363-B206-D48F2B2A049B> /Users/*/libITKPolynomials-5.4.1.dylib
       0x10cca4000 -        0x10cca7fff +libITKColormap-5.4.1.dylib (0) <353C577B-B453-3492-A302-60D74B019C87> /Users/*/libITKColormap-5.4.1.dylib
       0x10ccb0000 -        0x10ccb7fff +libITKWatersheds-5.4.1.dylib (0) <60317993-814F-3828-B783-25CF127A4653> /Users/*/libITKWatersheds-5.4.1.dylib
       0x10ccc0000 -        0x10ccc7fff +libITKDeformableMesh-5.4.1.dylib (0) <A2F96368-629D-3C6E-92E0-5FC154A3B8D9> /Users/*/libITKDeformableMesh-5.4.1.dylib
       0x10ccd0000 -        0x10ccdbffb +libITKIOGE-5.4.1.dylib (0) <3DFD8481-700F-325A-B807-F66FE980D915> /Users/*/libITKIOGE-5.4.1.dylib
       0x10ccf0000 -        0x10ccf7fff +libITKIOSiemens-5.4.1.dylib (0) <E35E7210-A243-3BED-887A-A1F0E12C795E> /Users/*/libITKIOSiemens-5.4.1.dylib
       0x10cd08000 -        0x10cd0ffff +libITKVTK-5.4.1.dylib (0) <6B2CDC9F-C2B0-3465-8D06-121E588F3743> /Users/*/libITKVTK-5.4.1.dylib
       0x10cd1c000 -        0x10cd1ffff +libITKDenoising-5.4.1.dylib (0) <058C8B86-9C30-3667-ADF7-4FA7CC4A5CBB> /Users/*/libITKDenoising-5.4.1.dylib
       0x10cd28000 -        0x10cd2bfff +libITKDiffusionTensorImage-5.4.1.dylib (0) <96E2F40B-703E-3D62-9DDC-5C494B80ACF7> /Users/*/libITKDiffusionTensorImage-5.4.1.dylib
       0x10cd38000 -        0x10cd43fff +libITKIOBMP-5.4.1.dylib (0) <3D73A75C-92B2-3459-90BF-2F1AF38765C4> /Users/*/libITKIOBMP-5.4.1.dylib
       0x10cd54000 -        0x10cd5bfff +libITKIOBioRad-5.4.1.dylib (0) <CCD84508-FCAB-3A9A-8E1A-1E1A76987DB7> /Users/*/libITKIOBioRad-5.4.1.dylib
       0x10cd6c000 -        0x10cd77fff +libITKIOJPEG-5.4.1.dylib (0) <2460CBFF-B4A7-35E2-8188-DCEBF38079E5> /Users/*/libITKIOJPEG-5.4.1.dylib
       0x10cd88000 -        0x10cd8bfff +libitklbfgs-5.4.1.dylib (0) <30FFB0D5-9CF1-3EE3-9AE6-D4A3403CFCAA> /Users/*/libitklbfgs-5.4.1.dylib
       0x10cd94000 -        0x10cda7fff +libITKIOBruker-5.4.1.dylib (0) <FC181FD8-280B-3E35-8F0E-2314BAE2E53F> /Users/*/libITKIOBruker-5.4.1.dylib
       0x10cdbc000 -        0x10cdc3fff +libITKIOLSM-5.4.1.dylib (0) <51888AA1-2817-3395-BEB2-81A0145DC53A> /Users/*/libITKIOLSM-5.4.1.dylib
       0x10cddc000 -        0x10cdebfff +libITKIOJPEG2000-5.4.1.dylib (0) <F510C4B4-BB7C-39AA-8356-4D692BFAE554> /Users/*/libITKIOJPEG2000-5.4.1.dylib
       0x10cdfc000 -        0x10ce1bfff +libITKIOHDF5-5.4.1.dylib (0) <1D33288A-7401-3DFB-9E10-15EF84652E60> /Users/*/libITKIOHDF5-5.4.1.dylib
       0x10ce3c000 -        0x10ce47fff +libITKIOPNG-5.4.1.dylib (0) <5124C451-AC86-38AD-B897-858523EE35FA> /Users/*/libITKIOPNG-5.4.1.dylib
       0x10ce60000 -        0x10ce6fff3 +libITKIOMRC-5.4.1.dylib (0) <8639F3BB-5DF2-3CF2-896A-EE51611F6B41> /Users/*/libITKIOMRC-5.4.1.dylib
       0x10cee8000 -        0x10ceffffb +libITKIOTIFF-5.4.1.dylib (0) <DBFE642C-8BD3-3C83-ADC2-8A2C40E680D1> /Users/*/libITKIOTIFF-5.4.1.dylib
       0x10cf14000 -        0x10cf27ffb +libITKIOMINC-5.4.1.dylib (0) <A9D44E31-9D5D-3CCB-B13A-4AC0FF3FAE51> /Users/*/libITKIOMINC-5.4.1.dylib
       0x10cf3c000 -        0x10cf47fff +libITKIOStimulate-5.4.1.dylib (0) <8EBC9BD3-4D08-3865-B453-7290B41A8412> /Users/*/libITKIOStimulate-5.4.1.dylib
       0x10cf58000 -        0x10cf5ffff +libITKPDEDeformableRegistration-5.4.1.dylib (0) <A0BF332D-3FD1-3EEC-AC5A-14D8CE24C2F4> /Users/*/libITKPDEDeformableRegistration-5.4.1.dylib
       0x10cf68000 -        0x10cf6ffff +libITKMarkovRandomFieldsClassifiers-5.4.1.dylib (0) <C3269900-DC15-3D79-8710-29519437C08E> /Users/*/libITKMarkovRandomFieldsClassifiers-5.4.1.dylib
       0x10cf78000 -        0x10cf87ff3 +libITKIOMeshBYU-5.4.1.dylib (0) <8BB495DF-17BA-3938-A220-FAC0923628B1> /Users/*/libITKIOMeshBYU-5.4.1.dylib
       0x10cf98000 -        0x10cfa3ffb +libITKIOTransformMatlab-5.4.1.dylib (0) <97CA839E-0C5A-3172-BEE2-8FB730232245> /Users/*/libITKIOTransformMatlab-5.4.1.dylib
       0x10cfb8000 -        0x10cfbbfff +libITKSmoothing-5.4.1.dylib (0) <F185CFF5-8FBD-36F8-B1DC-02D09B776D8F> /Users/*/libITKSmoothing-5.4.1.dylib
       0x10cfc4000 -        0x10cfdbff7 +libITKIOMeshFreeSurfer-5.4.1.dylib (0) <E2224EB6-DA54-3450-90D8-B465C98D399D> /Users/*/libITKIOMeshFreeSurfer-5.4.1.dylib
       0x10cff0000 -        0x10d003fff +libITKIOMeshGifti-5.4.1.dylib (0) <3D528669-C195-3DCA-A714-133AB36E8CE0> /Users/*/libITKIOMeshGifti-5.4.1.dylib
       0x10d018000 -        0x10d02bff7 +libITKIOMeshOBJ-5.4.1.dylib (0) <3FDEE658-593F-30C2-BACB-6790E2DD61D0> /Users/*/libITKIOMeshOBJ-5.4.1.dylib
       0x10d040000 -        0x10d053ffb +libITKIOMeshOFF-5.4.1.dylib (0) <0AD4E5F9-3CC7-334C-B11A-E87D69304CD6> /Users/*/libITKIOMeshOFF-5.4.1.dylib
       0x10d068000 -        0x10d07bffb +libITKIOTransformHDF5-5.4.1.dylib (0) <E8E1E115-5FDE-350C-9C1F-D7CFC77B07D9> /Users/*/libITKIOTransformHDF5-5.4.1.dylib
       0x10d094000 -        0x10d0a3ffb +libITKIOTransformInsightLegacy-5.4.1.dylib (0) <19B3EBB7-1A9B-323E-A0CB-B79FCC6DA94D> /Users/*/libITKIOTransformInsightLegacy-5.4.1.dylib
       0x10d0b8000 -        0x10d0bffff +libITKQuadEdgeMeshFiltering-5.4.1.dylib (0) <11BC0923-3D0F-3629-9956-BB477F99C975> /Users/*/libITKQuadEdgeMeshFiltering-5.4.1.dylib
       0x10d0cc000 -        0x10d0d3ff3 +libITKIOCSV-5.4.1.dylib (0) <757D2296-405B-330B-9538-D837D5444CA4> /Users/*/libITKIOCSV-5.4.1.dylib
       0x10d0e8000 -        0x10d103ff7 +libITKDICOMParser-5.4.1.dylib (0) <7CA9D435-0E62-3AF7-813B-65D0F2CE67DC> /Users/*/libITKDICOMParser-5.4.1.dylib
       0x10d118000 -        0x10d11ffff +libITKRegionGrowing-5.4.1.dylib (0) <234CCEF8-48BC-3C51-92AE-80B5E24A27C9> /Users/*/libITKRegionGrowing-5.4.1.dylib
       0x10d128000 -        0x10d12ffff +libITKRegistrationMethodsv4-5.4.1.dylib (0) <7940EEBC-159F-3F2B-B341-30DD0CDFAE06> /Users/*/libITKRegistrationMethodsv4-5.4.1.dylib
       0x10d13c000 -        0x10d1980ff +libssh.4.11.0.dylib (0) <67D17072-B9FA-39D1-8F39-C0E0C1AE1620> /opt/homebrew/*/libssh.4.11.0.dylib
       0x10d1c0000 -        0x10d1cbfff +libITKKLMRegionGrowing-5.4.1.dylib (0) <475CBD75-80F3-3FAB-8F98-470919D59FA0> /Users/*/libITKKLMRegionGrowing-5.4.1.dylib
       0x10d1dc000 -        0x10d38ffff +libITKTestKernel-5.4.1.dylib (0) <E47A1E0F-53AC-3920-AEA4-AD8B7AC490D8> /Users/*/libITKTestKernel-5.4.1.dylib
       0x10d4d4000 -        0x10d573ffb +libITKIOMeshVTK-5.4.1.dylib (0) <911C62A6-7513-32A3-9923-A5A7AEE53D11> /Users/*/libITKIOMeshVTK-5.4.1.dylib
       0x10d594000 -        0x10d59bfff +libITKImageFeature-5.4.1.dylib (0) <7FCAA004-61B2-3C3C-818A-4C83163A22AA> /Users/*/libITKImageFeature-5.4.1.dylib
       0x10d5a4000 -        0x10d5a7fff +libITKznz-5.4.1.dylib (0) <0467FE86-CFB3-32C9-98D4-67C356BAA89B> /Users/*/libITKznz-5.4.1.dylib
       0x10d5b0000 -        0x10d5bbfff +libITKVideoIO-5.4.1.dylib (0) <FFF46582-8028-373A-BDCF-E63375AA6B64> /Users/*/libITKVideoIO-5.4.1.dylib
       0x10d5d0000 -        0x10d5f3ffb +libITKIOSpatialObjects-5.4.1.dylib (0) <440A6350-F7E0-3F65-A91B-EF90CC6E210E> /Users/*/libITKIOSpatialObjects-5.4.1.dylib
       0x10d610000 -        0x10d627fff +libITKOptimizersv4-5.4.1.dylib (0) <0740B621-15CB-34CC-B92E-3FF83C59B5C1> /Users/*/libITKOptimizersv4-5.4.1.dylib
       0x10d640000 -        0x10d64bff7 +libITKVideoCore-5.4.1.dylib (0) <84677157-BDBA-3D74-8629-34FFD5516EE9> /Users/*/libITKVideoCore-5.4.1.dylib
       0x10d65c000 -        0x10d663fff +libITKMathematicalMorphology-5.4.1.dylib (0) <7C31A2AF-7875-3E6B-98C8-F7C9E0A250AF> /Users/*/libITKMathematicalMorphology-5.4.1.dylib
       0x10d66c000 -        0x10d673fff +libITKQuadEdgeMesh-5.4.1.dylib (0) <868760F2-7920-3BCB-90B6-68CF6FC62E8F> /Users/*/libITKQuadEdgeMesh-5.4.1.dylib
       0x10d67c000 -        0x10d68bfff +libITKIOIPL-5.4.1.dylib (0) <3EA71919-3F26-35D8-9A4E-DF5DAD92784E> /Users/*/libITKIOIPL-5.4.1.dylib
       0x10d6a0000 -        0x10d6a7fff +libITKMesh-5.4.1.dylib (0) <60DED452-23BF-3734-94DE-02E7AA05BFE7> /Users/*/libITKMesh-5.4.1.dylib
       0x10d6b0000 -        0x10d6e3ff7 +libITKOptimizers-5.4.1.dylib (0) <A1D4FCD9-350B-333D-BF49-9A3FFAF2E8F7> /Users/*/libITKOptimizers-5.4.1.dylib
       0x10d704000 -        0x10d70ffff +libitkgdcmIOD-5.4.1.dylib (0) <A611331F-4606-3FBF-AAE1-EEEBE003E112> /Users/*/libitkgdcmIOD-5.4.1.dylib
       0x10d728000 -        0x10d73bfff +libITKIOXML-5.4.1.dylib (0) <1FCD5512-5D34-3597-8E01-D6C7EBD60CEF> /Users/*/libITKIOXML-5.4.1.dylib
       0x10d750000 -        0x10d75bfff +libitkgdcmCommon-5.4.1.dylib (0) <4AB32603-28F5-3DB8-A3A4-DA6704C2B484> /Users/*/libitkgdcmCommon-5.4.1.dylib
       0x10d76c000 -        0x10d777fff +libITKIOGIPL-5.4.1.dylib (0) <1DDAA3BF-64B2-3C8D-8B30-067C0B74AE25> /Users/*/libITKIOGIPL-5.4.1.dylib
       0x10d788000 -        0x10d7a3ffb +libITKIOGDCM-5.4.1.dylib (0) <ECECC388-4A31-3BAA-A760-28D9A7976223> /Users/*/libITKIOGDCM-5.4.1.dylib
       0x10d7c0000 -        0x10d7c3fff +libITKTransform-5.4.1.dylib (0) <3F784E46-1C6F-332F-8A57-9C782C4A1D05> /Users/*/libITKTransform-5.4.1.dylib
       0x10d7d4000 -        0x10d7dbfff +libitkNetlibSlatec-5.4.1.dylib (0) <D5D0022D-6C2A-3E79-8E8C-50C3E98C3634> /Users/*/libitkNetlibSlatec-5.4.1.dylib
       0x10d7e8000 -        0x10d7f7fff +libITKIOMeta-5.4.1.dylib (0) <4787F40D-CA8B-3C76-9FC5-27F44C5ACB53> /Users/*/libITKIOMeta-5.4.1.dylib
       0x10d810000 -        0x10d81fff7 +libITKIONRRD-5.4.1.dylib (0) <6DB3E9CC-56E2-3908-8448-EEF998CBCF3B> /Users/*/libITKIONRRD-5.4.1.dylib
       0x10d834000 -        0x10d837fff +libITKVNLInstantiation-5.4.1.dylib (0) <73908D95-CF5D-3F77-82B1-BF6F109E694C> /Users/*/libITKVNLInstantiation-5.4.1.dylib
       0x10d840000 -        0x10d85bfff +libITKIONIFTI-5.4.1.dylib (0) <FBED15ED-ED2D-33CA-81F3-B9938743BB82> /Users/*/libITKIONIFTI-5.4.1.dylib
       0x10d870000 -        0x10d87ffff +libITKIOVTK-5.4.1.dylib (0) <3E7F2A37-D0C6-33C3-B054-B6A89246B919> /Users/*/libITKIOVTK-5.4.1.dylib
       0x10d894000 -        0x10d8a3fff +libITKStatistics-5.4.1.dylib (0) <133F54A4-E728-3843-84C9-2DFB552930A7> /Users/*/libITKStatistics-5.4.1.dylib
       0x10d8b4000 -        0x10d8bbffb +libITKPath-5.4.1.dylib (0) <FD4D156E-3DD6-38AC-92FC-3B2745FC8F8F> /Users/*/libITKPath-5.4.1.dylib
       0x10d8c8000 -        0x10d96ffff +libITKFFT-5.4.1.dylib (0) <D791B614-4DC3-3C74-804C-805422C7AC81> /Users/*/libITKFFT-5.4.1.dylib
       0x10da40000 -        0x10dabbffb +libitkgdcmDSED-5.4.1.dylib (0) <B194B90B-4F91-3BD6-BFC8-F6F55DA6B66E> /Users/*/libitkgdcmDSED-5.4.1.dylib
       0x10daf0000 -        0x10db5bfff +libITKMetaIO-5.4.1.dylib (0) <1700447F-4CA5-3A84-A544-7B6A341AECD7> /Users/*/libITKMetaIO-5.4.1.dylib
       0x10db84000 -        0x10dbabff7 +libITKNrrdIO-5.4.1.dylib (0) <91BEAF8D-FFD4-382B-BD3B-2C0D55919E42> /Users/*/libITKNrrdIO-5.4.1.dylib
       0x10dbc0000 -        0x10dbc3fff +libitkvcl-5.4.1.dylib (0) <249AD557-A8A3-3D73-BE88-D5F4AD250EC2> /Users/*/libitkvcl-5.4.1.dylib
       0x10dbd8000 -        0x10dbe3ff3 +libITKIOMeshBase-5.4.1.dylib (0) <8158C81D-82ED-3DF6-819F-A5F65B77E319> /Users/*/libITKIOMeshBase-5.4.1.dylib
       0x10dbfc000 -        0x10dd3bff7 +libitkgdcmMSFF-5.4.1.dylib (0) <9278C91C-032B-38EB-9AAA-A4390EB08E21> /Users/*/libitkgdcmMSFF-5.4.1.dylib
       0x10ddbc000 -        0x10de23fff +libitkgdcmDICT-5.4.1.dylib (0) <1D8D4729-D30C-3391-8898-99B4FFDFC2FF> /Users/*/libitkgdcmDICT-5.4.1.dylib
       0x10df64000 -        0x10df87ffb +libITKSpatialObjects-5.4.1.dylib (0) <2D833201-1C4E-30E5-A44D-0A3FA47FDF11> /Users/*/libITKSpatialObjects-5.4.1.dylib
       0x10dfa4000 -        0x10dfc7ff7 +libitkopenjpeg-5.4.1.dylib (0) <8BD45F13-39CF-39B6-B2E6-2CDC5BDB5807> /Users/*/libitkopenjpeg-5.4.1.dylib
       0x10dfd8000 -        0x10e007ffb +libitkpng-5.4.1.dylib (0) <75548106-D3AC-3A67-8861-CE855DAB4CAD> /Users/*/libitkpng-5.4.1.dylib
       0x10e014000 -        0x10e033ff7 +libITKgiftiio-5.4.1.dylib (0) <3A90B747-88E0-396A-8BF2-B24D530FB9B6> /Users/*/libITKgiftiio-5.4.1.dylib
       0x10e040000 -        0x10e093ffb +libitktiff-5.4.1.dylib (0) <33582A26-049C-3CF1-9254-1B12B7AB0F8D> /Users/*/libitktiff-5.4.1.dylib
       0x10e0a8000 -        0x10e0e7ff7 +libitkjpeg-5.4.1.dylib (0) <3E4D2373-1F98-30F9-B454-68C5F45EE7D9> /Users/*/libitkjpeg-5.4.1.dylib
       0x10e0f4000 -        0x10e13bfff +libitkminc2-5.4.1.dylib (0) <D5E667C1-20BB-3990-9E16-7E7EC8995A0C> /Users/*/libitkminc2-5.4.1.dylib
       0x10e154000 -        0x10e173fff +libITKEXPAT-5.4.1.dylib (0) <A0009811-B740-3E85-902A-7A69CF9B8B82> /Users/*/libITKEXPAT-5.4.1.dylib
       0x10e180000 -        0x10e18bfff +libitkdouble-conversion-5.4.1.dylib (0) <18415096-1FB1-39A4-930F-FD82E86131D9> /Users/*/libitkdouble-conversion-5.4.1.dylib
       0x10e198000 -        0x10e19bfff +libitkgdcmuuid-5.4.1.dylib (0) <FDCC3FCE-EC83-3310-B128-70C47B42255D> /Users/*/libitkgdcmuuid-5.4.1.dylib
       0x10e1b4000 -        0x10e1cfffb +libITKIOImageBase-5.4.1.dylib (0) <528E1DEA-7F92-367F-B6BE-4A566DD09973> /Users/*/libITKIOImageBase-5.4.1.dylib
       0x10e1e8000 -        0x10e203ff3 +libITKniftiio-5.4.1.dylib (0) <6C682A7C-8500-385E-9827-31174673FAB6> /Users/*/libITKniftiio-5.4.1.dylib
       0x10e210000 -        0x10e227ff3 +libitkhdf5_hl-shared-5.4.1.dylib (0) <CA6C70D4-558F-367F-9CE3-AF1CE2FC9CDA> /Users/*/libitkhdf5_hl-shared-5.4.1.dylib
       0x10e238000 -        0x10e253ff7 +libitkzlib-5.4.1.3.0.zlib-ng.dylib (0) <81C1E62F-BEE2-3BBC-981D-285974125F5E> /Users/*/libitkzlib-5.4.1.3.0.zlib-ng.dylib
       0x10e260000 -        0x10e2633d7 +org.qt-project.QtConcurrent (6.10 - 6.10.2) <ED38E238-315B-3DB0-84A4-49D9D491A1C3> /opt/homebrew/*/QtConcurrent.framework/Versions/A/QtConcurrent
       0x10e280000 -        0x10e2bbff7 +libitkhdf5_cpp-shared-5.4.1.dylib (0) <F7D1E3E7-923C-3A1A-BAA9-C7C715599D70> /Users/*/libitkhdf5_cpp-shared-5.4.1.dylib
       0x10e2f4000 -        0x10e2fc164 +org.qt-project.QtOpenGLWidgets (6.10 - 6.10.2) <B9EFE023-2EE5-3C6C-A2FB-70F11EC0C933> /opt/homebrew/*/QtOpenGLWidgets.framework/Versions/A/QtOpenGLWidgets
       0x10e314000 -        0x10e31524f +libgthread-2.0.0.dylib (0) <CE236813-1214-3E2A-B7A3-27084F2FE88B> /opt/homebrew/*/libgthread-2.0.0.dylib
       0x10e334000 -        0x10e357ff7 +libITKIOTransformBase-5.4.1.dylib (0) <339BC392-B187-3B0C-8C5C-DBBEF05D9B4F> /Users/*/libITKIOTransformBase-5.4.1.dylib
       0x10e378000 -        0x10e39a087 +libpng16.16.dylib (0) <11C3D31C-B2D4-34BC-A95E-FB64D7B869F7> /opt/homebrew/*/libpng16.16.dylib
       0x10e3ac000 -        0x10e3b764b +libmd4c.0.5.2.dylib (0) <1A08CF60-8D8B-3F61-BCBD-AB86AEE61BC3> /opt/homebrew/*/libmd4c.0.5.2.dylib
       0x10e3c8000 -        0x10e3f7ff3 +libitksys-5.4.1.dylib (0) <CE88B711-EE17-37A8-A747-F403C5420234> /Users/*/libitksys-5.4.1.dylib
       0x10e434000 -        0x10e43c90f +libdouble-conversion.3.4.0.dylib (0) <A37DDDD2-A19D-363B-B32A-90DA247139E4> /opt/homebrew/*/libdouble-conversion.3.4.0.dylib
       0x10e450000 -        0x10e455a87 +libb2.1.dylib (0) <CDB9743E-4399-33D0-A9AF-8667F7F00478> /opt/homebrew/*/libb2.1.dylib
       0x10e47c000 -        0x10e4f7ff7 +libITKCommon-5.4.1.dylib (0) <2D0ABFE8-76C6-36E9-910F-4FDF7FEDB4DC> /Users/*/libITKCommon-5.4.1.dylib
       0x10e584000 -        0x10e5affff +libitkgdcmjpeg8-5.4.1.dylib (0) <3F6CBBFC-BF8F-3C7C-A531-42EB3BE470B1> /Users/*/libitkgdcmjpeg8-5.4.1.dylib
       0x10e5bc000 -        0x10e5e7fff +libitkgdcmjpeg12-5.4.1.dylib (0) <E8B69781-6D64-363B-954B-1FA52E43A186> /Users/*/libitkgdcmjpeg12-5.4.1.dylib
       0x10e5f4000 -        0x10e61ffff +libitkgdcmjpeg16-5.4.1.dylib (0) <C3998624-D9BB-3512-A3DE-B533F01D304B> /Users/*/libitkgdcmjpeg16-5.4.1.dylib
       0x10e62c000 -        0x10e66bff7 +libitkgdcmopenjp2-5.4.1.dylib (0) <C231C838-5435-3AA4-A829-B4E93FE5ED0A> /Users/*/libitkgdcmopenjp2-5.4.1.dylib
       0x10e678000 -        0x10e68109b +libbrotlidec.1.2.0.dylib (0) <C7D658EC-F84B-33A4-9AD7-B31C103FB593> /opt/homebrew/*/libbrotlidec.1.2.0.dylib
       0x10e6a8000 -        0x10e9f7fff +libitkhdf5-shared-5.4.1.dylib (0) <287BE441-A5DF-36EF-A3F1-B170FC10E5EA> /Users/*/libitkhdf5-shared-5.4.1.dylib
       0x10ea60000 -        0x10eadbff7 +libitkvnl_algo-5.4.1.dylib (0) <FDEB7CC4-B863-3291-9BA9-40AE4A93D8C1> /Users/*/libitkvnl_algo-5.4.1.dylib
       0x10eb34000 -        0x10ebe7ff7 +libitkv3p_netlib-5.4.1.dylib (0) <A4EB5059-BBAA-3B1F-AAB9-405F0B4E1F0D> /Users/*/libitkv3p_netlib-5.4.1.dylib
       0x10ebfc000 -        0x10ec62bdb +org.qt-project.QtOpenGL (6.10 - 6.10.2) <89229113-9E9A-382E-9426-6BEBDF8BBA8C> /opt/homebrew/*/QtOpenGL.framework/Versions/A/QtOpenGL
       0x10ecac000 -        0x10ece7ff3 +libitkgdcmcharls-5.4.1.dylib (0) <1F1CDEC0-1D08-315F-9505-246E44D4E52C> /Users/*/libitkgdcmcharls-5.4.1.dylib
       0x10ed08000 -        0x10ed2d9b7 +libintl.8.dylib (0) <9EF58F71-571D-352E-BB98-6E9754D6B30B> /opt/homebrew/*/libintl.8.dylib
       0x10ed40000 -        0x10ed6f41f +libdbus-1.3.dylib (0) <D67BD0E2-713D-3B96-8916-513463708577> /opt/homebrew/*/libdbus-1.3.dylib
       0x10ed90000 -        0x10eda34e7 +libgraphite2.3.2.1.dylib (0) <481F6D39-27E3-3C77-A203-99DDB4E2DE7F> /opt/homebrew/*/libgraphite2.3.2.1.dylib
       0x10ede0000 -        0x10edffcef +libbrotlicommon.1.2.0.dylib (0) <EBF79AEC-78A4-3105-884D-0A459C69A38C> /opt/homebrew/*/libbrotlicommon.1.2.0.dylib
       0x10ee2c000 -        0x10f06bfff +libITKTransformFactory-5.4.1.dylib (0) <39EA1C43-12B0-394E-8182-8BA2DA69DAD7> /Users/*/libITKTransformFactory-5.4.1.dylib
       0x10f1fc000 -        0x10f27e96f +org.qt-project.QtDBus (6.10 - 6.10.2) <FE58B971-337A-3204-91F6-C7BDFD3D623C> /opt/homebrew/*/QtDBus.framework/Versions/A/QtDBus
       0x10f2f8000 -        0x10f371837 +libfreetype.6.dylib (0) <8D0BEFD4-703C-33A1-9690-56D4B099B308> /opt/homebrew/*/libfreetype.6.dylib
       0x10f3f8000 -        0x10f40003f  libobjc-trampolines.dylib (951.1) <F26AF954-D1F7-31AA-9981-1BAD216149D9> /usr/lib/libobjc-trampolines.dylib
       0x10f40c000 -        0x10f5439eb +org.qt-project.QtNetwork (6.10 - 6.10.2) <F28A78AA-942B-3E25-874E-0FD6279A48CA> /opt/homebrew/*/QtNetwork.framework/Versions/A/QtNetwork
       0x10f620000 -        0x10f71c037 +libglib-2.0.0.dylib (0) <94661488-F44F-3679-86FE-1CE5A5D9C1FD> /opt/homebrew/*/libglib-2.0.0.dylib
       0x10f770000 -        0x10f7e4b87 +libpcre2-8.0.dylib (0) <AC59AE27-0884-3DF1-BAF1-38015AA7768B> /opt/homebrew/*/libpcre2-8.0.dylib
       0x10f800000 -        0x10f86d827 +libpcre2-16.0.dylib (0) <D4323C04-D0C2-3F9F-A6FC-0975D7C7501F> /opt/homebrew/*/libpcre2-16.0.dylib
       0x10f89c000 -        0x10f957579 +libharfbuzz.0.dylib (0) <67CF7C00-9BFE-3FC6-B4D1-769FFC46BC68> /opt/homebrew/*/libharfbuzz.0.dylib
       0x10fa4c000 -        0x10fec3fff +libitkvnl-5.4.1.dylib (0) <8F02E0AD-7496-3503-B512-AE4FAAF27C41> /Users/*/libitkvnl-5.4.1.dylib
       0x11029c000 -        0x110705eab +org.qt-project.QtWidgets (6.10 - 6.10.2) <04173F0F-2551-3E77-BC96-C5163A6F0BF8> /opt/homebrew/*/QtWidgets.framework/Versions/A/QtWidgets
       0x110978000 -        0x110f19a6b +org.qt-project.QtGui (6.10 - 6.10.2) <9DC3CA19-FFB7-36F3-AA97-26AB7011F5F9> /opt/homebrew/*/QtGui.framework/Versions/A/QtGui
       0x1111bc000 -        0x111570e85 +org.qt-project.QtQml (6.10 - 6.10.2) <C02F49EE-EDB2-3E27-926A-6E17D3F70C0B> /opt/homebrew/*/QtQml.framework/Versions/A/QtQml
       0x111878000 -        0x1118ff44f +libzstd.1.5.7.dylib (0) <1CE1197A-4A2B-3036-984E-95599210332B> /opt/homebrew/*/libzstd.1.5.7.dylib
       0x1119dc000 -        0x1119e2af5 +libqgif.dylib (0) <99A6034D-44EA-3A7E-B361-E9CAA189D804> /opt/homebrew/*/libqgif.dylib
       0x1119f8000 -        0x111a8842f +libssl.3.dylib (0) <5699D44C-CC20-3420-861F-EF110AF1E1FA> /opt/homebrew/*/libssl.3.dylib
       0x111ae0000 -        0x111c92813 +libicui18n.78.2.dylib (0) <77F6958D-EE70-3616-83B8-CDA8CEE757C8> /opt/homebrew/*/libicui18n.78.2.dylib
       0x111e6c000 -        0x1122e4657 +org.qt-project.QtCore (6.10 - 6.10.2) <7B81919F-943F-3509-BB16-DBF146C4AAC1> /opt/homebrew/*/QtCore.framework/Versions/A/QtCore
       0x112504000 -        0x112841f2f +libcrypto.3.dylib (0) <73C02AD5-A80C-3620-BEB7-8A6E51366B7C> /opt/homebrew/*/libcrypto.3.dylib
       0x1129a4000 -        0x112ae205f +libicuuc.78.2.dylib (0) <A8753081-D7AD-32F7-AFA2-C5367F4D30EE> /opt/homebrew/*/libicuuc.78.2.dylib
       0x112b70000 -        0x112b92e77 +libqmacstyle.dylib (0) <66B5C8C7-892D-39AF-96C1-9059BFA9757A> /opt/homebrew/*/libqmacstyle.dylib
       0x113abc000 -        0x113b69817 +libqcocoa.dylib (0) <89A6E714-1289-3EF8-89C8-00C715DD9B78> /opt/homebrew/*/libqcocoa.dylib
       0x114b1c000 -        0x116aaf87f +libicudata.78.2.dylib (0) <43C65598-8D23-3A63-95C7-17EC6D829426> /opt/homebrew/*/libicudata.78.2.dylib
       0x11e060000 -        0x11e0c1d77  com.apple.AppleMetalOpenGLRenderer (1.0 - 1) <66A35BA7-F2F4-3A44-9A0C-8440564E9578> /System/Library/Extensions/AppleMetalOpenGLRenderer.bundle/Contents/MacOS/AppleMetalOpenGLRenderer
       0x12af10000 -        0x12b6d057f  com.apple.AGXMetalG14G (345.20.4 - 345.20.4) <359B5483-AA76-3557-A92F-A8CE7665F742> /System/Library/Extensions/AGXMetalG14G.bundle/Contents/MacOS/AGXMetalG14G
       0x197234000 -        0x1972874bb  libobjc.A.dylib (951.1) <9E66CFF2-3EBD-3242-8166-D5D0C204755B> /usr/lib/libobjc.A.dylib
       0x197288000 -        0x1972b8bcb  libdyld.dylib (1340) <D0CBB392-9301-3174-8904-D869F1D973CF> /usr/lib/system/libdyld.dylib
       0x1972b9000 -        0x197358713  dyld (1.0.0 - 1340) <BC4DB5F4-1C64-3706-8006-73B78C3E1F1A> /usr/lib/dyld
       0x197359000 -        0x19735c1d0  libsystem_blocks.dylib (96) <F1D9FC62-B5CE-3FB6-B264-B1933396C05F> /usr/lib/system/libsystem_blocks.dylib
       0x19735d000 -        0x1973b207f  libxpc.dylib (3089.80.10) <3B264F68-2825-3790-8796-4B49581D6425> /usr/lib/system/libxpc.dylib
       0x1973b3000 -        0x1973d395f  libsystem_trace.dylib (1815.80.2) <2CE5667A-97C5-35F3-8124-BB48185D0D3D> /usr/lib/system/libsystem_trace.dylib
       0x1973d4000 -        0x197480ccf  libcorecrypto.dylib (1922.80.7) <A6FB5220-05F1-36A3-93CA-E45F15C98D3A> /usr/lib/system/libcorecrypto.dylib
       0x197481000 -        0x1974ccc67  libsystem_malloc.dylib (792.80.2) <221D1476-49F1-3370-A1DE-82991ACDB932> /usr/lib/system/libsystem_malloc.dylib
       0x1974cd000 -        0x197513e5f  libdispatch.dylib (1542.0.4) <4C58AB31-F363-3E75-A8F8-302105812DBF> /usr/lib/system/libdispatch.dylib
       0x197514000 -        0x197516feb  libsystem_featureflags.dylib (101) <36BE75BA-0B53-3ACA-ABAF-C639D711C90B> /usr/lib/system/libsystem_featureflags.dylib
       0x197517000 -        0x197599047  libsystem_c.dylib (1725.40.4) <EB569350-0696-3397-838E-0344948107C0> /usr/lib/system/libsystem_c.dylib
       0x19759a000 -        0x19762cea3  libc++.1.dylib (2000.67) <2DCB82A8-F83C-3656-B99E-B22415EA2AAA> /usr/lib/libc++.1.dylib
       0x19762d000 -        0x19764792f  libc++abi.dylib (2000.67) <581F1CC9-CE04-30EF-AB06-1638E36161A7> /usr/lib/libc++abi.dylib
       0x197648000 -        0x19768449f  libsystem_kernel.dylib (12377.81.4) <B809799C-0EC9-3EE1-B730-342BDBF14E03> /usr/lib/system/libsystem_kernel.dylib
       0x197685000 -        0x197691acb  libsystem_pthread.dylib (539.80.3) <0596A7B6-BCE2-3F06-A2E8-3EAAB5371ED8> /usr/lib/system/libsystem_pthread.dylib
       0x197692000 -        0x19769a4af  libsystem_platform.dylib (359.80.2) <62C9CD37-272D-3D2D-9A1C-6F4EF24F7EC7> /usr/lib/system/libsystem_platform.dylib
       0x19769b000 -        0x1976cae23  libsystem_info.dylib (600) <05CCB208-0B54-38D8-B736-6C7043F446AA> /usr/lib/system/libsystem_info.dylib
       0x1976cb000 -        0x197c142bf  com.apple.CoreFoundation (6.9 - 4302) <02762698-9950-3C66-8116-A3A565972A49> /System/Library/Frameworks/CoreFoundation.framework/Versions/A/CoreFoundation
       0x197c15000 -        0x197f307bf  com.apple.LaunchServices (1141.1 - 1141.1) <9AFF1770-4AA1-3B52-9E33-6F91E1849A9E> /System/Library/Frameworks/CoreServices.framework/Versions/A/Frameworks/LaunchServices.framework/Versions/A/LaunchServices
       0x197f31000 -        0x198114d3f  com.apple.gpusw.MetalTools (1.0 - 1) <15A3C78C-DDC1-3B6B-82C6-A2066EEEBEDD> /System/Library/PrivateFrameworks/MetalTools.framework/Versions/A/MetalTools
       0x198115000 -        0x1988f3e3f  libBLAS.dylib (1545.81.3) <75601A35-48DB-331C-AB2D-DCCE9C566E58> /System/Library/Frameworks/Accelerate.framework/Versions/A/Frameworks/vecLib.framework/Versions/A/libBLAS.dylib
       0x1988f4000 -        0x198a08adf  com.apple.Lexicon-framework (1.0 - 195.1.5) <CD64AA90-FB18-3168-9411-1EC538469F5F> /System/Library/PrivateFrameworks/Lexicon.framework/Versions/A/Lexicon
       0x198a09000 -        0x198b7b237  libSparse.dylib (184.80.2) <C4E980E2-6D72-33CC-94BF-B081E4B2FDA0> /System/Library/Frameworks/Accelerate.framework/Versions/A/Frameworks/vecLib.framework/Versions/A/libSparse.dylib
       0x198b7c000 -        0x198c0f6fb  com.apple.SystemConfiguration (1.21 - 1.21) <03D1F2EA-F649-3B3B-8BA0-69FFFE117405> /System/Library/Frameworks/SystemConfiguration.framework/Versions/A/SystemConfiguration
       0x198c10000 -        0x198c44fbb  libCRFSuite.dylib (55) <B9E5C113-D809-3E9B-ADED-BF338771D129> /usr/lib/libCRFSuite.dylib
       0x198c45000 -        0x198f1c57f  libmecabra.dylib (1121) <06459F77-3BF2-38AA-81B4-1DFE43F669E0> /usr/lib/libmecabra.dylib
       0x198f1d000 -        0x199ec0c1f  com.apple.Foundation (6.9 - 4302) <D17BA2E6-FAB3-33AD-9F98-D4E65847EA65> /System/Library/Frameworks/Foundation.framework/Versions/C/Foundation
       0x199ec1000 -        0x19a07eb1f  com.apple.LanguageModeling (1.0 - 432) <CA71262B-F51D-33B0-A9BB-492454D4D50A> /System/Library/PrivateFrameworks/LanguageModeling.framework/Versions/A/LanguageModeling
       0x19a07f000 -        0x19a1a2edf  com.apple.CoreDisplay (291.3 - 291.3) <5C3B9FF1-311E-3EAA-B2BD-D50C6ABC0A1F> /System/Library/Frameworks/CoreDisplay.framework/Versions/A/CoreDisplay
       0x19a1a3000 -        0x19a56d4ff  com.apple.audio.AudioToolboxCore (1.0 - 1556.418.1) <D4E4A8CB-FE8D-3FE5-99AE-86D6DFF8A97B> /System/Library/PrivateFrameworks/AudioToolboxCore.framework/Versions/A/AudioToolboxCore
       0x19a56e000 -        0x19a79a8bf  com.apple.CoreText (877.3.0.1 - 877.3.0.1) <AC182540-5079-3B25-B6E2-0874087BB107> /System/Library/Frameworks/CoreText.framework/Versions/A/CoreText
       0x19a79b000 -        0x19af4c39f  com.apple.audio.CoreAudio (5.0 - 5.0) <C0E6C187-F861-3F18-B4D8-25E77FC161A4> /System/Library/Frameworks/CoreAudio.framework/Versions/A/CoreAudio
       0x19af4d000 -        0x19b37183f  com.apple.security (7.0 - 61901.80.25) <1461EF55-E8A2-35BF-94FB-9686ED1DA702> /System/Library/Frameworks/Security.framework/Versions/A/Security
       0x19b372000 -        0x19b64356b  libicucore.A.dylib (76142.3.1.1) <9B3BCF84-8E73-3421-A808-D3017ACD1294> /usr/lib/libicucore.A.dylib
       0x19b644000 -        0x19b64e397  libsystem_darwin.dylib (1725.40.4) <EAC9A3D8-2048-3E6A-BA11-77D1C25C0EF3> /usr/lib/system/libsystem_darwin.dylib
       0x19b64f000 -        0x19b94839f  com.apple.CoreServices.CarbonCore (1333 - 1333) <F5924C0D-5C7C-3587-9A43-C7048C2865AC> /System/Library/Frameworks/CoreServices.framework/Versions/A/Frameworks/CarbonCore.framework/Versions/A/CarbonCore
       0x19b949000 -        0x19b9894cb  com.apple.CoreServicesInternal (505 - 505) <BBD8DD43-3E71-3344-99FF-D3C698DD0305> /System/Library/PrivateFrameworks/CoreServicesInternal.framework/Versions/A/CoreServicesInternal
       0x19b98a000 -        0x19b9c9bbf  com.apple.CSStore (1141.1 - 1141.1) <31ABD7AC-0E11-3DC4-B501-B064A1249992> /System/Library/PrivateFrameworks/CoreServicesStore.framework/Versions/A/CoreServicesStore
       0x19b9ca000 -        0x19bab463f  com.apple.framework.IOKit (2.0.2 - 100222.80.4) <62C53EB4-19E1-3B94-B34D-5CE54CFBA1E4> /System/Library/Frameworks/IOKit.framework/Versions/A/IOKit
       0x19bab5000 -        0x19bac6ff3  libsystem_notify.dylib (344.0.1) <73D7BFA7-9433-3ECD-929F-06220C37F214> /usr/lib/system/libsystem_notify.dylib
       0x19bac7000 -        0x19bb2235f  libsandbox.1.dylib (2680.80.20) <222EE110-B8D5-3EEE-8EA9-AE3EB792CB91> /usr/lib/libsandbox.1.dylib
       0x19bb23000 -        0x19d24ebdf  com.apple.AppKit (6.9 - 2685.40.108) <07DCC67F-25B2-3F2C-B92E-6FC579455989> /System/Library/Frameworks/AppKit.framework/Versions/C/AppKit
       0x19d24f000 -        0x19d40939f  com.apple.UIFoundation (1.0 - 1017) <BF544EFF-72D0-37EE-8664-2B55120814E3> /System/Library/PrivateFrameworks/UIFoundation.framework/Versions/A/UIFoundation
       0x19d40a000 -        0x19d4201df  com.apple.UniformTypeIdentifiers (709 - 709) <1F1AF96D-2297-38D4-8E50-40A0BFBE547F> /System/Library/Frameworks/UniformTypeIdentifiers.framework/Versions/A/UniformTypeIdentifiers
       0x19d421000 -        0x19d66dc5f  com.apple.desktopservices (26.0 - 1827.3.2) <6D464C71-81C5-3649-8F84-7FDDD3005F13> /System/Library/PrivateFrameworks/DesktopServicesPriv.framework/Versions/A/DesktopServicesPriv
       0x19d66e000 -        0x19d6ca8bb  com.apple.metadata.SpotlightLinguistics (1.0 - 2400.22.400) <4A2EC4B9-07E6-3707-9C3B-F06EA20256C8> /System/Library/PrivateFrameworks/SpotlightLinguistics.framework/Versions/A/SpotlightLinguistics
       0x19d6cb000 -        0x19d8fe1ff  com.apple.CoreDuet (1.0 - 1) <7551895E-A431-33FF-84B9-7EA0EBA98D8B> /System/Library/PrivateFrameworks/CoreDuet.framework/Versions/A/CoreDuet
       0x19d8ff000 -        0x19d9d3e5f  libboringssl.dylib (532.80.2) <166556D2-BD49-3C6C-BAE1-A7A6CB9106B9> /usr/lib/libboringssl.dylib
       0x19d9d4000 -        0x19dd8fa3f  com.apple.CFNetwork (1.0 - 3860.400.51) <708EB37B-5A66-3845-8BC8-29F429A3BC4E> /System/Library/Frameworks/CFNetwork.framework/Versions/A/CFNetwork
       0x19dd90000 -        0x19ddaafdb  libsystem_networkextension.dylib (2205.81.1) <645A9697-79B5-3E35-A642-5FFDD53CB6A7> /usr/lib/system/libsystem_networkextension.dylib
       0x19ddab000 -        0x19ddac067  libenergytrace.dylib (23) <6983B383-07F2-39CE-A1B3-BCB8B2AEF1B4> /usr/lib/libenergytrace.dylib
       0x19ddad000 -        0x19de2d4bf  libMobileGestalt.dylib (1462.80.9) <1DAD89C7-19E3-379C-A054-023CB6D7CD3F> /usr/lib/libMobileGestalt.dylib
       0x19de2e000 -        0x19de45ff3  libsystem_asl.dylib (406) <2A30FE38-5014-334B-941B-579054EA8C1E> /usr/lib/system/libsystem_asl.dylib
       0x19de46000 -        0x19de6ac77  com.apple.TCC (1.0 - 1) <2BE6A2E2-A205-35D1-A802-FFAA38E1A91A> /System/Library/PrivateFrameworks/TCC.framework/Versions/A/TCC
       0x19de6b000 -        0x19e41145f  com.apple.SkyLight (1.600.0 - 920.9.17) <99DE3135-19A2-3A4C-A936-8737E1D4EFA3> /System/Library/PrivateFrameworks/SkyLight.framework/Versions/A/SkyLight
       0x19e412000 -        0x19eb6bf5f  com.apple.CoreGraphics (2.0 - 1965.3.5) <0BC56D54-FA35-36A7-AA29-916AB68F46E7> /System/Library/Frameworks/CoreGraphics.framework/Versions/A/CoreGraphics
       0x19eb6c000 -        0x19ed1724b  com.apple.ColorSync (4.13.0 - 3813.3.3) <46D2669A-6F71-3861-B4F9-08C5BF79F880> /System/Library/Frameworks/ColorSync.framework/Versions/A/ColorSync
       0x19ed18000 -        0x19ed8417f  com.apple.HIServices (1.22 - 817) <46279785-C8D4-3031-9D72-289A23C46617> /System/Library/Frameworks/ApplicationServices.framework/Versions/A/Frameworks/HIServices.framework/Versions/A/HIServices
       0x19ee85000 -        0x19f07da1f  com.apple.Montreal (1.0 - 178) <A4CCB286-66F6-3BAA-AE5D-F332AC3F8DE5> /System/Library/PrivateFrameworks/Montreal.framework/Versions/A/Montreal
       0x19f07e000 -        0x19f175fdf  com.apple.NLP (1.0 - 233) <D0BC6535-48D9-3FEA-9778-DD139E1E5DC8> /System/Library/PrivateFrameworks/NLP.framework/Versions/A/NLP
       0x19f176000 -        0x19f560ddf  com.apple.CoreData (120 - 1525) <5C890D91-A347-3E0C-8F5D-A93967487553> /System/Library/Frameworks/CoreData.framework/Versions/A/CoreData
       0x19f561000 -        0x19f57cc1f  com.apple.ProtocolBuffer (1 - 310.23.11.13.1) <38368C0D-5397-3B13-9119-77A0A7E94E61> /System/Library/PrivateFrameworks/ProtocolBuffer.framework/Versions/A/ProtocolBuffer
       0x19f57d000 -        0x19f7643f3  libsqlite3.dylib (381) <4B2A53D8-FDF5-3D5E-8FDE-3D87C905D5CB> /usr/lib/libsqlite3.dylib
       0x19f765000 -        0x19f7eebff  com.apple.Accounts (113 - 113) <EC98CFB9-C721-331F-B24E-EEFBAE3A69A3> /System/Library/Frameworks/Accounts.framework/Versions/A/Accounts
       0x19f7ef000 -        0x19f80513f  com.apple.commonutilities (8.0 - 900) <E374BAFC-006A-3C23-90D9-6FA7D2AB4AF6> /System/Library/PrivateFrameworks/CommonUtilities.framework/Versions/A/CommonUtilities
       0x19f806000 -        0x19f8f6fbf  com.apple.BaseBoard (732.1.1 - 732.1.1) <9EC7B362-104F-3F5D-9931-C32FF69D84C0> /System/Library/PrivateFrameworks/BaseBoard.framework/Versions/A/BaseBoard
       0x19f8f7000 -        0x19f9620df  com.apple.RunningBoardServices (1.0 - 1008.80.2) <5E2ACA43-C13C-38CC-BBCB-063FE8FBC21D> /System/Library/PrivateFrameworks/RunningBoardServices.framework/Versions/A/RunningBoardServices
       0x19f963000 -        0x19f9d75f7  com.apple.AE (944 - 944) <C2E75873-78F4-33BE-B63B-D211345BAC66> /System/Library/Frameworks/CoreServices.framework/Versions/A/Frameworks/AE.framework/Versions/A/AE
       0x19f9d8000 -        0x19f9e9507  libdns_services.dylib (2881.80.4.0.1) <D026E466-100E-3B57-A032-1106BD4E9D2F> /usr/lib/libdns_services.dylib
       0x19f9ea000 -        0x19f9f23b7  libsystem_symptoms.dylib (2158.80.11) <ED7EEE1F-0CA6-30CF-9A27-7440EE0661BC> /usr/lib/system/libsystem_symptoms.dylib
       0x19f9f3000 -        0x1a0ec8f3f  com.apple.Network (1.0 - 5569.81.5) <702BCACB-F825-3985-816C-41781F3472C9> /System/Library/Frameworks/Network.framework/Versions/A/Network
       0x1a0ec9000 -        0x1a0ef8d5f  com.apple.analyticsd (1.0 - 1) <5DC2D1D6-8EB5-36B9-981D-BAEA1E9476D9> /System/Library/PrivateFrameworks/CoreAnalytics.framework/Versions/A/CoreAnalytics
       0x1a0ef9000 -        0x1a0efa8d3  libDiagnosticMessagesClient.dylib (113) <DD4A6220-3407-350B-8D5F-FA1ADCB39952> /usr/lib/libDiagnosticMessagesClient.dylib
       0x1a0efb000 -        0x1a0f60a7f  com.apple.spotlight.metadata.utilities (1.0 - 2400.22.400) <27A67D0A-EBEB-38D8-A119-8EAAF3AFDEAF> /System/Library/PrivateFrameworks/MetadataUtilities.framework/Versions/A/MetadataUtilities
       0x1a0f61000 -        0x1a0feca1f  com.apple.Metadata (26.3 - 2400.22.400) <701CFE6E-5F7E-3D64-BE13-8F44AD9F068A> /System/Library/Frameworks/CoreServices.framework/Versions/A/Frameworks/Metadata.framework/Versions/A/Metadata
       0x1a0fed000 -        0x1a0ff621b  com.apple.DiskArbitration (2.7 - 2.7) <B701A629-BD07-3576-91A4-F8B1F722FD53> /System/Library/Frameworks/DiskArbitration.framework/Versions/A/DiskArbitration
       0x1a0ff7000 -        0x1a142d5f7  com.apple.vImage (8.1 - 632) <428FAF99-6882-31E2-8968-D6C4D5F4B112> /System/Library/Frameworks/Accelerate.framework/Versions/A/Frameworks/vImage.framework/Versions/A/vImage
       0x1a142e000 -        0x1a184247f  com.apple.QuartzCore (1194.10.15 - 1194.10.15) <5216363D-D2BE-3AEA-9D3A-63D87011ACE2> /System/Library/Frameworks/QuartzCore.framework/Versions/A/QuartzCore
       0x1a1843000 -        0x1a189503f  libFontRegistry.dylib (408.2.0.1) <686EE750-F52F-3D79-BF53-A5A47DFA0980> /System/Library/Frameworks/ApplicationServices.framework/Versions/A/Frameworks/ATS.framework/Versions/A/Resources/libFontRegistry.dylib
       0x1a1896000 -        0x1a1a1e97f  com.apple.coreui (2.1 - 973.1) <AFB579C1-9A26-3678-9B04-26180758B322> /System/Library/PrivateFrameworks/CoreUI.framework/Versions/A/CoreUI
       0x1a1a1f000 -        0x1a1b5753f  com.apple.ViewBridge (832 - 832) <9DED0FFF-AE9F-3648-BF4D-8B6B4F4D1517> /System/Library/PrivateFrameworks/ViewBridge.framework/Versions/A/ViewBridge
       0x1a1b58000 -        0x1a1b61e7f  com.apple.PerformanceAnalysis (1.415 - 415) <37755FED-60FE-3E67-997B-F4070F1D22AF> /System/Library/PrivateFrameworks/PerformanceAnalysis.framework/Versions/A/PerformanceAnalysis
       0x1a1b62000 -        0x1a1b6faff  com.apple.OpenDirectory (26.3 - 646) <867BD0BC-3AAE-37D3-B9BC-8D9D26D1A693> /System/Library/Frameworks/OpenDirectory.framework/Versions/A/OpenDirectory
       0x1a1b70000 -        0x1a1b8e137  com.apple.CFOpenDirectory (26.3 - 646) <1D13D354-A6E4-3D09-8767-178BBCCE7160> /System/Library/Frameworks/OpenDirectory.framework/Versions/A/Frameworks/CFOpenDirectory.framework/Versions/A/CFOpenDirectory
       0x1a1b8f000 -        0x1a1b9c92b  com.apple.CoreServices.FSEvents (1407.80.2 - 1407.80.2) <F8754C4B-98C2-3620-906B-867CF819D573> /System/Library/Frameworks/CoreServices.framework/Versions/A/Frameworks/FSEvents.framework/Versions/A/FSEvents
       0x1a1b9d000 -        0x1a1bc60ff  com.apple.coreservices.SharedFileList (225 - 225) <EAA673A4-01C4-3DD7-8902-88DBCA5ACC44> /System/Library/Frameworks/CoreServices.framework/Versions/A/Frameworks/SharedFileList.framework/Versions/A/SharedFileList
       0x1a1bc7000 -        0x1a1bca0af  libapp_launch_measurement.dylib (17) <E586AFBF-3D19-363E-844B-ADF95B70C5FE> /usr/lib/libapp_launch_measurement.dylib
       0x1a1bcb000 -        0x1a1c1469f  com.apple.CoreAutoLayout (1.0 - 34) <6F184B7A-746A-36C0-B719-55D72DC851BB> /System/Library/PrivateFrameworks/CoreAutoLayout.framework/Versions/A/CoreAutoLayout
       0x1a1c15000 -        0x1a1cfba5b  libxml2.2.dylib (39.10) <111AEE13-170D-3A9A-BA2E-182566F32219> /usr/lib/libxml2.2.dylib
       0x1a1cfc000 -        0x1a1d8001f  com.apple.CoreVideo (1.8 - 726.2) <67098F59-D15B-3748-BCB9-C8041CE75424> /System/Library/Frameworks/CoreVideo.framework/Versions/A/CoreVideo
       0x1a1d81000 -        0x1a1d83f5f  com.apple.loginsupport (3.0 - 264.3.1) <71298A1B-E10D-30A6-B573-7C9BE5744467> /System/Library/PrivateFrameworks/login.framework/Versions/A/Frameworks/loginsupport.framework/Versions/A/loginsupport
       0x1a1d84000 -        0x1a1dc143f  com.apple.aps.framework (4.0 - 4.0) <FE130876-0BDF-3CCD-868A-F898AEBEDA44> /System/Library/PrivateFrameworks/ApplePushService.framework/Versions/A/ApplePushService
       0x1a1dc2000 -        0x1a1dee4df  com.apple.UserManagement (1.0 - 1) <541127CD-DCC7-398E-9D5F-E60E970BB70D> /System/Library/PrivateFrameworks/UserManagement.framework/Versions/A/UserManagement
       0x1a1def000 -        0x1a22044bf  com.apple.cloudkit.CloudKit (2340.14 - 2340.14) <55484D5E-3CC4-3F46-B96A-A7E16B253018> /System/Library/Frameworks/CloudKit.framework/Versions/A/CloudKit
       0x1a2205000 -        0x1a22e50bf  com.apple.CloudDocs (1.0 - 4257.80.8) <D8B363B1-970F-32A3-BFAA-67FB7730F37E> /System/Library/PrivateFrameworks/CloudDocs.framework/Versions/A/CloudDocs
       0x1a22e6000 -        0x1a2b0f29f  com.apple.CoreML (1.0 - 3505.4.1) <9D1E4518-2400-322A-BD48-8A227432F00E> /System/Library/Frameworks/CoreML.framework/Versions/A/CoreML
       0x1a2b10000 -        0x1a37260df  libwebrtc.dylib (623.2.7.11.6) <6EE6ED49-F80E-35B2-A3A1-F3364506879B> /System/Library/Frameworks/WebKit.framework/Versions/A/Frameworks/WebCore.framework/Versions/A/Frameworks/libwebrtc.dylib
       0x1a3727000 -        0x1a39a6ebf  com.apple.corelocation (3068.0.13 - 3068.0.13) <ED706EE0-1412-3152-B42A-1A6F5484818B> /System/Library/Frameworks/CoreLocation.framework/Versions/A/CoreLocation
       0x1a39a7000 -        0x1a39df2bb  libsystem_containermanager.dylib (725.80.5) <9FC7766C-6828-3EA2-9C9A-B209892A0186> /usr/lib/system/libsystem_containermanager.dylib
       0x1a39e0000 -        0x1a39fc49f  com.apple.IOSurface (393.3.2 - 393.3.2) <9DC217FC-1E0D-3151-A371-D495F49952AE> /System/Library/Frameworks/IOSurface.framework/Versions/A/IOSurface
       0x1a39fd000 -        0x1a3a0701f  com.apple.IOAccelerator (487.0.2 - 487.0.2) <6DD9EA2F-BE56-300E-83FE-5BC876F19A81> /System/Library/PrivateFrameworks/IOAccelerator.framework/Versions/A/IOAccelerator
       0x1a3a08000 -        0x1a3cebb3f  com.apple.Metal (371.5 - 371.5) <1D4FA6F5-233B-3179-8279-781E002E8B56> /System/Library/Frameworks/Metal.framework/Versions/A/Metal
       0x1a3cec000 -        0x1a3d14d7f  com.apple.audio.caulk (1.0 - 214) <67D6BCC2-F024-388E-B546-B1C2FE6F0DDC> /System/Library/PrivateFrameworks/caulk.framework/Versions/A/caulk
       0x1a3d15000 -        0x1a3ed1fbf  com.apple.CoreMedia (1.0 - 3300.7.1.5.1) <DDEC1102-AE65-37C1-BF66-5DBF11A4C407> /System/Library/Frameworks/CoreMedia.framework/Versions/A/CoreMedia
       0x1a3ed2000 -        0x1a41a3a9f  libFontParser.dylib (435.2.0.1) <7172761E-55AC-34C9-880E-47EB02EE5AC5> /System/Library/PrivateFrameworks/FontServices.framework/libFontParser.dylib
       0x1a41a4000 -        0x1a44a727f  com.apple.HIToolbox (2.1.1 - 1248.3) <FA4BEAC8-9A1E-3071-B669-BD2794E9FE3B> /System/Library/Frameworks/Carbon.framework/Versions/A/Frameworks/HIToolbox.framework/Versions/A/HIToolbox
       0x1a44a8000 -        0x1a44bc59f  com.apple.framework.DFRFoundation (1.0 - 293.1.1) <56614F8E-34BD-3CCD-A6EA-69D34113C3E5> /System/Library/PrivateFrameworks/DFRFoundation.framework/Versions/A/DFRFoundation
       0x1a44bd000 -        0x1a44c23bf  com.apple.dt.XCTTargetBootstrap (26.3 - 24507) <BE8835AF-F359-3E4C-85DA-92C1EBADF884> /System/Library/PrivateFrameworks/XCTTargetBootstrap.framework/Versions/A/XCTTargetBootstrap
       0x1a44c3000 -        0x1a4500c3f  com.apple.CoreSVG (1.0 - 341) <26000608-82E1-3B98-9843-BB853EAD2643> /System/Library/PrivateFrameworks/CoreSVG.framework/Versions/A/CoreSVG
       0x1a4501000 -        0x1a484fb1f  com.apple.ImageIO (3.3.0 - 2784.3.4) <9D6E6D46-26AC-3DDA-8282-3BE501ACB3E2> /System/Library/Frameworks/ImageIO.framework/Versions/A/ImageIO
       0x1a4850000 -        0x1a4d479df  com.apple.CoreImage (19.0.0 - 1592.80.2) <72EA5E3E-DBBA-3988-99D7-3F941F60A666> /System/Library/Frameworks/CoreImage.framework/Versions/A/CoreImage
       0x1a4d48000 -        0x1a4dfc25f  com.apple.MetalPerformanceShaders.MPSCore (1.0 - 1) <20DA4812-306D-3414-9503-E5D1F1DD68D4> /System/Library/Frameworks/MetalPerformanceShaders.framework/Versions/A/Frameworks/MPSCore.framework/Versions/A/MPSCore
       0x1a4dfd000 -        0x1a4e0166f  libsystem_configuration.dylib (1385.80.4) <E5837A49-4BF9-3D25-8671-A6174223010A> /usr/lib/system/libsystem_configuration.dylib
       0x1a4e02000 -        0x1a4e086a7  libsystem_sandbox.dylib (2680.80.20) <8875D51A-D22D-3A6B-9A17-8D565C96262C> /usr/lib/system/libsystem_sandbox.dylib
       0x1a4e09000 -        0x1a4e0a17f  com.apple.AggregateDictionary (1.0 - 1) <A3D1EC6F-A05D-3304-B76F-71D387D1211E> /System/Library/PrivateFrameworks/AggregateDictionary.framework/Versions/A/AggregateDictionary
       0x1a4e0b000 -        0x1a4e0f59f  com.apple.AppleSystemInfo (3.1.5 - 3.1.5) <7566E13C-3993-39D3-BE5B-1F199AE3B75E> /System/Library/PrivateFrameworks/AppleSystemInfo.framework/Versions/A/AppleSystemInfo
       0x1a4e10000 -        0x1a4e1144f  liblangid.dylib (140) <3FF4383E-F460-3EEE-BF4E-3CEC36E85223> /usr/lib/liblangid.dylib
       0x1a4e12000 -        0x1a4f33c5f  com.apple.CoreNLP (1.0 - 313) <BBFF3087-40C4-319D-8A0C-DA521551984E> /System/Library/PrivateFrameworks/CoreNLP.framework/Versions/A/CoreNLP
       0x1a4f34000 -        0x1a4f3a9bf  com.apple.LinguisticData (1.0 - 483.10) <52B8AC2F-033F-38B8-A8CA-CC4EA962700B> /System/Library/PrivateFrameworks/LinguisticData.framework/Versions/A/LinguisticData
       0x1a4f3b000 -        0x1a5f2246b  libBNNS.dylib (1860.81.1) <AAE09AA4-035E-3C6C-BEF7-93E2339D7F56> /System/Library/Frameworks/Accelerate.framework/Versions/A/Frameworks/vecLib.framework/Versions/A/libBNNS.dylib
       0x1a5f23000 -        0x1a605c43f  libvDSP.dylib (1123.80.6) <6EBE55CA-86CC-3BE2-B08E-DE16B3CD241A> /System/Library/Frameworks/Accelerate.framework/Versions/A/Frameworks/vecLib.framework/Versions/A/libvDSP.dylib
       0x1a605d000 -        0x1a6092aff  com.apple.CoreEmoji (1.0 - 261.3.0.1) <8BEBA231-227E-3C14-9819-C8C69804DA74> /System/Library/PrivateFrameworks/CoreEmoji.framework/Versions/A/CoreEmoji
       0x1a6093000 -        0x1a60a4643  com.apple.IOMobileFramebuffer (343.0.0 - 343.0.0) <4AEA2926-6908-34BD-9DE1-C3DB527A2C96> /System/Library/PrivateFrameworks/IOMobileFramebuffer.framework/Versions/A/IOMobileFramebuffer
       0x1a60a5000 -        0x1a612709f  com.apple.framework.CoreWLAN (16.0 - 1657) <86E6096B-73B5-30FE-A90C-57ADAA6939EB> /System/Library/Frameworks/CoreWLAN.framework/Versions/A/CoreWLAN
       0x1a6128000 -        0x1a62a345f  com.apple.CoreUtils (8.0 - 810.20) <C49B2699-C314-30D9-B4BD-8C8BD41238AD> /System/Library/PrivateFrameworks/CoreUtils.framework/Versions/A/CoreUtils
       0x1a62a4000 -        0x1a62bb85f  com.apple.MobileKeyBag (2.0 - 1.0) <5627A8E0-F88A-3782-AD44-0E86692C1D95> /System/Library/PrivateFrameworks/MobileKeyBag.framework/Versions/A/MobileKeyBag
       0x1a62bc000 -        0x1a62ca19f  com.apple.AssertionServices (1.0 - 1008.80.2) <A8EEEADF-31FD-3864-8A58-1AD15FCDD2E1> /System/Library/PrivateFrameworks/AssertionServices.framework/Versions/A/AssertionServices
       0x1a62cb000 -        0x1a635debf  com.apple.securityfoundation (6.0 - 55293) <C44B4193-0CA3-3428-88E3-2F0FE536E172> /System/Library/Frameworks/SecurityFoundation.framework/Versions/A/SecurityFoundation
       0x1a635e000 -        0x1a638fbff  com.apple.coreservices.BackgroundTaskManagement (1.0 - 104) <7BB3D657-C9C4-3C3F-813D-E1CB09D70679> /System/Library/PrivateFrameworks/BackgroundTaskManagement.framework/Versions/A/BackgroundTaskManagement
       0x1a6390000 -        0x1a639a7ff  com.apple.xpc.ServiceManagement (1.0 - 1) <23FF5F3D-F49D-31D1-9381-1D92A08A0283> /System/Library/Frameworks/ServiceManagement.framework/Versions/A/ServiceManagement
       0x1a639b000 -        0x1a639e1fb  libquarantine.dylib (196.40.3) <84049E82-ACDC-39F3-A2D7-6ECB912B825A> /usr/lib/system/libquarantine.dylib
       0x1a639f000 -        0x1a63aa323  libCheckFix.dylib (33) <0A61336F-1415-3E48-93D3-1A15A9EF3AF0> /usr/lib/libCheckFix.dylib
       0x1a63ab000 -        0x1a63c26db  libcoretls.dylib (187.80.1) <81475C9C-FFE8-3187-BF0F-BFD411A6B5DF> /usr/lib/libcoretls.dylib
       0x1a63c3000 -        0x1a63d42eb  libbsm.0.dylib (90) <8068587D-B142-38EC-8386-93F296956286> /usr/lib/libbsm.0.dylib
       0x1a63d5000 -        0x1a6435edb  libmecab.dylib (1121) <77E93E96-E38B-3A25-90AC-7E18ABE0F4BA> /usr/lib/libmecab.dylib
       0x1a6436000 -        0x1a643843b  libgermantok.dylib (31) <152FE5FE-9E55-3635-8254-635B60AEED43> /usr/lib/libgermantok.dylib
       0x1a6439000 -        0x1a644d47f  libLinearAlgebra.dylib (1545.81.3) <1EDCFF88-F2BE-30DC-BFA7-57910ACFE520> /System/Library/Frameworks/Accelerate.framework/Versions/A/Frameworks/vecLib.framework/Versions/A/libLinearAlgebra.dylib
       0x1a644e000 -        0x1a669aadf  com.apple.MetalPerformanceShaders.MPSNeuralNetwork (1.0 - 1) <1E8FC8DC-3186-3A22-8D38-2A1AFE956F8F> /System/Library/Frameworks/MetalPerformanceShaders.framework/Versions/A/Frameworks/MPSNeuralNetwork.framework/Versions/A/MPSNeuralNetwork
       0x1a669b000 -        0x1a66ef67f  com.apple.MetalPerformanceShaders.MPSRayIntersector (1.0 - 1) <E3A1F031-B441-3211-BAD2-881D0035E097> /System/Library/Frameworks/MetalPerformanceShaders.framework/Versions/A/Frameworks/MPSRayIntersector.framework/Versions/A/MPSRayIntersector
       0x1a66f0000 -        0x1a68858ff  com.apple.MLCompute (1.0 - 1) <E28D6AA0-553D-3866-BCA0-4713D9C7AECF> /System/Library/Frameworks/MLCompute.framework/Versions/A/MLCompute
       0x1a6886000 -        0x1a68b741f  com.apple.MetalPerformanceShaders.MPSMatrix (1.0 - 1) <525A2A7F-05CE-347A-82D9-D459C2A42E2A> /System/Library/Frameworks/MetalPerformanceShaders.framework/Versions/A/Frameworks/MPSMatrix.framework/Versions/A/MPSMatrix
       0x1a68b8000 -        0x1a6a7cddf  com.apple.MetalPerformanceShaders.MPSNDArray (1.0 - 1) <B3D5A27E-7131-3748-A1B3-7F30448339E0> /System/Library/Frameworks/MetalPerformanceShaders.framework/Versions/A/Frameworks/MPSNDArray.framework/Versions/A/MPSNDArray
       0x1a6a7d000 -        0x1a6b1179f  com.apple.MetalPerformanceShaders.MPSImage (1.0 - 1) <B2D6E97D-5CF9-378B-A86A-616582F5933E> /System/Library/Frameworks/MetalPerformanceShaders.framework/Versions/A/Frameworks/MPSImage.framework/Versions/A/MPSImage
       0x1a6b12000 -        0x1a6b1d343  com.apple.AppleFSCompression (174 - 1.0) <DC85E0E9-FFCD-3C97-88CF-4B807F6C4FC4> /System/Library/PrivateFrameworks/AppleFSCompression.framework/Versions/A/AppleFSCompression
       0x1a6b1e000 -        0x1a6b2a983  libbz2.1.0.dylib (47) <1701C215-5001-3C8F-B688-FB5257761C7C> /usr/lib/libbz2.1.0.dylib
       0x1a6b2b000 -        0x1a6b3200b  libsystem_coreservices.dylib (191.3.3) <94151A03-8600-3318-8719-103E2D5E83A5> /usr/lib/system/libsystem_coreservices.dylib
       0x1a6b33000 -        0x1a6b652bf  com.apple.CoreServices.OSServices (1141.1 - 1141.1) <3E995E9C-6CA6-351E-A668-FF97783B6277> /System/Library/Frameworks/CoreServices.framework/Versions/A/Frameworks/OSServices.framework/Versions/A/OSServices
       0x1a6b66000 -        0x1a6ed561f  com.apple.AuthKit (1.0 - 1) <9F730F7B-FA56-3A5B-B5E3-43DD90FB510C> /System/Library/PrivateFrameworks/AuthKit.framework/Versions/A/AuthKit
       0x1a6ed6000 -        0x1a6f263ff  com.apple.UserNotifications (1.0 - 640.3.17) <0EA7924F-6173-3195-A11D-B8BBCBEAFBBD> /System/Library/Frameworks/UserNotifications.framework/Versions/A/UserNotifications
       0x1a6f27000 -        0x1a70742bf  com.apple.CoreSpotlight (1.0 - 2400.22.400) <43AB53AF-3B6B-3A31-B0B3-F50A609A61F1> /System/Library/Frameworks/CoreSpotlight.framework/Versions/A/CoreSpotlight
       0x1a7075000 -        0x1a708418f  libz.1.dylib (100) <995A8B0F-E8BA-347F-A403-1023361B58DE> /usr/lib/libz.1.dylib
       0x1a7085000 -        0x1a70c28b7  libsystem_m.dylib (3309) <60DE08CC-AE4B-33E5-85E6-8E96D95ED4D8> /usr/lib/system/libsystem_m.dylib
       0x1a70c3000 -        0x1a70c3c9b  libcharset.1.dylib (113) <C89EE3DE-04DA-3C9D-92A4-CE56625E1B9A> /usr/lib/libcharset.1.dylib
       0x1a70c4000 -        0x1a70c7537  libmacho.dylib (1030.6.3) <D84C5B4C-6EE5-3B2D-8B96-DCA5B83EC11D> /usr/lib/system/libmacho.dylib
       0x1a70c8000 -        0x1a70e0dfb  libkxld.dylib (12377.81.4) <69A66D60-8BBC-3F4D-9F41-AC6B8D13680D> /usr/lib/system/libkxld.dylib
       0x1a70e1000 -        0x1a70ee61f  libcommonCrypto.dylib (600035) <04C03765-D34A-311F-AE1E-CFBB1E627E54> /usr/lib/system/libcommonCrypto.dylib
       0x1a70ef000 -        0x1a70f8b0b  libunwind.dylib (1900.125) <8DC5F6C2-CDA9-3B93-AC35-ED584D2C9550> /usr/lib/system/libunwind.dylib
       0x1a70f9000 -        0x1a7100319  liboah.dylib (367.3) <5315C55D-09E5-394B-A9E5-672B23847BF7> /usr/lib/liboah.dylib
       0x1a7101000 -        0x1a710b6ff  libcopyfile.dylib (230.0.1.0.1) <BCF5BEF5-BC4A-3CCE-9D0D-89C57F45CBFB> /usr/lib/system/libcopyfile.dylib
       0x1a710c000 -        0x1a710f95f  libcompiler_rt.dylib (103.3) <85CAE852-081B-3124-89C1-4C4A21830160> /usr/lib/system/libcompiler_rt.dylib
       0x1a7110000 -        0x1a7114a1b  libsystem_collections.dylib (1725.40.4) <17BD45DA-1D82-3A90-9F18-5D569A5693B5> /usr/lib/system/libsystem_collections.dylib
       0x1a7115000 -        0x1a71184bf  libsystem_secinit.dylib (168.40.2) <0928D7E4-5DB0-3B75-9DF5-08EC8E9C033B> /usr/lib/system/libsystem_secinit.dylib
       0x1a7119000 -        0x1a711bb57  libremovefile.dylib (84) <D854E7F8-C351-331B-9A26-BE66F9B8996D> /usr/lib/system/libremovefile.dylib
       0x1a711c000 -        0x1a711cf27  libkeymgr.dylib (31) <18ED97A3-6DD7-3EC2-AB38-E16A862BE1A7> /usr/lib/system/libkeymgr.dylib
       0x1a711d000 -        0x1a7125f8f  libsystem_dnssd.dylib (2881.80.4.0.1) <EB84C040-D153-37D3-A933-8AD3CFD893BA> /usr/lib/system/libsystem_dnssd.dylib
       0x1a7126000 -        0x1a712b0b3  libcache.dylib (95) <EA56E91F-7683-3AA5-AF72-185994622502> /usr/lib/system/libcache.dylib
       0x1a712c000 -        0x1a712dcf3  libSystem.B.dylib (1356) <6AE3A2BD-839C-3DEA-854C-1C4A10567C26> /usr/lib/libSystem.B.dylib
       0x1a712e000 -        0x1a713003f  libfakelink.dylib (5) <7C244DA6-8C2F-3E66-BE8E-AEFA05DFD0EB> /usr/lib/libfakelink.dylib
       0x1a7131000 -        0x1a7131a63  com.apple.SoftLinking (1.0 - 67) <9E5D4C80-C0A3-3F6C-8185-0FE3E0C01004> /System/Library/PrivateFrameworks/SoftLinking.framework/Versions/A/SoftLinking
       0x1a7167000 -        0x1a716e1bb  libiconv.2.dylib (113) <91928A6D-E098-3B69-B8BB-024C1AED3F71> /usr/lib/libiconv.2.dylib
       0x1a716f000 -        0x1a7181567  libcmph.dylib (9) <B16D3141-1B95-3BAF-9E02-333162D6F61A> /usr/lib/libcmph.dylib
       0x1a7182000 -        0x1a7279b7f  libarchive.2.dylib (160.60.3) <980CBA3C-08C6-39E5-BF56-75C2589FC55B> /usr/lib/libarchive.2.dylib
       0x1a727a000 -        0x1a72e17cf  com.apple.SearchKit (1.4.2 - 1.4.2) <7D22A101-B83E-3645-B57E-23C5DCCB9FD4> /System/Library/Frameworks/CoreServices.framework/Versions/A/Frameworks/SearchKit.framework/Versions/A/SearchKit
       0x1a72e2000 -        0x1a72ea0ff  libThaiTokenizer.dylib (28) <89C6D136-E341-3883-B53C-35C9CC8741DC> /usr/lib/libThaiTokenizer.dylib
       0x1a72eb000 -        0x1a730eb67  com.apple.applesauce (1.0 - 17.1) <122E6050-C663-3F97-A1B7-152CC75ED245> /System/Library/PrivateFrameworks/AppleSauce.framework/Versions/A/AppleSauce
       0x1a730f000 -        0x1a732722b  libapple_nghttp2.dylib (37) <8CD32C25-599A-38F7-AE08-1066E92ACC77> /usr/lib/libapple_nghttp2.dylib
       0x1a7328000 -        0x1a734eabf  libSparseBLAS.dylib (1545.81.3) <B48F7846-2B51-3C45-A9BD-2F59D730E298> /System/Library/Frameworks/Accelerate.framework/Versions/A/Frameworks/vecLib.framework/Versions/A/libSparseBLAS.dylib
       0x1a734f000 -        0x1a735063f  com.apple.MetalPerformanceShaders.MetalPerformanceShaders (1.0 - 1) <7F88DED0-627A-3CCC-85EE-ECDB75EDDE44> /System/Library/Frameworks/MetalPerformanceShaders.framework/Versions/A/MetalPerformanceShaders
       0x1a7351000 -        0x1a735702f  libpam.2.dylib (35) <22AC6D45-CC44-35F8-A8BB-A19B2FA672AB> /usr/lib/libpam.2.dylib
       0x1a7358000 -        0x1a742914f  libcompression.dylib (190.40.2) <23B871E6-DCDD-3B96-9A12-A71956C7B8B8> /usr/lib/libcompression.dylib
       0x1a742a000 -        0x1a742e1f7  libQuadrature.dylib (8) <398729C1-1FC1-3D03-A8E3-8BF23633F2F2> /System/Library/Frameworks/Accelerate.framework/Versions/A/Frameworks/vecLib.framework/Versions/A/libQuadrature.dylib
       0x1a742f000 -        0x1a869a29f  libLAPACK.dylib (1545.81.3) <36715AD6-B88A-330C-82FA-DFB55F882B15> /System/Library/Frameworks/Accelerate.framework/Versions/A/Frameworks/vecLib.framework/Versions/A/libLAPACK.dylib
       0x1a869b000 -        0x1a86f275f  com.apple.DictionaryServices (1.2 - 373) <94D06C59-FA35-3075-9B19-29BA979F5244> /System/Library/Frameworks/CoreServices.framework/Versions/A/Frameworks/DictionaryServices.framework/Versions/A/DictionaryServices
       0x1a86f3000 -        0x1a871188f  liblzma.5.dylib (21) <FC6DCDF3-5995-3B58-B7C4-D051C8DA1078> /usr/lib/liblzma.5.dylib
       0x1a8712000 -        0x1a871386f  libcoretls_cfhelpers.dylib (187.80.1) <E73C2CF5-8828-3C09-9709-6FD6A1BFABD2> /usr/lib/libcoretls_cfhelpers.dylib
       0x1a8714000 -        0x1a8783d23  com.apple.APFS (2632.80.1 - 2632.80.1) <8010C20B-559E-3505-9412-C217A769354D> /System/Library/PrivateFrameworks/APFS.framework/Versions/A/APFS
       0x1a8784000 -        0x1a879265b  libxar.1.dylib (501) <17ABD5B4-4168-35BB-883C-7C05E0222CB9> /usr/lib/libxar.1.dylib
       0x1a8793000 -        0x1a87968bb  libutil.dylib (73) <F2A7228B-0166-3073-8E64-5D768EA1916A> /usr/lib/libutil.dylib
       0x1a8797000 -        0x1a87c1e37  libxslt.1.dylib (21.13) <EB9BE0C7-D1BE-3362-9750-0D289C436373> /usr/lib/libxslt.1.dylib
       0x1a87c2000 -        0x1a87c932f  libChineseTokenizer.dylib (44) <2EB78357-DB53-3A19-9825-0AE9589748B6> /usr/lib/libChineseTokenizer.dylib
       0x1a87ca000 -        0x1a8844107  libvMisc.dylib (1123.80.6) <196E2EBC-C3FB-341D-8434-F41016DC7D58> /System/Library/Frameworks/Accelerate.framework/Versions/A/Frameworks/vecLib.framework/Versions/A/libvMisc.dylib
       0x1a8845000 -        0x1a88d54ff  libate.dylib (3.0.9) <7CE7E760-0CBE-35D8-9BC9-408CEBEEC8F9> /usr/lib/libate.dylib
       0x1a88d6000 -        0x1a88de9eb  libIOReport.dylib (107) <4A8F648F-1446-3971-9C75-AEC7496014D1> /usr/lib/libIOReport.dylib
       0x1a88df000 -        0x1a88f249f  com.apple.CrashReporterSupport (10.13 - 15138) <4BC3F138-9AB3-341B-B8E4-41E205A17446> /System/Library/PrivateFrameworks/CrashReporterSupport.framework/Versions/A/CrashReporterSupport
       0x1a88f3000 -        0x1a8913d9f  com.apple.AppSSOCore (1.0 - 483.80.8) <16BC885A-5F1A-3CDD-B80C-A24B26085C47> /System/Library/PrivateFrameworks/AppSSOCore.framework/Versions/A/AppSSOCore
       0x1a8914000 -        0x1a8a11f7f  com.apple.CVNLP (1.0 - 119) <934D2FA5-BD2A-33D4-9F65-73A93E4C248C> /System/Library/PrivateFrameworks/CVNLP.framework/Versions/A/CVNLP
       0x1a8a12000 -        0x1a8a35bff  com.apple.SharedWebCredentials (1001 - 1021.2) <DB035CE4-B4AA-3A3E-A5FC-C69C67BD6E11> /System/Library/PrivateFrameworks/SharedWebCredentials.framework/Versions/A/SharedWebCredentials
       0x1a8a36000 -        0x1a8a7781f  com.apple.pluginkit.framework (1.0 - 1) <1703231D-AD76-34E0-8554-AB7516D250A6> /System/Library/PrivateFrameworks/PlugInKit.framework/Versions/A/PlugInKit
       0x1a8a78000 -        0x1a8a7f60b  libMatch.1.dylib (49) <A16E6E5E-3C46-301C-A0F2-515247FF0349> /usr/lib/libMatch.1.dylib
       0x1a8a80000 -        0x1a8aeda5f  libCoreStorage.dylib (566) <5A4369A6-23D3-3FCD-B679-E8324D025C07> /usr/lib/libCoreStorage.dylib
       0x1a8aee000 -        0x1a8b36ee7  com.apple.AppleVAFramework (6.2.10 - 6.2.10) <C418199D-1254-399B-8DA8-BF9A6768C880> /System/Library/PrivateFrameworks/AppleVA.framework/Versions/A/AppleVA
       0x1a8b37000 -        0x1a8b51d17  libexpat.1.dylib (45) <EA037ED9-9231-336B-B34A-6D1E4572A673> /usr/lib/libexpat.1.dylib
       0x1a8b52000 -        0x1a8b5bbab  libheimdal-asn1.dylib (710.0.1) <80BC30C5-A36C-32FE-A229-D811538D2CBF> /usr/lib/libheimdal-asn1.dylib
       0x1a8b5c000 -        0x1a8bbbd7f  com.apple.IconFoundation (494 - 494) <3471C866-1EF2-37E1-95F9-D4242FA09615> /System/Library/PrivateFrameworks/IconFoundation.framework/Versions/A/IconFoundation
       0x1a8bbc000 -        0x1a8c7929f  com.apple.IconServices (494 - 494) <2FA3FD61-D58D-3452-B857-1E5B2270EF22> /System/Library/PrivateFrameworks/IconServices.framework/Versions/A/IconServices
       0x1a8c7a000 -        0x1a8d3c81f  com.apple.MediaExperience (1.0 - 1) <7744AA89-CC4E-306E-A676-B5D56B2216F2> /System/Library/PrivateFrameworks/MediaExperience.framework/Versions/A/MediaExperience
       0x1a8d3d000 -        0x1a8d68d3f  com.apple.persistentconnection (1.0 - 1.0) <3EECBDCD-8DBC-30DF-82AC-BB6611ABE06D> /System/Library/PrivateFrameworks/PersistentConnection.framework/Versions/A/PersistentConnection
       0x1a8d69000 -        0x1a8d7881f  com.apple.GraphVisualizer (1.0 - 307) <B4F4AB5F-8A32-34A2-87F6-F960B831576E> /System/Library/PrivateFrameworks/GraphVisualizer.framework/Versions/A/GraphVisualizer
       0x1a8d79000 -        0x1a8db961f  com.apple.OTSVG (1.0 - 877.3.0.1) <193C67AB-6D1B-39AE-BA5F-FC5A01A3D496> /System/Library/PrivateFrameworks/OTSVG.framework/Versions/A/OTSVG
       0x1a8dba000 -        0x1a8dc6c5f  com.apple.xpc.AppServerSupport (1.0 - 3089.80.10) <3B17D32E-406A-3F63-9A05-3600EA639945> /System/Library/PrivateFrameworks/AppServerSupport.framework/Versions/A/AppServerSupport
       0x1a8dc7000 -        0x1a8dcdbdf  libspindump.dylib (412.0.1) <C1B32465-98DD-3033-8BFC-EFC0B3205225> /usr/lib/libspindump.dylib
       0x1a8dce000 -        0x1a8e8ef3f  com.apple.Heimdal (4.0 - 2.0) <220BDA49-10B5-3B84-92E1-4F215343EB64> /System/Library/PrivateFrameworks/Heimdal.framework/Versions/A/Heimdal
       0x1a8e8f000 -        0x1a8eb2c7f  com.apple.login (3.0 - 3.0) <CBE189C9-07E5-3221-917E-1172321DA88F> /System/Library/PrivateFrameworks/login.framework/Versions/A/login
       0x1a8eb3000 -        0x1a9026fff  com.apple.corebrightness (1.0 - 1) <E345B534-B2E6-306B-A3DD-294655DCEA09> /System/Library/PrivateFrameworks/CoreBrightness.framework/Versions/A/CoreBrightness
       0x1a90d5000 -        0x1a90d6207  libodfde.dylib (26) <46600985-57E1-316A-A8E8-D4257D79BC3A> /usr/lib/libodfde.dylib
       0x1a90d7000 -        0x1a914c5e3  com.apple.bom (14.0 - 270) <80A9E06C-59B0-3A38-8F46-1EAA6787DE1A> /System/Library/PrivateFrameworks/Bom.framework/Versions/A/Bom
       0x1a914d000 -        0x1a9191da7  com.apple.AppleJPEG (1.0 - 1) <54D9430E-9FF9-39FD-8088-B9E2BF558B48> /System/Library/PrivateFrameworks/AppleJPEG.framework/Versions/A/AppleJPEG
       0x1a9192000 -        0x1a936418f  libJP2.dylib (2784.3.7) <A3566B1B-5C73-346D-A299-77711BB7822E> /System/Library/Frameworks/ImageIO.framework/Versions/A/Resources/libJP2.dylib
       0x1a9365000 -        0x1a9366e37  com.apple.WatchdogClient.framework (1.0 - 323.80.7) <90799AEF-3884-3CD7-BAB9-DAE0B2118FB6> /System/Library/PrivateFrameworks/WatchdogClient.framework/Versions/A/WatchdogClient
       0x1a9367000 -        0x1a93acebf  com.apple.MultitouchSupport.framework (9430.5 - 9430.5) <40D691BB-9166-31E0-959E-351863FF09A0> /System/Library/PrivateFrameworks/MultitouchSupport.framework/Versions/A/MultitouchSupport
       0x1a93ad000 -        0x1a9922f1f  com.apple.VideoToolbox (1.0 - 3300.7.1.5.1) <7550E54C-1021-3DFE-A5F3-161E1D5B109E> /System/Library/Frameworks/VideoToolbox.framework/Versions/A/VideoToolbox
       0x1a9923000 -        0x1a99486d7  libAudioToolboxUtility.dylib (1556.418.1) <74DDD6F9-F92D-3BAA-919E-2EBCC7BE0BB4> /usr/lib/libAudioToolboxUtility.dylib
       0x1a9949000 -        0x1a9974077  libPng.dylib (2784.3.7) <C5FC4D16-2285-3EF1-85FF-25A837CAC02B> /System/Library/Frameworks/ImageIO.framework/Versions/A/Resources/libPng.dylib
       0x1a9975000 -        0x1a99d6c67  libTIFF.dylib (2784.3.7) <C3FDDEA2-50A4-30AC-A556-EE323E67D595> /System/Library/Frameworks/ImageIO.framework/Versions/A/Resources/libTIFF.dylib
       0x1a99d7000 -        0x1a99f6d2b  com.apple.IOPresentment (67 - 67) <D1431263-C011-3735-911B-57FCC6A8D8F0> /System/Library/PrivateFrameworks/IOPresentment.framework/Versions/A/IOPresentment
       0x1a99f7000 -        0x1a99fb803  com.apple.GPUWrangler (8.1.12 - 8.1.12) <16796BF6-20AE-3970-804E-4411E5916C36> /System/Library/PrivateFrameworks/GPUWrangler.framework/Versions/A/GPUWrangler
       0x1a99fc000 -        0x1a99fe94b  libRadiance.dylib (2784.3.7) <27ED1BD0-43D9-359D-BB98-8EFC37EF961C> /System/Library/Frameworks/ImageIO.framework/Versions/A/Resources/libRadiance.dylib
       0x1a99ff000 -        0x1a9a04653  com.apple.DSExternalDisplay (3.1 - 380) <507D31EB-9495-3858-AE93-ABC167EDCE95> /System/Library/PrivateFrameworks/DSExternalDisplay.framework/Versions/A/DSExternalDisplay
       0x1a9a05000 -        0x1a9a300ff  libJPEG.dylib (2784.3.7) <415AE428-CA88-3227-822C-0769797CC15B> /System/Library/Frameworks/ImageIO.framework/Versions/A/Resources/libJPEG.dylib
       0x1a9a31000 -        0x1a9a5e7bf  com.apple.ATSUI (1.0 - 1) <FFDB3B89-6930-3A19-9367-E83846043F21> /System/Library/Frameworks/ApplicationServices.framework/Versions/A/Frameworks/ATSUI.framework/Versions/A/ATSUI
       0x1a9a5f000 -        0x1a9a64a5b  libGIF.dylib (2784.3.7) <64C67EB5-5A28-307B-B60E-274FD6204B30> /System/Library/Frameworks/ImageIO.framework/Versions/A/Resources/libGIF.dylib
       0x1a9a65000 -        0x1a9a751bf  com.apple.CMCaptureCore (1.0 - 665.81.8) <710EA6AB-022E-3761-9D2B-C57E4557F3E2> /System/Library/PrivateFrameworks/CMCaptureCore.framework/Versions/A/CMCaptureCore
       0x1a9a76000 -        0x1a9aec81f  com.apple.print.framework.PrintCore (19 - 601) <D24BF146-509D-36AA-B075-29BF9265605F> /System/Library/Frameworks/ApplicationServices.framework/Versions/A/Frameworks/PrintCore.framework/Versions/A/PrintCore
       0x1a9aed000 -        0x1a9b8c01f  com.apple.TextureIO (3.10.12 - 3.10.12) <48616253-CC8D-3EB1-959C-A58F4D4BE6FA> /System/Library/PrivateFrameworks/TextureIO.framework/Versions/A/TextureIO
       0x1a9b8d000 -        0x1a9e94d3f  com.apple.InternationalSupport (1.0 - 74) <B9E80437-F125-31D8-B254-6565474D41B9> /System/Library/PrivateFrameworks/InternationalSupport.framework/Versions/A/InternationalSupport
       0x1a9e95000 -        0x1a9ee68df  com.apple.datadetectorscore (8.0 - 821.1.1) <F10AEF37-BB27-3D16-A6B2-3A8E2C5005C2> /System/Library/PrivateFrameworks/DataDetectorsCore.framework/Versions/A/DataDetectorsCore
       0x1a9ee7000 -        0x1a9f54c7f  com.apple.UserActivity (551 - 551) <CD95DAAD-3AD2-3C69-98CA-3EE981921367> /System/Library/PrivateFrameworks/UserActivity.framework/Versions/A/UserActivity
       0x1a9f55000 -        0x1aaa1b4df  com.apple.MediaToolbox (1.0 - 3300.7.1.5.1) <2641FD00-6AED-36C0-900B-0B4340D0F85E> /System/Library/Frameworks/MediaToolbox.framework/Versions/A/MediaToolbox
       0x1aaa1c000 -        0x1aaa8b2a3  libusrtcp.dylib (5569.81.5) <DB7A00EC-9A65-3BF4-BF00-7140D3695DD5> /usr/lib/libusrtcp.dylib
       0x1aaa8c000 -        0x1ab01a6df  libswiftCore.dylib (6.2.4 - 6.2.4.1.4) <DE2D0A12-CB61-3F04-AC96-1AD1AF843219> /usr/lib/swift/libswiftCore.dylib
       0x1ab01b000 -        0x1ab0930df  com.apple.imfoundation (10.0 - 1000) <CA50D436-89B2-388D-A51C-683190BFD710> /System/Library/PrivateFrameworks/IMFoundation.framework/Versions/A/IMFoundation
       0x1ab094000 -        0x1ab0ccbbf  com.apple.locationsupport (3068.0.13 - 3068.0.13) <1FBE4838-6F8C-3EF5-8D47-9450F49431F5> /System/Library/PrivateFrameworks/LocationSupport.framework/Versions/A/LocationSupport
       0x1ab0cd000 -        0x1ab123e1f  libSessionUtility.dylib (398.303) <58FE2B57-736E-3699-A562-0ED3860CA0D7> /System/Library/PrivateFrameworks/AudioSession.framework/libSessionUtility.dylib
       0x1ab124000 -        0x1ab2fee5f  com.apple.audio.toolbox.AudioToolbox (1.14 - 1.14) <7A5B8625-B454-3DA3-BEDF-459E6C255174> /System/Library/Frameworks/AudioToolbox.framework/Versions/A/AudioToolbox
       0x1ab2ff000 -        0x1ab37d15f  com.apple.audio.AudioSession (1.0 - 398.303) <B5F56459-60CE-38CD-9CBA-A4FAA0CAC06B> /System/Library/PrivateFrameworks/AudioSession.framework/Versions/A/AudioSession
       0x1ab37e000 -        0x1ab396b1f  libAudioStatistics.dylib (262.202) <092A32F2-26E3-394D-A6B5-EE325B63BA30> /usr/lib/libAudioStatistics.dylib
       0x1ab397000 -        0x1ab3c457f  com.apple.speech.synthesis.framework (9.2.22 - 9.2.22) <39112C59-CEEC-3900-AE5F-4D8C68C1DEE3> /System/Library/Frameworks/ApplicationServices.framework/Versions/A/Frameworks/SpeechSynthesis.framework/Versions/A/SpeechSynthesis
       0x1ab3c5000 -        0x1ab40cb7f  com.apple.ApplicationServices.ATS (377 - 587) <C908033E-5CD7-3EDC-9F8D-CE3736AD517F> /System/Library/Frameworks/ApplicationServices.framework/Versions/A/Frameworks/ATS.framework/Versions/A/ATS
       0x1ab40d000 -        0x1ab4290a3  libresolv.9.dylib (93) <BA9529D6-9D20-3B20-9027-9F5E05EF798A> /usr/lib/libresolv.9.dylib
       0x1ab42a000 -        0x1ab43c7d7  libsasl2.2.dylib (215) <674D7E87-2E0D-34F8-92B1-295060B45D1A> /usr/lib/libsasl2.2.dylib
       0x1ab43d000 -        0x1ab44a07f  com.apple.multiverse (1.0 - 117) <02FF8AEA-1A2E-3845-A8CA-F63292913F08> /System/Library/PrivateFrameworks/MultiverseSupport.framework/Versions/A/MultiverseSupport
       0x1ab44b000 -        0x1ab4b27ff  libParallelCompression.dylib (443.0.1) <07BDEC09-A7A0-34FE-9462-8F14D461CAC7> /usr/lib/libParallelCompression.dylib
       0x1ab4b3000 -        0x1ab4ecd9f  com.apple.securityinterface (10.0 - 55210.80.2) <C89B804B-2C93-3E9B-ACC9-4DA11287B693> /System/Library/Frameworks/SecurityInterface.framework/Versions/A/SecurityInterface
       0x1ab4ed000 -        0x1ab52301f  com.apple.CoreFollowUp-OSX (1.0 - 281.3.3) <2792DEF5-920C-3A31-9C4B-B84ED5061557> /System/Library/PrivateFrameworks/CoreFollowUp.framework/Versions/A/CoreFollowUp
       0x1ab524000 -        0x1ab6342ff  com.apple.CoreMediaIO (1000.0 - 5617.80.3) <94D3EF84-D998-331B-8651-ACD14E1B9073> /System/Library/Frameworks/CoreMediaIO.framework/Versions/A/CoreMediaIO
       0x1ab635000 -        0x1ab715a0f  libSMC.dylib (38) <4FC6F40D-7C6A-3A87-A3EB-15E23927855C> /usr/lib/libSMC.dylib
       0x1ab716000 -        0x1ab774d97  libcups.2.dylib (522.2) <5C298BD4-FF8E-3F77-A147-660EEA30EA66> /usr/lib/libcups.2.dylib
       0x1ab775000 -        0x1ab781a17  com.apple.NetAuth (6.2 - 6.2) <1AEB3F84-0E3C-3EE1-8752-ECD2DCA06327> /System/Library/PrivateFrameworks/NetAuth.framework/Versions/A/NetAuth
       0x1ab782000 -        0x1ab786ddb  com.apple.ColorSyncLegacy (4.13.0 - 1) <4A1B94F9-1D96-3EEF-803B-24829DEBDB8B> /System/Library/Frameworks/ApplicationServices.framework/Versions/A/Frameworks/ColorSyncLegacy.framework/Versions/A/ColorSyncLegacy
       0x1ab787000 -        0x1ab78fdff  com.apple.QD (4.0 - 451) <317EFDBC-F8FF-3F03-BE40-DA5BB535C997> /System/Library/Frameworks/ApplicationServices.framework/Versions/A/Frameworks/QD.framework/Versions/A/QD
       0x1ab790000 -        0x1ab79d47f  com.apple.perfdata (1.0 - 122) <3ABD2E5A-E972-34CA-8570-119E2E3DC3AE> /System/Library/PrivateFrameworks/perfdata.framework/Versions/A/perfdata
       0x1ab79e000 -        0x1ab7abd9f  libperfcheck.dylib (46) <0B04C7B7-8C72-3DAF-9F20-B374F7CA66EE> /usr/lib/libperfcheck.dylib
       0x1ab7ac000 -        0x1ab7bd1c7  com.apple.Kerberos (3.0 - 1) <29D91C4B-EF56-36D7-8B6E-A2FD173FC016> /System/Library/Frameworks/Kerberos.framework/Versions/A/Kerberos
       0x1ab7be000 -        0x1ab80faaf  com.apple.GSS (4.0 - 2.0) <80057AF7-854F-3E8D-8211-6B9123F2E7B4> /System/Library/Frameworks/GSS.framework/Versions/A/GSS
       0x1ab810000 -        0x1ab820da7  com.apple.CommonAuth (4.0 - 2.0) <42297637-45CB-32AB-B82D-BCB5EF41AAF0> /System/Library/PrivateFrameworks/CommonAuth.framework/Versions/A/CommonAuth
       0x1ab821000 -        0x1ab8ffc7f  com.apple.MobileAssets (1.0 - 1837.80.27.0.1) <EF91F303-8A75-3ACB-9DA9-1AD3A147B3FA> /System/Library/PrivateFrameworks/MobileAsset.framework/Versions/A/MobileAsset
       0x1ab900000 -        0x1ab94e15f  com.apple.CacheDelete (1.0 - 1) <AD66C621-CB64-3BA3-B447-0E8893E2ECBD> /System/Library/PrivateFrameworks/CacheDelete.framework/Versions/A/CacheDelete
       0x1ab94f000 -        0x1ab990d1f  com.apple.security.KeychainCircle.KeychainCircle (1.0 - 1) <C06C619B-4AEB-3D84-8D25-1F04C07B08CE> /System/Library/PrivateFrameworks/KeychainCircle.framework/Versions/A/KeychainCircle
       0x1ab991000 -        0x1ab9a00b0  com.apple.CorePhoneNumbers (1.0 - 1) <2EEEB81B-0D2B-3F1B-B3A0-AD259A5E0516> /System/Library/PrivateFrameworks/CorePhoneNumbers.framework/Versions/A/CorePhoneNumbers
       0x1ab9a1000 -        0x1aba2b67f  libTelephonyUtilDynamic.dylib (6356) <DFF871B4-BB6B-37C5-B019-B18CB8859A12> /usr/lib/libTelephonyUtilDynamic.dylib
       0x1ac334000 -        0x1ac5f75df  com.apple.NetworkExtension (1.0 - 1) <1EB9A37E-86A8-3B52-BE70-0F3F16F7FDC0> /System/Library/Frameworks/NetworkExtension.framework/Versions/A/NetworkExtension
       0x1ac5f8000 -        0x1ac7d88ff  com.apple.ids (10.0 - 1000) <C1F7A4E4-41E5-38D8-BC00-EC8C54B32C85> /System/Library/PrivateFrameworks/IDS.framework/Versions/A/IDS
       0x1ac7d9000 -        0x1acc5931f  com.apple.idsfoundation (10.0 - 1000) <7C580182-3D68-3BC6-8BC3-4C9E718BAD7D> /System/Library/PrivateFrameworks/IDSFoundation.framework/Versions/A/IDSFoundation
       0x1acc5a000 -        0x1ad04e81f  com.apple.Sharing (2094.40.71 - 2094.40.71) <7E520A11-F22B-37C5-9BBF-E64141EF8F62> /System/Library/PrivateFrameworks/Sharing.framework/Versions/A/Sharing
       0x1ad04f000 -        0x1ad1076ff  com.apple.Bluetooth (1.0 - 1) <C6421139-EF9F-374A-947C-C20F7774D42A> /System/Library/Frameworks/IOBluetooth.framework/Versions/A/IOBluetooth
       0x1ad126000 -        0x1ad1b36bf  com.apple.ProtectedCloudStorage (1.0 - 1) <434D97AE-2895-3653-920B-9117BD4D7380> /System/Library/PrivateFrameworks/ProtectedCloudStorage.framework/Versions/A/ProtectedCloudStorage
       0x1ad1b4000 -        0x1ad21c85f  com.apple.QuickLookFramework (5.0 - 1018.3.2) <983C1964-23F2-3825-A910-40B939C6F654> /System/Library/Frameworks/QuickLook.framework/Versions/A/QuickLook
       0x1ad21d000 -        0x1ad23ab1f  com.apple.MetalKit (172.6 - 172.6) <9498618E-AF96-3AA0-AC70-A08C8BC45983> /System/Library/Frameworks/MetalKit.framework/Versions/A/MetalKit
       0x1ad23b000 -        0x1ad23f9b7  libxcselect.dylib (2416) <CAF05183-351F-3B93-BCD8-6DF0AF8B781A> /usr/lib/libxcselect.dylib
       0x1ad2f5000 -        0x1ad2fb6ff  libdscsym.dylib (415) <9D72592D-7B37-39F3-B572-FCC30133C68E> /usr/lib/libdscsym.dylib
       0x1ad2fc000 -        0x1ad3f204f  com.apple.combine (1.0 - 3023) <045FDF1B-8BD3-3DC5-9ED7-7F70D670971D> /System/Library/Frameworks/Combine.framework/Versions/A/Combine
       0x1ad3f3000 -        0x1af1bfd1f  com.apple.GeoServices (1.0 - 2027.23.11.13.3) <E5A6B855-705C-35CF-B6B5-DC1CAC27AFBA> /System/Library/PrivateFrameworks/GeoServices.framework/Versions/A/GeoServices
       0x1af1c0000 -        0x1af1cb66f  com.apple.DirectoryService.Framework (26.3 - 646) <12FA6BD9-B6DD-3F8D-A491-B1C0DC4F3821> /System/Library/Frameworks/DirectoryService.framework/Versions/A/DirectoryService
       0x1af1e7000 -        0x1af1ea957  com.apple.speech.recognition.framework (6.0.5 - 6.0.5) <1F45908F-0028-365B-9CBC-E54A12070864> /System/Library/Frameworks/Carbon.framework/Versions/A/Frameworks/SpeechRecognition.framework/Versions/A/SpeechRecognition
       0x1af1eb000 -        0x1af1fc58d  com.apple.AppleLDAP (26.3 - 63) <0BD9436A-EBFC-3254-9BF5-B0D39FCDEB16> /System/Library/PrivateFrameworks/AppleLDAP.framework/Versions/A/AppleLDAP
       0x1af1fd000 -        0x1af4ac31f  com.apple.MapKit (1.0 - 2504.23.11.13.2) <850D96C9-0422-34A4-A697-887F1559D91A> /System/Library/Frameworks/MapKit.framework/Versions/A/MapKit
       0x1af4b9000 -        0x1af4bed37  com.apple.IOPlatformPluginFamily (1.0 - 1) <B7F8ED3D-3F86-3E48-B447-65DC9A4E6257> /System/Library/PrivateFrameworks/IOPlatformPluginFamily.framework/Versions/A/IOPlatformPluginFamily
       0x1af4f1000 -        0x1af51951f  com.apple.GLKit (129 - 129) <7B32A368-DE54-370D-8393-7BF94FDA540B> /System/Library/Frameworks/GLKit.framework/Versions/A/GLKit
       0x1af52b000 -        0x1af56d5bf  libnetworkextension.dylib (2205.81.1) <9E226E7C-93C2-377B-AE1B-8E06D6DC711C> /usr/lib/libnetworkextension.dylib
       0x1af56e000 -        0x1af5903bf  com.apple.Accessibility (1.0 - 1) <D449C8F4-0737-3B92-87DE-A21CEFFAA942> /System/Library/Frameworks/Accessibility.framework/Versions/A/Accessibility
       0x1af5c9000 -        0x1af5caa1b  libCTGreenTeaLogger.dylib (13149.11) <6DFAA4CE-15AA-3814-9DD1-FC98E072E462> /usr/lib/libCTGreenTeaLogger.dylib
       0x1af5cb000 -        0x1af5cb86f  com.apple.Accelerate.vecLib (3.11 - vecLib 3.11) <9C60DDF6-DB11-3382-9A90-5ECBF65AFFE2> /System/Library/Frameworks/Accelerate.framework/Versions/A/Frameworks/vecLib.framework/Versions/A/vecLib
       0x1af5f1000 -        0x1af5f198f  com.apple.CoreServices (1226 - 1226) <32A74A0A-3F86-3F02-98AF-51FB14BCC672> /System/Library/Frameworks/CoreServices.framework/Versions/A/CoreServices
       0x1af5f2000 -        0x1af653edf  com.apple.CoreAppleCVA (4.3.0 - 4.3.0) <40652AAA-0264-3393-81B5-6A5CECC765B0> /System/Library/PrivateFrameworks/CoreAppleCVA.framework/Versions/A/CoreAppleCVA
       0x1af868000 -        0x1af868417  com.apple.Accelerate (1.11 - Accelerate 1.11) <501534A5-AC58-30C7-A4A5-3238694755F7> /System/Library/Frameworks/Accelerate.framework/Versions/A/Accelerate
       0x1af897000 -        0x1af8b75bf  com.apple.AssetCacheServices (140.1.2 - 140.1.2) <1AD39AC1-B728-38E7-AA79-E35139BE0176> /System/Library/PrivateFrameworks/AssetCacheServices.framework/Versions/A/AssetCacheServices
       0x1af8b8000 -        0x1af8c947f  com.apple.MediaAccessibility (1.0 - 153) <D3CB2824-FE82-31C4-B537-B63814E27E0C> /System/Library/Frameworks/MediaAccessibility.framework/Versions/A/MediaAccessibility
       0x1af8ca000 -        0x1af8cf56b  com.apple.AppleSRP (5.0 - 1) <004B69AB-C9BD-397D-ABA6-4177D4D00E49> /System/Library/PrivateFrameworks/AppleSRP.framework/Versions/A/AppleSRP
       0x1af8d0000 -        0x1af90e4bf  com.apple.framework.SystemAdministration (1.0 - 1.0) <1B405FB9-A8C0-397B-A94E-B77E8EED4DC7> /System/Library/PrivateFrameworks/SystemAdministration.framework/Versions/A/SystemAdministration
       0x1af90f000 -        0x1affb3a9f  com.apple.VN (9.3.1 - 9.3.1) <A2B712E3-866B-308B-9951-4584DA0C3766> /System/Library/Frameworks/Vision.framework/Versions/A/Vision
       0x1affb4000 -        0x1affb43ef  libswiftFoundation.dylib (2000) <D46D7862-DC61-3E64-B2D6-9DEC06611F07> /usr/lib/swift/libswiftFoundation.dylib
       0x1affb5000 -        0x1b008c9bf  com.apple.AddressBook.ContactsFoundation (8.0 - 1397.400.21) <FA41D41E-94D4-35F6-812C-589B6AEAD7DC> /System/Library/PrivateFrameworks/ContactsFoundation.framework/Versions/A/ContactsFoundation
       0x1b008d000 -        0x1b010ac9f  com.apple.contacts.ContactsPersistence (1.0 - 3804.400.41) <470B2379-2E4F-34DF-B199-D46E6563DCB8> /System/Library/PrivateFrameworks/ContactsPersistence.framework/Versions/A/ContactsPersistence
       0x1b010b000 -        0x1b0273fbf  com.apple.AddressBook.core (1.0 - 2732.400.1) <A159B16D-D940-3870-A5BB-A93066040FCC> /System/Library/PrivateFrameworks/AddressBookCore.framework/Versions/A/AddressBookCore
       0x1b0274000 -        0x1b04eb5ff  com.apple.contacts (1.0 - 3804.400.41) <A0B7715A-B139-36BB-AC10-B5EE800A5E3C> /System/Library/Frameworks/Contacts.framework/Versions/A/Contacts
       0x1b04ec000 -        0x1b04fc4ff  com.apple.PersonaKit (1.0 - 1) <31C1E48A-0B44-3B35-A914-EE2E6FCFD436> /System/Library/PrivateFrameworks/PersonaKit.framework/Versions/A/PersonaKit
       0x1b04fd000 -        0x1b050405f  com.apple.communicationsfilter (10.0 - 1000) <15BA6880-6F09-343C-86CA-C666B39E9945> /System/Library/PrivateFrameworks/CommunicationsFilter.framework/Versions/A/CommunicationsFilter
       0x1b0505000 -        0x1b061549f  com.apple.FamilyCircle (1.0 - 2) <EC416B51-5A93-33C7-8D69-797DB13BB950> /System/Library/PrivateFrameworks/FamilyCircle.framework/Versions/A/FamilyCircle
       0x1b0616000 -        0x1b071b7bf  com.apple.CoreBluetooth (193.9.0.2) <6849218A-4E40-3AF7-A01D-69845F91410F> /System/Library/Frameworks/CoreBluetooth.framework/Versions/A/CoreBluetooth
       0x1b071c000 -        0x1b072b83f  com.apple.SymptomDiagnosticReporter (1.0 - 411.80.3) <DB65924D-3AD4-31A1-BB84-7E45AC5EFC09> /System/Library/PrivateFrameworks/SymptomDiagnosticReporter.framework/Versions/A/SymptomDiagnosticReporter
       0x1b072c000 -        0x1b075be7f  com.apple.PowerLog (1.0 - 1) <8B23076C-BB1E-380F-818D-DBE95406317C> /System/Library/PrivateFrameworks/PowerLog.framework/Versions/A/PowerLog
       0x1b075c000 -        0x1b0768f3f  com.apple.AppleIDAuthSupport (1.0 - 1) <73D4F755-6549-399C-B46D-7D309D901435> /System/Library/PrivateFrameworks/AppleIDAuthSupport.framework/Versions/A/AppleIDAuthSupport
       0x1b0769000 -        0x1b081d39f  com.apple.DiscRecording (9.0.3 - 9030.4.5) <12E01599-0C72-3DC4-91FD-74B159DAA3F8> /System/Library/Frameworks/DiscRecording.framework/Versions/A/DiscRecording
       0x1b081e000 -        0x1b084f28f  com.apple.MediaKit (16 - 938) <5DFAE7C5-C6D7-317F-A3DC-34242AA73E77> /System/Library/PrivateFrameworks/MediaKit.framework/Versions/A/MediaKit
       0x1b0850000 -        0x1b09346bf  com.apple.DiskManagement (15.0 - 1024.80.4) <E73D2B5C-1916-3D83-B462-5E680D07FF85> /System/Library/PrivateFrameworks/DiskManagement.framework/Versions/A/DiskManagement
       0x1b0935000 -        0x1b094125f  com.apple.CoreAUC (608.1 - 608.1) <E31BBFF7-6603-39DE-9336-7043B45417FC> /System/Library/PrivateFrameworks/CoreAUC.framework/Versions/A/CoreAUC
       0x1b0942000 -        0x1b094577b  com.apple.Mangrove (1.0 - 25) <F266C1B9-3480-31E9-A821-6BDECC04C7B3> /System/Library/PrivateFrameworks/Mangrove.framework/Versions/A/Mangrove
       0x1b0946000 -        0x1b0974f0f  com.apple.CoreAVCHD (6.0.0 - 6244.1) <71F4B567-0DC2-3A04-99B6-D3F74C2F3E3B> /System/Library/PrivateFrameworks/CoreAVCHD.framework/Versions/A/CoreAVCHD
       0x1b0975000 -        0x1b0b4c53f  com.apple.FileProvider (3882.80.13 - 3882.80.13) <5B0E1B60-E6CC-3395-B139-71D15EEB39CF> /System/Library/Frameworks/FileProvider.framework/Versions/A/FileProvider
       0x1b0b4d000 -        0x1b0b730ff  com.apple.GenerationalStorage (2.0 - 393) <23B5FDAD-FA08-3A20-8A2A-86903880102E> /System/Library/PrivateFrameworks/GenerationalStorage.framework/Versions/A/GenerationalStorage
       0x1b0b74000 -        0x1b0ba441f  com.apple.security.octagontrust (1.0 - 1) <636CBFC6-3C8C-3F01-824E-1B427DC4AD35> /System/Library/PrivateFrameworks/OctagonTrust.framework/Versions/A/OctagonTrust
       0x1b0ba5000 -        0x1b0bc5a3f  com.apple.CPAnalytics (1.0 - 831.0.104) <3751361C-2E5D-3F51-B243-EE0351BF3ABF> /System/Library/PrivateFrameworks/CPAnalytics.framework/Versions/A/CPAnalytics
       0x1b112c000 -        0x1b12febbf  com.apple.CoreTelephony (113 - 13149.11) <ECBC2B0A-ADEB-3EBE-B795-3A3420CD7DD4> /System/Library/Frameworks/CoreTelephony.framework/Versions/A/CoreTelephony
       0x1b131b000 -        0x1b1331f90  libswiftDispatch.dylib (56) <078361EC-4DAA-33B3-B150-0A44C3E77CDD> /usr/lib/swift/libswiftDispatch.dylib
       0x1b1332000 -        0x1b159fe5f  com.apple.AVFCore (1.0 - 2405.7.1) <13E04ED7-A70A-3F63-919F-96EC2A1BEADB> /System/Library/PrivateFrameworks/AVFCore.framework/Versions/A/AVFCore
       0x1b15a0000 -        0x1b167ef1f  com.apple.FrontBoardServices (1000.3.4 - 1000.3.4) <01E4652D-2000-323B-8C14-80F70A95CB21> /System/Library/PrivateFrameworks/FrontBoardServices.framework/Versions/A/FrontBoardServices
       0x1b167f000 -        0x1b170bcdf  com.apple.BoardServices (1.0 - 732.1.1) <16A1B6FF-1A9F-31FB-B748-EAA50B44F2B8> /System/Library/PrivateFrameworks/BoardServices.framework/Versions/A/BoardServices
       0x1b170c000 -        0x1b174b0df  com.apple.contacts.vCard (1.0 - 3804.400.41) <18127785-ED89-3DFF-AB79-06C0982D0C34> /System/Library/PrivateFrameworks/vCard.framework/Versions/A/vCard
       0x1b174c000 -        0x1b175951f  com.apple.GraphicsServices (1.0 - 1.0) <59EEBD80-284A-3EF7-898A-AB3AD3BAD60A> /System/Library/PrivateFrameworks/GraphicsServices.framework/Versions/A/GraphicsServices
       0x1b175e000 -        0x1b17de61f  com.apple.CryptoTokenKit (1.0 - 1) <7E6B45B7-8440-337F-8122-7E195F45F646> /System/Library/Frameworks/CryptoTokenKit.framework/Versions/A/CryptoTokenKit
       0x1b17df000 -        0x1b184ae5f  com.apple.LocalAuthentication (1.0 - 2005.80.10) <6034EF89-4F89-3FE5-9A14-8E24CC1ACBEC> /System/Library/Frameworks/LocalAuthentication.framework/Versions/A/LocalAuthentication
       0x1b184b000 -        0x1b185c6df  com.apple.CoreAuthentication.SharedUtils (1.0 - 2005.80.10) <1010CEBB-3A26-32E7-8878-1BC821F39A2A> /System/Library/Frameworks/LocalAuthentication.framework/Support/SharedUtils.framework/Versions/A/SharedUtils
       0x1b185d000 -        0x1b18e753f  com.apple.avfoundationcf (2.0 - 755.7.1) <E6718796-A2B1-3897-AFB9-77F4B16FB669> /System/Library/PrivateFrameworks/AVFoundationCF.framework/Versions/A/AVFoundationCF
       0x1b19a1000 -        0x1b1a61bdf  com.apple.SAObjects (1.0 - 1) <D7AF9D3F-A658-34AF-956A-55027609826A> /System/Library/PrivateFrameworks/SAObjects.framework/Versions/A/SAObjects
       0x1b1a62000 -        0x1b1a847a1  com.apple.DebugSymbols (216 - 217) <27C1590B-8AF0-3CAD-95EA-DDAADE07C037> /System/Library/PrivateFrameworks/DebugSymbols.framework/Versions/A/DebugSymbols
       0x1b1a85000 -        0x1b1b9bf67  com.apple.CoreSymbolication (16.0 - 64572.108.2) <C37609F7-CA31-3344-A5F1-F726D14B891A> /System/Library/PrivateFrameworks/CoreSymbolication.framework/Versions/A/CoreSymbolication
       0x1b1b9c000 -        0x1b1ba62ff  com.apple.CoreTime (334.0.16.1 - 334.0.16.1) <A9E04DF2-47FF-3F79-B959-68E9B0A44370> /System/Library/PrivateFrameworks/CoreTime.framework/Versions/A/CoreTime
       0x1b1ba7000 -        0x1b1c98a5f  com.apple.Rapport (7.1 - 715.2) <A235CA98-5DF7-3A46-81CD-3F9ADA683036> /System/Library/PrivateFrameworks/Rapport.framework/Versions/A/Rapport
       0x1b1c99000 -        0x1b294d5ff  com.apple.private.EmbeddedAcousticRecognition (1.0 - 1) <D604F8CC-1540-3A0C-964E-D85C65646984> /System/Library/PrivateFrameworks/EmbeddedAcousticRecognition.framework/Versions/A/EmbeddedAcousticRecognition
       0x1b294e000 -        0x1b29a3b5f  com.apple.coreduetcontext (1.0 - 1) <9D085D68-1340-34C9-BC33-D68AA6D01BD8> /System/Library/PrivateFrameworks/CoreDuetContext.framework/Versions/A/CoreDuetContext
       0x1b29a4000 -        0x1b300c73f  com.apple.Intents (1.0 - 1) <C183183F-C375-3C6F-83ED-8DA0D2C947D8> /System/Library/Frameworks/Intents.framework/Versions/A/Intents
       0x1b300d000 -        0x1b300df3f  com.apple.framework.Apple80211 (1.0 - 19140.10) <822BEF96-7A5D-37CA-B693-D954E25545A3> /System/Library/PrivateFrameworks/Apple80211.framework/Versions/A/Apple80211
       0x1b300e000 -        0x1b345173f  com.apple.CoreWiFi (1.0 - 990.7) <95033076-93B0-3EF4-98CD-67321A17A916> /System/Library/PrivateFrameworks/CoreWiFi.framework/Versions/A/CoreWiFi
       0x1b3452000 -        0x1b34c31df  com.apple.BackBoardServices (1.0 - 1.0) <E974F144-2ECC-34B6-AF3C-60CCA887F86B> /System/Library/PrivateFrameworks/BackBoardServices.framework/Versions/A/BackBoardServices
       0x1b34c4000 -        0x1b34ffa7f  com.apple.LDAPFramework (2.4.28 - 194.5) <C7B5A14A-CEE5-35C5-B911-8D3AC476467F> /System/Library/Frameworks/LDAP.framework/Versions/A/LDAP
       0x1b3500000 -        0x1b35017a7  com.apple.TrustEvaluationAgent (2.0 - 38) <0C598FBB-A611-35CF-B375-A35DB12CF3B2> /System/Library/PrivateFrameworks/TrustEvaluationAgent.framework/Versions/A/TrustEvaluationAgent
       0x1b362e000 -        0x1b36ebb5f  com.apple.DiskImagesFramework (681.60.1 - 681.60.1) <6434D5F4-F0AE-3D72-B86A-19F9EFE6680D> /System/Library/PrivateFrameworks/DiskImages.framework/Versions/A/DiskImages
       0x1b36ec000 -        0x1b372b6bf  com.apple.SystemConfiguration.EAP8021X (14.0.0 - 14.0) <F76EC557-240E-3D41-A1DA-3DF2D5F53AEB> /System/Library/PrivateFrameworks/EAP8021X.framework/Versions/A/EAP8021X
       0x1b372c000 -        0x1b3742e3f  com.apple.RemoteServiceDiscovery (1.0 - 202.80.2) <D2A83392-79C5-319B-A543-14E20F175FA5> /System/Library/PrivateFrameworks/RemoteServiceDiscovery.framework/Versions/A/RemoteServiceDiscovery
       0x1b3743000 -        0x1b3759c9f  com.apple.xpc.RemoteXPC (1.0 - 3089.80.10) <D14DDF8E-F1D9-398E-B9B3-5799854E6186> /System/Library/PrivateFrameworks/RemoteXPC.framework/Versions/A/RemoteXPC
       0x1b37d9000 -        0x1b37dc65b  com.apple.help (1.3.8 - 81) <2E8DB084-B190-35B3-A568-DC573A5BE64D> /System/Library/Frameworks/Carbon.framework/Versions/A/Frameworks/Help.framework/Versions/A/Help
       0x1b37dd000 -        0x1b37e133f  com.apple.EFILogin (2.0 - 2) <500E7EFA-10CE-3AB1-ACEC-1159B3D30A47> /System/Library/PrivateFrameworks/EFILogin.framework/Versions/A/EFILogin
       0x1b37e2000 -        0x1b37ed9bf  libcsfde.dylib (566) <F7EBB5E9-B929-333C-B788-BA5DA84A8AEC> /usr/lib/libcsfde.dylib
       0x1b37ee000 -        0x1b386f29f  libcurl.4.dylib (162) <D5F3EB08-176F-3096-860C-F6C771FB8A79> /usr/lib/libcurl.4.dylib
       0x1b3870000 -        0x1b3875477  com.apple.LoginUICore (4.0 - 4.0) <D88662D1-0A93-327F-92D8-FAED006BCAE3> /System/Library/PrivateFrameworks/LoginUIKit.framework/Versions/A/Frameworks/LoginUICore.framework/Versions/A/LoginUICore
       0x1b3876000 -        0x1b38b93df  com.apple.AppSupport (1.0.0 - 29) <7BE1EBF8-7242-3342-B88E-FC23A3895588> /System/Library/PrivateFrameworks/AppSupport.framework/Versions/A/AppSupport
       0x1b38ba000 -        0x1b390385f  com.apple.AppSSO (1.0 - 483.80.8) <34D75B29-0D10-3775-91C0-908850339780> /System/Library/PrivateFrameworks/AppSSO.framework/Versions/A/AppSSO
       0x1b3b90000 -        0x1b3b90927  com.apple.ApplicationServices (48 - 66) <5A04ED39-A082-369C-82E1-FF0ED8D66164> /System/Library/Frameworks/ApplicationServices.framework/Versions/A/ApplicationServices
       0x1b3b91000 -        0x1b3b93f3f  com.apple.InternationalTextSearch (1.0 - 1) <4B08A856-FD3D-316F-9BB6-6D43497EE253> /System/Library/PrivateFrameworks/InternationalTextSearch.framework/Versions/A/InternationalTextSearch
       0x1b3b94000 -        0x1b3c5a5bf  com.apple.ClassKit (1.2 - 151.1.4) <DC489736-BE9C-349C-8F3B-4A1C8E9B5CE1> /System/Library/Frameworks/ClassKit.framework/Versions/A/ClassKit
       0x1b3c5b000 -        0x1b3ee5a7f  com.apple.AppleAccount (1.0 - 1.0) <C88943E2-7CE8-392D-9DE0-35CDFBE5A9B2> /System/Library/PrivateFrameworks/AppleAccount.framework/Versions/A/AppleAccount
       0x1b3ee6000 -        0x1b3f222ff  com.apple.AppleIDSSOAuthentication (1.0 - 1) <8524215D-F78A-30C8-B250-F045400B1162> /System/Library/PrivateFrameworks/AppleIDSSOAuthentication.framework/Versions/A/AppleIDSSOAuthentication
       0x1b3f23000 -        0x1b3f7adff  com.apple.CorePrediction (1.0 - 1) <B8831122-7D70-3384-A872-E2B263C2CED0> /System/Library/PrivateFrameworks/CorePrediction.framework/Versions/A/CorePrediction
       0x1b3f7b000 -        0x1b40c94ff  com.apple.AuthKitUI (1.0 - 1) <B86ADB93-4122-3BDC-8D6D-6C5953BFC35F> /System/Library/PrivateFrameworks/AuthKitUI.framework/Versions/A/AuthKitUI
       0x1b4140000 -        0x1b4143d3f  com.apple.security.CryptoKit-C-Bridging (1.0 - 1) <AC0707B4-EFE8-3AF9-9BED-7AA07C8EEDDE> /System/Library/PrivateFrameworks/CryptoKitCBridging.framework/Versions/A/CryptoKitCBridging
       0x1b4144000 -        0x1b41443f7  libHeimdalProxy.dylib (88) <D22AFF6A-3024-32F9-981C-F81B8A989809> /System/Library/Frameworks/Kerberos.framework/Versions/A/Libraries/libHeimdalProxy.dylib
       0x1b4145000 -        0x1b4145512  com.apple.audio.units.AudioUnit (1.14 - 1.14) <B3685077-7E7F-3B49-87ED-0CD7C69AD850> /System/Library/Frameworks/AudioUnit.framework/Versions/A/AudioUnit
       0x1b4154000 -        0x1b4159c63  com.apple.NetFSServer (2.0 - 1) <D1ECF63C-B75F-3965-84C2-C0DC954D3A28> /System/Library/PrivateFrameworks/NetFSServer.framework/Versions/A/NetFSServer
       0x1b416f000 -        0x1b418dc5f  com.apple.StreamingZip (1.0 - 1) <26A0BEC4-FA01-38C3-A2A4-DDEF58CFF91F> /System/Library/PrivateFrameworks/StreamingZip.framework/Versions/A/StreamingZip
       0x1b418e000 -        0x1b41e079f  com.apple.DuetActivityScheduler (1.0 - 1) <CE88C3E5-73EF-30DA-A0A9-7333EBE72881> /System/Library/PrivateFrameworks/DuetActivityScheduler.framework/Versions/A/DuetActivityScheduler
       0x1b41e1000 -        0x1b41e460d  libswiftObjectiveC.dylib (951.1) <32F3A126-27F7-3F2D-975F-6A35735C240C> /usr/lib/swift/libswiftObjectiveC.dylib
       0x1b41e5000 -        0x1b42022bf  libswiftos.dylib (1076.40.2) <68F1B6A7-A220-3BF6-9104-FE09847ACD74> /usr/lib/swift/libswiftos.dylib
       0x1b4203000 -        0x1b421373f  com.apple.IntentsFoundation (1.0 - 1) <2D08077B-B6EB-34CE-9CFE-AABA4BD49E23> /System/Library/PrivateFrameworks/IntentsFoundation.framework/Versions/A/IntentsFoundation
       0x1b4214000 -        0x1b421cd7f  com.apple.PushKit (1.0 - 1) <95B9F88D-BF79-387C-B661-75F01C8250AC> /System/Library/Frameworks/PushKit.framework/Versions/A/PushKit
       0x1b421d000 -        0x1b4277cbf  com.apple.cloudkit.C2 (1.3 - 2300.120) <34607F68-065F-3F52-A69B-0AAB6B556AB6> /System/Library/PrivateFrameworks/C2.framework/Versions/A/C2
       0x1b4278000 -        0x1b42c3bdf  com.apple.QuickLookThumbnailing (1.0 - 208.3.1) <FEEF2CD5-9132-3C1F-BD32-C8C76C0B2264> /System/Library/Frameworks/QuickLookThumbnailing.framework/Versions/A/QuickLookThumbnailing
       0x1b42c4000 -        0x1b51656ff  com.apple.vision.EspressoFramework (1.0 - 3515.2.4.14.1) <CB9D3F4F-43FC-37BC-BF13-B962E148E247> /System/Library/PrivateFrameworks/Espresso.framework/Versions/A/Espresso
       0x1b5166000 -        0x1b51982ff  com.apple.ANEServices (9.300 - 9.300) <48227B76-A075-39F2-85D3-2D736DA05D8A> /System/Library/PrivateFrameworks/ANEServices.framework/Versions/A/ANEServices
       0x1b5199000 -        0x1b5227ebf  com.apple.proactive.support.ProactiveSupport (1.0 - 415.1) <D475519B-DB21-3169-A170-4FA2082B994B> /System/Library/PrivateFrameworks/ProactiveSupport.framework/Versions/A/ProactiveSupport
       0x1b5228000 -        0x1b523f07f  com.apple.corerecents (1.0 - 1) <378AB451-779D-341C-A1AE-46BA5A5DF39C> /System/Library/PrivateFrameworks/CoreRecents.framework/Versions/A/CoreRecents
       0x1b5240000 -        0x1b528359f  com.apple.iCalendar (7.0 - 1169.2.1) <7104FC83-A9A2-311C-AB5A-5B1B0E78DB19> /System/Library/PrivateFrameworks/iCalendar.framework/Versions/A/iCalendar
       0x1b5284000 -        0x1b5323a5f  com.apple.CalendarFoundation (8.0 - 1603.3.1) <83D84C6D-0770-36A6-98C4-243417AC1966> /System/Library/PrivateFrameworks/CalendarFoundation.framework/Versions/A/CalendarFoundation
       0x1b5324000 -        0x1b5324527  com.apple.CoreDuetDaemonProtocol (1.0 - 1) <2BDEB6F2-1333-3E44-BE14-F657866E69B0> /System/Library/PrivateFrameworks/CoreDuetDaemonProtocol.framework/Versions/A/CoreDuetDaemonProtocol
       0x1b5325000 -        0x1b536065f  com.apple.ASEProcessing (1.50.5 - 1.50.5) <E7B2AC17-225E-3752-9355-8C64F6ABFF1F> /System/Library/PrivateFrameworks/ASEProcessing.framework/Versions/A/ASEProcessing
       0x1b5361000 -        0x1b540471f  com.apple.framework.ConfigurationProfiles (18.0 - 1800) <2DF50B7B-D122-3BC5-8C4A-A94F502164D9> /System/Library/PrivateFrameworks/ConfigurationProfiles.framework/Versions/A/ConfigurationProfiles
       0x1b5682000 -        0x1b56db6df  com.apple.AOSAccounts (1.3.1 - 206.325) <0CDA310D-F97C-38F4-889D-59C24A979D1E> /System/Library/PrivateFrameworks/AOSAccounts.framework/Versions/A/AOSAccounts
       0x1b5c29000 -        0x1b5c8596f  com.apple.ChunkingLibrary (2300.104 - 2300.104) <CBDB9079-23D3-3B32-88A7-B69CBBBE3138> /System/Library/PrivateFrameworks/ChunkingLibrary.framework/Versions/A/ChunkingLibrary
       0x1b5dd0000 -        0x1b5de34df  com.apple.MediaLibrary (1.12.0 - 811) <3B951080-1A97-37A5-8A9C-B01C193884A2> /System/Library/Frameworks/MediaLibrary.framework/Versions/A/MediaLibrary
       0x1b5de4000 -        0x1b5e427ff  com.apple.CalDAV (8.0 - 1155.2.1) <521BB347-9269-37A0-8812-9F65B991C509> /System/Library/PrivateFrameworks/CalDAV.framework/Versions/A/CalDAV
       0x1b5e43000 -        0x1b5f1363f  com.apple.CoreSuggestions (1.0 - 1303.11) <4D8BB576-BB1F-38AC-97F6-1825ECD72D02> /System/Library/PrivateFrameworks/CoreSuggestions.framework/Versions/A/CoreSuggestions
       0x1b5f14000 -        0x1b611565f  com.apple.eventkit (3.0 - 1934.3.1) <0B9ACD01-2919-3330-A0DC-37A8293048A5> /System/Library/Frameworks/EventKit.framework/Versions/A/EventKit
       0x1b6116000 -        0x1b6144bbf  com.apple.RTCReporting (13.1.47 - 166.2) <F7440C99-2C70-3776-A17A-7A9665A56197> /System/Library/PrivateFrameworks/RTCReporting.framework/Versions/A/RTCReporting
       0x1b6145000 -        0x1b636bb7f  com.apple.WebKitLegacy (21623 - 21623.2.7.11.6) <6CB733E2-0818-3989-8A2E-AAA17817453E> /System/Library/Frameworks/WebKit.framework/Versions/A/Frameworks/WebKitLegacy.framework/Versions/A/WebKitLegacy
       0x1b63bb000 -        0x1b6428f3f  com.apple.CoreML.AppleNeuralEngine (1.0 - 1) <E000D745-83E1-301F-B7D3-F50A68D134A9> /System/Library/PrivateFrameworks/AppleNeuralEngine.framework/Versions/A/AppleNeuralEngine
       0x1b6571000 -        0x1b663e49f  com.apple.audio.midi.CoreMIDI (2.0 - 88) <349E1842-7521-35A6-ACA9-E80329EC86A8> /System/Library/Frameworks/CoreMIDI.framework/Versions/A/CoreMIDI
       0x1b675e000 -        0x1b675e467  com.apple.Cocoa (6.11 - 24) <47A44DD1-FF24-3FB8-BE67-554DB7F4F9A7> /System/Library/Frameworks/Cocoa.framework/Versions/A/Cocoa
       0x1b679f000 -        0x1b67b325f  com.apple.AskPermission (1.0 - 1) <3E374C4D-ECB8-3065-BF33-635CED874370> /System/Library/PrivateFrameworks/AskPermission.framework/Versions/A/AskPermission
       0x1b67b4000 -        0x1b722fe9f  com.apple.AppleMediaServices (1.0 - 1) <D66E2568-7B5F-3AD6-8B8F-20989A48745B> /System/Library/PrivateFrameworks/AppleMediaServices.framework/Versions/A/AppleMediaServices
       0x1b7230000 -        0x1b72347bf  com.apple.IOSurfaceAccelerator (1.0.0 - 1.0.0) <DD4F0410-400D-354C-AE27-9C8592AB34B6> /System/Library/PrivateFrameworks/IOSurfaceAccelerator.framework/Versions/A/IOSurfaceAccelerator
       0x1b7235000 -        0x1b723a3df  libUAPreferences.dylib (736.3.11) <0C856FE4-2AE7-3BB6-AE04-DA85FD662ABD> /System/Library/PrivateFrameworks/UniversalAccess.framework/Versions/A/Libraries/libUAPreferences.dylib
       0x1b723b000 -        0x1b725e6ff  com.apple.framework.familycontrols (4.1 - 410) <4B2CAC9E-A9E1-370B-8651-0C051EFC9F15> /System/Library/PrivateFrameworks/FamilyControls.framework/Versions/A/FamilyControls
       0x1b725f000 -        0x1b726b3ff  com.apple.CommerceCore (1.0 - 716.2.2) <7EFC5DB3-EBDA-3F62-9B8E-97FA2FB12584> /System/Library/PrivateFrameworks/CommerceKit.framework/Versions/A/Frameworks/CommerceCore.framework/Versions/A/CommerceCore
       0x1b726c000 -        0x1b76709bf  com.apple.MediaRemote (1.0 - 1) <17EEA984-D5B9-343B-9848-44A685308626> /System/Library/PrivateFrameworks/MediaRemote.framework/Versions/A/MediaRemote
       0x1b7671000 -        0x1b7917b7f  com.apple.AssistantServices (1.0 - 1) <9679709F-F113-342D-BF80-128CA81B2307> /System/Library/PrivateFrameworks/AssistantServices.framework/Versions/A/AssistantServices
       0x1b7918000 -        0x1b792b2ff  com.apple.PhotoFoundation (1.0 - 831.0.104) <A06E2F70-5C29-391E-8E23-2F5A3316F32B> /System/Library/PrivateFrameworks/PhotoFoundation.framework/Versions/A/PhotoFoundation
       0x1b792c000 -        0x1b7d2b99f  com.apple.imsharedutilities (10.0 - 1000) <9F330E07-A4F1-3BA4-94BD-0F9E144F82F9> /System/Library/PrivateFrameworks/IMSharedUtilities.framework/Versions/A/IMSharedUtilities
       0x1b7d35000 -        0x1b7d39bff  com.apple.DisplayServicesFW (3.1 - 380) <0DF3BF6B-01E8-3912-B4EE-16ED84D6BB55> /System/Library/PrivateFrameworks/DisplayServices.framework/Versions/A/DisplayServices
       0x1b7d3a000 -        0x1b7e2393f  com.apple.LoginUIKit (4.0 - 4.0) <9F821C1C-E354-37C7-A50E-CF84C2711684> /System/Library/PrivateFrameworks/LoginUIKit.framework/Versions/A/LoginUIKit
       0x1b7e24000 -        0x1b7e43c9f  com.apple.icloud.FMCoreLite (1.0 - 1) <8983944C-8547-3C2C-B417-4B2A13B6D3BF> /System/Library/PrivateFrameworks/FMCoreLite.framework/Versions/A/FMCoreLite
       0x1b7e44000 -        0x1b886f85f  com.apple.PassKitCore (1.0 - 1) <1D209081-0B6D-32EB-88B6-105626346D42> /System/Library/PrivateFrameworks/PassKitCore.framework/Versions/A/PassKitCore
       0x1b8cc0000 -        0x1b8cf34e7  libtidy.A.dylib (20.1) <CA6C6B51-57E3-3348-8D97-CCB999F28FD2> /usr/lib/libtidy.A.dylib
       0x1b8cf4000 -        0x1b8d21f5f  com.apple.MarkupUI (1.0 - 560) <7D1C5C71-D7F9-336C-B7F3-2419E4744B60> /System/Library/PrivateFrameworks/MarkupUI.framework/Versions/A/MarkupUI
       0x1b8d22000 -        0x1b8d3993f  com.apple.Engram (1.0 - 1) <F731E394-C360-3DB2-9FD1-092A1419FA5D> /System/Library/PrivateFrameworks/Engram.framework/Versions/A/Engram
       0x1b8d3a000 -        0x1b8d5691f  com.apple.openscripting (1.7 - 196.1) <3477E710-9F48-3E24-AAE7-D5ACBBA2BB84> /System/Library/Frameworks/Carbon.framework/Versions/A/Frameworks/OpenScripting.framework/Versions/A/OpenScripting
       0x1b8d57000 -        0x1b8d59d1f  com.apple.securityhi (9.0 - 55010) <D3723001-8EE1-320F-BEA2-87AA3B3D350F> /System/Library/Frameworks/Carbon.framework/Versions/A/Frameworks/SecurityHI.framework/Versions/A/SecurityHI
       0x1b8d5a000 -        0x1b8d5a863  com.apple.ink.framework (10.15 - 227) <1E94CBFD-49A6-3965-8EF0-5C94EE66FF52> /System/Library/Frameworks/Carbon.framework/Versions/A/Frameworks/Ink.framework/Versions/A/Ink
       0x1b8d5b000 -        0x1b8d5ebf7  com.apple.CommonPanels (1.2.6 - 106.1) <4CE06043-BFCE-35B0-8B83-C8E194D26C16> /System/Library/Frameworks/Carbon.framework/Versions/A/Frameworks/CommonPanels.framework/Versions/A/CommonPanels
       0x1b8d5f000 -        0x1b8d611fb  com.apple.ImageCapture (2020.2.2 - 2020.2.2) <43B34749-3FE2-3494-A1DB-5BAED34C2446> /System/Library/Frameworks/Carbon.framework/Versions/A/Frameworks/ImageCapture.framework/Versions/A/ImageCapture
       0x1b8d62000 -        0x1ba79429f  com.apple.JavaScriptCore (21623 - 21623.2.7.11.6) <7A335805-EB9B-3C49-AD50-A4654D0ADD6A> /System/Library/Frameworks/JavaScriptCore.framework/Versions/A/JavaScriptCore
       0x1ba795000 -        0x1ba79669f  com.apple.PowerlogControl (1.0 - 1) <1B1525E4-9534-3069-A9D3-E59AA2B84771> /System/Library/PrivateFrameworks/PowerlogControl.framework/Versions/A/PowerlogControl
       0x1ba797000 -        0x1ba79e49f  libUniversalAccess.dylib (736.3.11) <50EFA898-F923-32CA-83AF-C2962E5834A4> /usr/lib/libUniversalAccess.dylib
       0x1ba7fe000 -        0x1ba87d77f  com.apple.CoreCDP-OSX (1.0 - 1) <37E0E6B5-3C5D-3F97-A43D-79E6B2C43079> /System/Library/PrivateFrameworks/CoreCDP.framework/Versions/A/CoreCDP
       0x1ba87e000 -        0x1ba88e8df  com.apple.SetupAssistantFramework (1.0 - 1) <DED2563B-1053-385F-9AF1-1FD3D43DCED6> /System/Library/PrivateFrameworks/SetupAssistantFramework.framework/Versions/A/SetupAssistantFramework
       0x1ba88f000 -        0x1baad89bf  com.apple.AVFCapture (1.0 - 665.81.8) <4493D9E7-AA30-3E42-BD19-112C4C95C107> /System/Library/PrivateFrameworks/AVFCapture.framework/Versions/A/AVFCapture
       0x1baad9000 -        0x1bac0ccff  com.apple.Quagga (186 - 186) <08F3D2DF-B930-345D-ADAB-DFB8157CBFF2> /System/Library/PrivateFrameworks/Quagga.framework/Versions/A/Quagga
       0x1bac0d000 -        0x1bb26b8df  com.apple.CMCapture (1.0 - 665.81.8) <180C08C8-0268-3A8C-96A5-FAA530386522> /System/Library/PrivateFrameworks/CMCapture.framework/Versions/A/CMCapture
       0x1bb26c000 -        0x1bb3f04ff  com.apple.RenderBox (7.2.3 - 7.2.3) <1EDAC375-ADED-38A7-AE06-47BFDFA6EF1A> /System/Library/PrivateFrameworks/RenderBox.framework/Versions/A/RenderBox
       0x1bb884000 -        0x1bb94107f  com.apple.accounts.AccountsDaemon (113 - 113) <9724CB88-765D-33E0-B8A8-23BF8B1F3274> /System/Library/PrivateFrameworks/AccountsDaemon.framework/Versions/A/AccountsDaemon
       0x1bb942000 -        0x1bb94503f  com.apple.OAuth (25 - 25) <0A9B1C7D-9A7B-3617-93D3-7A7601971A32> /System/Library/PrivateFrameworks/OAuth.framework/Versions/A/OAuth
       0x1bbf51000 -        0x1bbf92cff  com.apple.CloudServices (1.0 - 694.80.7) <CB794123-0E0B-3B75-B0F8-F1D3FF559100> /System/Library/PrivateFrameworks/CloudServices.framework/Versions/A/CloudServices
       0x1bbf93000 -        0x1bbfa5e5f  com.apple.HID (1.0 - 1) <4231332C-5487-32E4-9F39-69F58D8CDD95> /System/Library/PrivateFrameworks/HID.framework/Versions/A/HID
       0x1bbfa6000 -        0x1bbff71ff  com.apple.IOGPU (129.3.2 - 129.3.2) <B31C05B3-00B0-39A5-AD31-A4749DC3F0C0> /System/Library/PrivateFrameworks/IOGPU.framework/Versions/A/IOGPU
       0x1bc018000 -        0x1bc0990df  com.apple.coredav (1.0.1 - 1236.2.1) <4AB26486-2EFE-3BC7-8F11-6CAB766718AA> /System/Library/PrivateFrameworks/CoreDAV.framework/Versions/A/CoreDAV
       0x1bc105000 -        0x1bc18d8df  com.apple.MediaServices (1.0 - 4025.200.15) <45001B1F-4A47-38E2-8481-001ECC7030D7> /System/Library/PrivateFrameworks/MediaServices.framework/Versions/A/MediaServices
       0x1bc18e000 -        0x1bc1b40ff  com.apple.IASUtilities (1.0 - 661) <1C5110C0-460E-38F6-AA8F-D74A6C987845> /System/Library/PrivateFrameworks/IASUtilities.framework/Versions/A/IASUtilities
       0x1bc259000 -        0x1bc29751f  com.apple.VirtualGarage (1.0 - 1) <9D8FC808-3D13-3767-931E-925DDEC88C88> /System/Library/PrivateFrameworks/VirtualGarage.framework/Versions/A/VirtualGarage
       0x1bc2a7000 -        0x1bc2a7847  com.apple.marco (10.0 - 1000) <7F76F30D-B441-3AAF-B33C-D1E02223B394> /System/Library/PrivateFrameworks/Marco.framework/Versions/A/Marco
       0x1bc2a8000 -        0x1bc2f1b5f  com.apple.private.yara (1.0 - 1) <97AF11DA-2207-3DD0-8D9E-860A63537AD8> /System/Library/PrivateFrameworks/yara.framework/Versions/A/yara
       0x1bc2f2000 -        0x1bc37445f  com.apple.CoreRecognition (1.3 - 157) <E9DCA35B-1D13-3FB6-9F61-FDA7461A1BDF> /System/Library/PrivateFrameworks/CoreRecognition.framework/Versions/A/CoreRecognition
       0x1bc375000 -        0x1bc386f7f  com.apple.PersonaUI (1.0 - 1) <1B9ABC38-C7A4-35BB-92BC-13641E9C6202> /System/Library/PrivateFrameworks/PersonaUI.framework/Versions/A/PersonaUI
       0x1bc387000 -        0x1bc5dcc9f  com.apple.Contacts.ContactsUICore (1.0 - 3683.400.31) <C5076DB9-FE80-3627-B37E-43CAE00DFFA2> /System/Library/PrivateFrameworks/ContactsUICore.framework/Versions/A/ContactsUICore
       0x1bc5dd000 -        0x1bc73e79f  com.apple.ContactsUI (14.0 - 2732.400.1) <8CAAEE4F-8A77-34B1-962C-CC764F133E52> /System/Library/Frameworks/ContactsUI.framework/Versions/A/ContactsUI
       0x1bc73f000 -        0x1bc7c17ff  com.apple.contacts.ContactsAutocomplete (1.0 - 1356.400.11) <FF289E48-F7CD-347E-81FD-A481D081F2E4> /System/Library/PrivateFrameworks/ContactsAutocomplete.framework/Versions/A/ContactsAutocomplete
       0x1bc815000 -        0x1bc84eabf  com.apple.proactive.support.ProactiveEventTracker (1.0 - 415.1) <992B703A-12C4-3860-BC5C-14FC00E6160C> /System/Library/PrivateFrameworks/ProactiveEventTracker.framework/Versions/A/ProactiveEventTracker
       0x1bc94d000 -        0x1bcb8acbf  com.apple.framework.calculate (1.4 - 17) <B58E659B-7328-3DE8-AD67-A229F1DF734F> /System/Library/PrivateFrameworks/Calculate.framework/Versions/A/Calculate
       0x1bce53000 -        0x1bce5417f  com.apple.PhoneNumbers (1.0 - 1) <390B6AC8-D127-3B8E-AA75-025D5878AFED> /System/Library/PrivateFrameworks/PhoneNumbers.framework/Versions/A/PhoneNumbers
       0x1bce55000 -        0x1bce5e65f  com.apple.URLFormatting (288 - 288.6) <56E0730F-7877-3BB0-9500-6A7C69759068> /System/Library/PrivateFrameworks/URLFormatting.framework/Versions/A/URLFormatting
       0x1bce5f000 -        0x1bcf63d1f  com.apple.accessibility.AXCoreUtilities (1.0 - 1) <2248E63F-C4F4-3434-8C5C-70999567FDDD> /System/Library/PrivateFrameworks/AXCoreUtilities.framework/Versions/A/AXCoreUtilities
       0x1bcf64000 -        0x1bcf9907f  libAccessibility.dylib (3191.7.24) <1E4A9F86-D944-313B-A72B-02E19BC896E9> /usr/lib/libAccessibility.dylib
       0x1bcf9a000 -        0x1c08f48bf  com.apple.WebCore (21623 - 21623.2.7.11.6) <35855778-359A-3E2B-95B8-AD6BBDDF5A18> /System/Library/Frameworks/WebKit.framework/Versions/A/Frameworks/WebCore.framework/Versions/A/WebCore
       0x1c08f5000 -        0x1c09c121f  com.apple.PackageKit (3.0 - 1491.80.2) <ACA62330-6D04-3864-A299-DCE781E23A52> /System/Library/PrivateFrameworks/PackageKit.framework/Versions/A/PackageKit
       0x1c09c2000 -        0x1c09d171f  com.apple.NetFS (6.0 - 4.0) <CBA4E8B1-7E41-37CF-9A97-C76D8D15680D> /System/Library/Frameworks/NetFS.framework/Versions/A/NetFS
       0x1c0b21000 -        0x1c0b50ddf  com.apple.quicklook.QuickLookSupport (1.0 - 208.3.1) <C2CEEA15-7C06-3CA6-8D86-3098F01CF98E> /System/Library/PrivateFrameworks/QuickLookSupport.framework/Versions/A/QuickLookSupport
       0x1c0b51000 -        0x1c0c6419f  com.apple.siri.parsec.CoreParsec (1.0 - 3505.13.1) <FA217349-A424-3A2D-B969-7E4D4B2BC7E4> /System/Library/PrivateFrameworks/CoreParsec.framework/Versions/A/CoreParsec
       0x1c0c65000 -        0x1c0e9d55f  com.apple.TelephonyUtilities (1.0 - 1.0) <FAD6628E-5063-3023-B191-659E83C0E0BE> /System/Library/PrivateFrameworks/TelephonyUtilities.framework/Versions/A/TelephonyUtilities
       0x1c0e9e000 -        0x1c0efe77f  com.apple.DeviceManagement (1.0 - 246.60.2) <AEAB1C46-E1A3-30B1-8DC5-1AEAB45E8C32> /System/Library/PrivateFrameworks/DeviceManagement.framework/Versions/A/DeviceManagement
       0x1c0eff000 -        0x1c0eff357  libswiftCoreGraphics.dylib (17) <F8E6A2BC-9A34-335A-875B-8EDFF87B14EF> /usr/lib/swift/libswiftCoreGraphics.dylib
       0x1c0f00000 -        0x1c0f02a9f  libswiftDarwin.dylib (347.40.2) <38299193-F09E-32C2-9D02-41145E95B937> /usr/lib/swift/libswiftDarwin.dylib
       0x1c0f69000 -        0x1c0fde73f  com.apple.Safari.SafeBrowsing (21623 - 21623.2.7.11.6) <0695FD8F-7B56-35A1-A41A-732BEF315C7A> /System/Library/PrivateFrameworks/SafariSafeBrowsing.framework/Versions/A/SafariSafeBrowsing
       0x1c0fdf000 -        0x1c2621b5f  com.apple.WebKit (21623 - 21623.2.7.11.6) <D15699EB-7868-304D-8B9F-88B5DEB2F7E1> /System/Library/Frameworks/WebKit.framework/Versions/A/WebKit
       0x1c2a23000 -        0x1c2a23517  com.apple.CorePDF (4.0 - 555) <1F8C1658-17AC-3FDC-960C-87910CD8B143> /System/Library/PrivateFrameworks/CorePDF.framework/Versions/A/CorePDF
       0x1c2a24000 -        0x1c2a24817  com.apple.Carbon (160 - 170) <E18288AD-2E9D-3052-9764-5A18124F825B> /System/Library/Frameworks/Carbon.framework/Versions/A/Carbon
       0x1c2a25000 -        0x1c2dc3a7f  com.apple.coremotion (3068.0.13 - 3068.0.13) <8DD99843-D9AD-3B58-A749-E2113E82BF0C> /System/Library/Frameworks/CoreMotion.framework/Versions/A/CoreMotion
       0x1c2e2d000 -        0x1c2e2d5a7  com.apple.avfoundation (2.0 - 2405.7.1) <263ECF2E-D62D-364F-8C5C-0BFE0E4A065B> /System/Library/Frameworks/AVFoundation.framework/Versions/A/AVFoundation
       0x1c2f56000 -        0x1c304703f  libquic.dylib (5569.81.5) <A7793D8C-9436-3AA1-AEE1-C096E3AF3B69> /usr/lib/libquic.dylib
       0x1c304c000 -        0x1c3052a4f  com.apple.EmbeddedOSSupportHost (1.0 - 1) <9E66DC25-131C-3748-9AC9-84E2E8C1C2C4> /System/Library/PrivateFrameworks/EmbeddedOSSupportHost.framework/Versions/A/EmbeddedOSSupportHost
       0x1c3053000 -        0x1c307b6bf  com.apple.private.SystemPolicy (1.0 - 1) <6E6D7AC0-63CC-37F5-9853-30DCAFF669AC> /System/Library/PrivateFrameworks/SystemPolicy.framework/Versions/A/SystemPolicy
       0x1c307c000 -        0x1c30a293f  com.apple.icloud.FindMyDevice (1.0 - 1) <F26DE403-88C3-3450-B672-1F007890EB8F> /System/Library/PrivateFrameworks/FindMyDevice.framework/Versions/A/FindMyDevice
       0x1c3454000 -        0x1c347b99f  com.apple.sidecar-core (1.0 - 376.1) <6D8AF967-D3D3-3690-A0F1-A203CA385E9D> /System/Library/PrivateFrameworks/SidecarCore.framework/Versions/A/SidecarCore
       0x1c347c000 -        0x1c3481f3f  com.apple.QuickLookNonBaseSystem (1.0 - 1) <B936A6A2-291B-310C-90D9-4AD25E8E1CF4> /System/Library/PrivateFrameworks/QuickLookNonBaseSystem.framework/Versions/A/QuickLookNonBaseSystem
       0x1c3482000 -        0x1c34bf67f  com.apple.datadetectors (5.0 - 469.1) <9A2A4F31-E9F8-3B25-BB9F-990E77104AA0> /System/Library/PrivateFrameworks/DataDetectors.framework/Versions/A/DataDetectors
       0x1c36ac000 -        0x1c373e5ff  com.apple.CoreRoutine (1.0 - 1071.0.1) <6754803F-3A8A-3B79-B79A-5E603391380F> /System/Library/PrivateFrameworks/CoreRoutine.framework/Versions/A/CoreRoutine
       0x1c373f000 -        0x1c37621ff  com.apple.mediastream (1.0 - 831.0.104) <D0630C53-CE76-3F7B-B856-D1F37B54F020> /System/Library/PrivateFrameworks/MediaStream.framework/Versions/A/MediaStream
       0x1c3aaa000 -        0x1c3aaefff  com.apple.CoreOptimization (1.0 - 1) <D774CFF2-25A3-3BE7-B015-CA4ADB3A709F> /System/Library/PrivateFrameworks/CoreOptimization.framework/Versions/A/CoreOptimization
       0x1c3aaf000 -        0x1c3ac2a1f  com.apple.FeatureFlagsSupport (1.0 - 101) <A12DE31F-0E40-3C81-857D-892F8876ECC8> /System/Library/PrivateFrameworks/FeatureFlagsSupport.framework/Versions/A/FeatureFlagsSupport
       0x1c3ac3000 -        0x1c3ac891f  com.apple.incomingcallfilter (10.0 - 1000) <26D364AE-CAF0-3C89-BA9F-3A7F0D3D5B67> /System/Library/PrivateFrameworks/IncomingCallFilter.framework/Versions/A/IncomingCallFilter
       0x1c3ac9000 -        0x1c3b21ebf  com.apple.facetimeservices (10.0 - 1000) <941DC534-8964-3422-9A5F-EFD6C5F4A6E2> /System/Library/PrivateFrameworks/FTServices.framework/Versions/A/FTServices
       0x1c3b22000 -        0x1c3b3751f  com.apple.CoreSDB (10.0 - 1000) <9FC5B23E-4252-34CD-9398-71D31633E306> /System/Library/PrivateFrameworks/CoreSDB.framework/Versions/A/CoreSDB
       0x1c3bcb000 -        0x1c3be7ddf  com.apple.contacts.donation (1.0 - 1123.200.21) <4D072DF7-F4E4-3173-9143-ACA1A0BD4A78> /System/Library/PrivateFrameworks/ContactsDonation.framework/Versions/A/ContactsDonation
       0x1c3be8000 -        0x1c3c5e8ff  com.apple.NaturalLanguage (1.0 - 114) <33ED4EBE-ECDC-3CFA-8CBB-615F08E7E1AF> /System/Library/Frameworks/NaturalLanguage.framework/Versions/A/NaturalLanguage
       0x1c3c5f000 -        0x1c3c8807f  com.apple.SafariServices.framework (21623 - 21623.2.7.11.6) <21C4921A-CAE9-3FA7-82BD-08C4BC3E9C75> /System/Library/Frameworks/SafariServices.framework/Versions/A/SafariServices
       0x1c3ca1000 -        0x1c3d257bf  com.apple.Catalyst (1.0 - 15) <76CDFC60-9185-39D3-A17B-4757103535ED> /System/Library/PrivateFrameworks/Catalyst.framework/Versions/A/Catalyst
       0x1c3d49000 -        0x1c3d94cff  com.apple.LocalAuthentication.DaemonUtils (1.0 - 2005.80.10) <7FC6388D-12E8-303A-9E2B-D12DB4146210> /System/Library/Frameworks/LocalAuthentication.framework/Support/DaemonUtils.framework/Versions/A/DaemonUtils
       0x1c3d95000 -        0x1c3ddbd3f  com.apple.BiometricKit (1.0 - 545.40.2) <856F3F68-4E64-3DC0-8484-B99B29E9C2A2> /System/Library/PrivateFrameworks/BiometricKit.framework/Versions/A/BiometricKit
       0x1c3f1c000 -        0x1c3fa8f1f  com.apple.LoggingSupport (1.0 - 1815.80.2) <3B369836-295B-3C26-A2DA-A8036FDE4774> /System/Library/PrivateFrameworks/LoggingSupport.framework/Versions/A/LoggingSupport
       0x1c3fa9000 -        0x1c3fb5a4b  com.apple.MallocStackLogging (1.0 - 64573.4.1) <C3EBC9BA-52FB-3624-B38F-595D3806224C> /System/Library/PrivateFrameworks/MallocStackLogging.framework/Versions/A/MallocStackLogging
       0x1c3fb9000 -        0x1c3fda3bf  com.apple.StorageManagement (1.0 - 1) <C4906144-FA1E-3F36-99FE-1CDCB03F6A7D> /System/Library/PrivateFrameworks/StorageManagement.framework/Versions/A/StorageManagement
       0x1c3fdb000 -        0x1c4031eff  libmis.dylib (463.0.8) <529134B9-CD55-3EB9-9029-4BBD2AF7F1A4> /usr/lib/libmis.dylib
       0x1c4032000 -        0x1c4035c7f  com.apple.gpusw.GPURawCounter (34 - 34) <06667B12-6C26-3603-BD41-D218C434CD87> /System/Library/PrivateFrameworks/GPURawCounter.framework/Versions/A/GPURawCounter
       0x1c4036000 -        0x1c4055b53  libswiftCoreAudio.dylib (411.417) <2D95FC1B-7C4E-37B6-961A-2EFF7ED1B6BA> /usr/lib/swift/libswiftCoreAudio.dylib
       0x1c4056000 -        0x1c405c387  libswiftCoreFoundation.dylib (2401) <6C11227E-B1B0-3F04-964B-7C6056F9C092> /usr/lib/swift/libswiftCoreFoundation.dylib
       0x1c405d000 -        0x1c4067b4c  libswiftIntents.dylib (12) <39706623-9520-3C09-9027-4164F0BECCFD> /usr/lib/swift/libswiftIntents.dylib
       0x1c4068000 -        0x1c40ae742  libswiftXPC.dylib (105.0.14) <73599979-0C8F-3967-98B0-D5A94D77401F> /usr/lib/swift/libswiftXPC.dylib
       0x1c40af000 -        0x1c40af7ff  libswiftCoreImage.dylib (2.2) <6A61EC89-B2D4-3128-BC0C-36F696441936> /usr/lib/swift/libswiftCoreImage.dylib
       0x1c40b0000 -        0x1c40b08a3  libswiftIOKit.dylib (1) <65B73C62-BE48-3F5C-B9CB-559E88F6CCB2> /usr/lib/swift/libswiftIOKit.dylib
       0x1c40b1000 -        0x1c45104df  com.apple.CoreHandwriting (161 - 1.2) <D70FAE88-2FE2-373F-A6F4-14F842C2DB88> /System/Library/PrivateFrameworks/CoreHandwriting.framework/Versions/A/CoreHandwriting
       0x1c4511000 -        0x1c475563f  com.apple.imageKit (3.0 - 1232) <283B99CD-3956-3AEF-AFF8-9757ADDB6E7E> /System/Library/Frameworks/Quartz.framework/Versions/A/Frameworks/ImageKit.framework/Versions/A/ImageKit
       0x1c4756000 -        0x1c491adbf  com.apple.PencilKit (1.0 - 1) <A814F39E-909A-3D94-ACB6-13C5FAA86165> /System/Library/Frameworks/PencilKit.framework/Versions/A/PencilKit
       0x1c491b000 -        0x1c492fadf  com.apple.sidecar-ui (1.0 - 376.1) <2F9A13EE-BDC1-3AF1-9AE1-AFF619E3EBF8> /System/Library/PrivateFrameworks/SidecarUI.framework/Versions/A/SidecarUI
       0x1c4930000 -        0x1c493e15f  com.apple.performance.SignpostCollection (1.174.7 - 174.7) <4562922F-1C71-3DC0-8ADF-C36B0CEFD052> /System/Library/PrivateFrameworks/SignpostCollection.framework/Versions/A/SignpostCollection
       0x1c493f000 -        0x1c493f2c7  com.apple.WebInspectorUI (21623 - 21623.2.7.11.6) <F130E73E-9AA7-3D38-8B22-C4DBF3A916A8> /System/Library/PrivateFrameworks/WebInspectorUI.framework/Versions/A/WebInspectorUI
       0x1c4940000 -        0x1c497f43f  com.apple.OnBoardingKit (1.0 - 1) <218EB2A9-E64B-3543-B316-C811A1F4020B> /System/Library/PrivateFrameworks/OnBoardingKit.framework/Versions/A/OnBoardingKit
       0x1c4a1c000 -        0x1c4a2cdbf  com.apple.CoreKDL (1.0 - 1) <FBFBF90B-3B99-38E1-A7DD-66DEBAC0F672> /System/Library/PrivateFrameworks/CoreKDL.framework/Versions/A/CoreKDL
       0x1c4a2d000 -        0x1c4aaa6ff  com.apple.TrialProto (1.0 - 474.2.0.5.2) <0431937C-210D-3B12-BCD3-2DD2BCBBB559> /System/Library/PrivateFrameworks/TrialProto.framework/Versions/A/TrialProto
       0x1c4aab000 -        0x1c4b53d3f  com.apple.trial (1.0 - 474.2.0.5.2) <BACE2A87-D1FF-31CB-B535-182EBAC439BE> /System/Library/PrivateFrameworks/Trial.framework/Versions/A/Trial
       0x1c4b54000 -        0x1c5001e1f  com.apple.SearchFoundation (1.0 - 3505.13.1) <A237DEDE-4A16-3B0E-BF09-6F97D7FBC126> /System/Library/PrivateFrameworks/SearchFoundation.framework/Versions/A/SearchFoundation
       0x1c5002000 -        0x1c53e9d3f  com.apple.Photos (1.0 - 831.0.104) <99D6F9BC-C0C7-31D1-826A-8A482E0BC942> /System/Library/Frameworks/Photos.framework/Versions/A/Photos
       0x1c53ea000 -        0x1c5464d7f  com.apple.ImageCaptureCore (2020.2.2 - 2020.2.2) <0E1FF056-DE23-3B3B-AE41-267586F25538> /System/Library/Frameworks/ImageCaptureCore.framework/Versions/A/ImageCaptureCore
       0x1c5465000 -        0x1c548dd5f  com.apple.quartzfilters (1.10.0 - 103) <434AF59D-1A78-35FA-AE59-180088852428> /System/Library/Frameworks/Quartz.framework/Versions/A/Frameworks/QuartzFilters.framework/Versions/A/QuartzFilters
       0x1c548e000 -        0x1c54d427f  com.apple.IntlPreferences (2.0 - 475.4.0.1) <59F62D29-1438-30D3-B507-5489FB49148C> /System/Library/PrivateFrameworks/IntlPreferences.framework/Versions/A/IntlPreferences
       0x1c54d5000 -        0x1c550ef3f  com.apple.ToneLibrary (1.0 - 1) <F8F5F9D0-41EC-3659-82F7-D931A36FE4D0> /System/Library/PrivateFrameworks/ToneLibrary.framework/Versions/A/ToneLibrary
       0x1c550f000 -        0x1c5517dbf  com.apple.CoreFollowUpUI (1.0 - 281.3.3) <5369B3B0-959F-3681-82C7-BE56024CCD09> /System/Library/PrivateFrameworks/CoreFollowUpUI.framework/Versions/A/CoreFollowUpUI
       0x1c55e0000 -        0x1c5686f9f  com.apple.CallKit (1.0 - 1) <1F7B9E49-5A7F-3CCF-9C56-0DE6D52935D7> /System/Library/Frameworks/CallKit.framework/Versions/A/CallKit
       0x1c5687000 -        0x1c57a959f  com.apple.ScreenTimeCore (3.0 - 605.3.1) <660E8617-89C6-3BE4-B62D-FCB8984729EF> /System/Library/PrivateFrameworks/ScreenTimeCore.framework/Versions/A/ScreenTimeCore
       0x1c57b4000 -        0x1c57cdc9f  com.apple.contextkit.ContextKit (1.0 - 1) <37B2382B-EDA3-3ECC-986F-881D541B9306> /System/Library/PrivateFrameworks/ContextKit.framework/Versions/A/ContextKit
       0x1c57ce000 -        0x1c59ac33f  com.apple.Safari.Core (21623 - 21623.2.7.11.6) <AA097C61-6300-3D6C-B479-8BE553B6BE84> /System/Library/PrivateFrameworks/SafariCore.framework/Versions/A/SafariCore
       0x1c5ca3000 -        0x1c6071f7f  com.apple.iTunesCloud (1.0 - 4025.400.4) <C6FE931E-8C55-302C-BA47-7801449D82B3> /System/Library/PrivateFrameworks/iTunesCloud.framework/Versions/A/iTunesCloud
       0x1c6078000 -        0x1c60bd123  libbootpolicy.dylib (289.0.1) <FCD96187-21F7-3949-8275-9B73ACFC2812> /usr/lib/libbootpolicy.dylib
       0x1c60be000 -        0x1c6208e3f  com.apple.AnnotationKit (1.0 - 560) <96AD0E15-5A16-3BE1-AF5D-2892DB5662E1> /System/Library/PrivateFrameworks/AnnotationKit.framework/Versions/A/AnnotationKit
       0x1c6209000 -        0x1c66f4c5f  com.apple.QuartzComposer (5.1 - 387) <D5582553-9E8B-3C41-8BA5-47F9BAFDDFA4> /System/Library/Frameworks/Quartz.framework/Versions/A/Frameworks/QuartzComposer.framework/Versions/A/QuartzComposer
       0x1c66f5000 -        0x1c681ac5f  com.apple.PDFKit (1.0 - 1451.3.3) <4AB3FAD9-0CD7-3E91-A3F0-A55625F145F9> /System/Library/Frameworks/PDFKit.framework/Versions/A/PDFKit
       0x1c681b000 -        0x1c6e655ff  com.apple.SceneKit (1.0 - 608.300) <85DED891-903E-3148-9F37-6692CFB51C0B> /System/Library/Frameworks/SceneKit.framework/Versions/A/SceneKit
       0x1c716f000 -        0x1c7179e7f  com.apple.BridgeXPC (1.0 - 39) <FEB10EBB-53AE-3AFF-9A72-C1D362B39D69> /System/Library/PrivateFrameworks/BridgeXPC.framework/Versions/A/BridgeXPC
       0x1c717a000 -        0x1c71a7fbf  com.apple.skp.FeedbackLogger (1.0 - 1) <4BB51617-B03E-37FE-BA37-E1642BC60FC3> /System/Library/PrivateFrameworks/FeedbackLogger.framework/Versions/A/FeedbackLogger
       0x1c71a8000 -        0x1c73e1bff  com.apple.AppleMediaServicesUI (1.0 - 1) <B37D9434-F36F-34CE-895A-8DBCCC2E64E7> /System/Library/PrivateFrameworks/AppleMediaServicesUI.framework/Versions/A/AppleMediaServicesUI
       0x1c73e2000 -        0x1c740413f  com.apple.DistributionKit (700 - 1000) <A35F4675-C22F-3110-826B-37800B17B951> /System/Library/PrivateFrameworks/Install.framework/Frameworks/DistributionKit.framework/Versions/A/DistributionKit
       0x1c7405000 -        0x1c7456b9f  com.apple.OSPersonalization (1.0 - 149) <4A3FD4B9-9A1F-34A8-A673-7C44857C54F4> /System/Library/PrivateFrameworks/OSPersonalization.framework/Versions/A/OSPersonalization
       0x1c794d000 -        0x1c79ab71f  com.apple.CommerceKit (1.2.0 - 716.2.2) <86C1DEE0-4A5E-3144-A841-5683DD2129C8> /System/Library/PrivateFrameworks/CommerceKit.framework/Versions/A/CommerceKit
       0x1c79ac000 -        0x1c79b1bbf  com.apple.ServerInformation (2.0 - 1) <714C5C44-167C-3C79-A5BC-2406503A3574> /System/Library/PrivateFrameworks/ServerInformation.framework/Versions/A/ServerInformation
       0x1c79b2000 -        0x1c79d671f  com.apple.icloud.FMCore (1.0 - 1) <8A042C36-6D9E-3802-A512-51059C7FA3B1> /System/Library/PrivateFrameworks/FMCore.framework/Versions/A/FMCore
       0x1c7b10000 -        0x1c7b279c3  libswiftsimd.dylib (23) <C6F52DF2-8CD3-3C9D-991D-1318248286D6> /usr/lib/swift/libswiftsimd.dylib
       0x1c7b28000 -        0x1c7d4619f  com.apple.CallHistory (1.0 - 106.400.41.1.4) <3149A67B-BB53-3A2D-BF40-57EC33FDD9D4> /System/Library/PrivateFrameworks/CallHistory.framework/Versions/A/CallHistory
       0x1c7d47000 -        0x1c7d716df  com.apple.MobileInstallation (2.0 - 1.0) <83D087B4-30D9-3FC3-B0C2-BE43D18A0A95> /System/Library/PrivateFrameworks/MobileInstallation.framework/Versions/A/MobileInstallation
       0x1c7d80000 -        0x1c7f546df  com.apple.TextInput (1.0 - 1.0) <E0F08092-8986-3BC9-AB49-B2066E835093> /System/Library/PrivateFrameworks/TextInput.framework/Versions/A/TextInput
       0x1c8150000 -        0x1c8b2e25f  com.apple.PhotoLibraryServices (1.0 - 831.0.104) <8CFFC78B-EC81-3918-9576-269C0A8FC77F> /System/Library/PrivateFrameworks/PhotoLibraryServices.framework/Versions/A/PhotoLibraryServices
       0x1c8b65000 -        0x1c8cbc4ff  com.apple.PeopleSuggester (1.0 - 1) <C4919AF2-F407-3EF0-93CB-424775B2CAF2> /System/Library/PrivateFrameworks/PeopleSuggester.framework/Versions/A/PeopleSuggester
       0x1c8cbd000 -        0x1c8cf8c5f  com.apple.DataDeliveryServices (1.0 - 50) <5FB3586A-AA8C-3310-A15B-D045602305C3> /System/Library/PrivateFrameworks/DataDeliveryServices.framework/Versions/A/DataDeliveryServices
       0x1c8cf9000 -        0x1c8d0673f  com.apple.CaptiveNetworkSupport (13.0 - 1) <0684F3C0-5EA4-3A0F-898D-75B5A949781E> /System/Library/PrivateFrameworks/CaptiveNetwork.framework/Versions/A/CaptiveNetwork
       0x1c8e4e000 -        0x1c8eb359f  com.apple.StoreFoundation (1.0 - 716.2.2) <90F26835-8046-3510-9A8A-74F72B52CD7D> /System/Library/PrivateFrameworks/StoreFoundation.framework/Versions/A/StoreFoundation
       0x1c9165000 -        0x1c917ef3f  com.apple.LookupFramework (1.2 - 321.2) <C88F2B30-2013-348C-B330-C26644A3D755> /System/Library/PrivateFrameworks/Lookup.framework/Versions/A/Lookup
       0x1c917f000 -        0x1c91bb407  libncurses.5.4.dylib (79) <071DBDFA-3CF3-3310-AF0A-BD03F7D21C00> /usr/lib/libncurses.5.4.dylib
       0x1c91bc000 -        0x1c91c537f  com.apple.IOAccelMemoryInfo (1.0 - 1) <5B7B2120-3E80-3187-8C92-2B68C2C60CBC> /System/Library/PrivateFrameworks/IOAccelMemoryInfo.framework/Versions/A/IOAccelMemoryInfo
       0x1c924a000 -        0x1c924a677  com.apple.quartzframework (1.5 - 26) <0E84BFE9-4243-3A6C-8B07-5F0681034CD0> /System/Library/Frameworks/Quartz.framework/Versions/A/Quartz
       0x1c92d9000 -        0x1c92f831f  com.apple.IntentsCore (1.0 - 1) <4E6BF8BC-6CEC-3587-81ED-115640B07354> /System/Library/PrivateFrameworks/IntentsCore.framework/Versions/A/IntentsCore
       0x1c92f9000 -        0x1c93c525f  com.apple.NearField (363.10 - 363.10) <26ECCA56-6D87-3121-8DDF-A950516E8D57> /System/Library/PrivateFrameworks/NearField.framework/Versions/A/NearField
       0x1c93c6000 -        0x1c93d767f  com.apple.GPUInfo (1.3.14 - 1.3.14) <8823FC66-43F3-30A2-803C-07F764707F10> /System/Library/PrivateFrameworks/GPUInfo.framework/Versions/A/GPUInfo
       0x1c93d8000 -        0x1c93e0e1f  com.apple.BridgeOSSoftwareUpdate (1.0 - 1) <24F32011-A6AC-316B-8A89-051983F543D7> /System/Library/PrivateFrameworks/BridgeOSSoftwareUpdate.framework/Versions/A/BridgeOSSoftwareUpdate
       0x1c93e1000 -        0x1c93f0d5f  com.apple.InstallerDiagnostics (1.0 - 1) <B186CDAE-6CB2-3ABB-BAE5-D94CAC155406> /System/Library/PrivateFrameworks/InstallerDiagnostics.framework/Versions/A/InstallerDiagnostics
       0x1c9425000 -        0x1c96032bf  com.apple.AOSKit (1.07 - 282) <2100959F-430C-31BD-AD8F-301963DDF9E4> /System/Library/PrivateFrameworks/AOSKit.framework/Versions/A/AOSKit
       0x1c9919000 -        0x1ca7a7adf  com.apple.siri.SiriInstrumentation (1.0 - 1) <8AA2E680-1456-3C34-A898-508067DD05F8> /System/Library/PrivateFrameworks/SiriInstrumentation.framework/Versions/A/SiriInstrumentation
       0x1ca7a8000 -        0x1ca7c2ad3  libCGInterfaces.dylib (632) <216F1511-ED17-3F5B-B99F-135BE51D0B9D> /System/Library/Frameworks/Accelerate.framework/Versions/A/Frameworks/vImage.framework/Versions/A/Libraries/libCGInterfaces.dylib
       0x1ca7c3000 -        0x1ca7e1db1  libswiftCoreLocation.dylib (53) <61EA384D-EC29-3CA5-B57F-6A51B760E722> /usr/lib/swift/libswiftCoreLocation.dylib
       0x1ca7e2000 -        0x1ca7eb1f7  libswiftCoreMIDI.dylib (6) <D7AC1755-2FFB-3301-9B7B-84F58EDE35DB> /usr/lib/swift/libswiftCoreMIDI.dylib
       0x1ca826000 -        0x1cab5f75f  com.apple.IMDPersistence (10.0 - 1000) <9CA383D5-540D-324C-AD63-9C283C18CC8E> /System/Library/PrivateFrameworks/IMDPersistence.framework/Versions/A/IMDPersistence
       0x1cab60000 -        0x1cab6637f  com.apple.idskvstore (10.0 - 1000) <AFEC46FD-893D-3E59-9715-B0FCD6107F1B> /System/Library/PrivateFrameworks/IDSKVStore.framework/Versions/A/IDSKVStore
       0x1cab67000 -        0x1cab9583f  com.apple.LocalAuthenticationUI (1.0 - 2005.80.10) <1FB9DE1A-A5C8-3FBA-AE82-3E68C0B3F9E2> /System/Library/PrivateFrameworks/LocalAuthenticationUI.framework/Versions/A/LocalAuthenticationUI
       0x1cac52000 -        0x1cade84ff  com.apple.AddressBook.framework (14.0 - 2732.400.1) <619D35AD-CAEB-3073-A22C-1A60807CF4DB> /System/Library/Frameworks/AddressBook.framework/Versions/A/AddressBook
       0x1cade9000 -        0x1cae0a25f  com.apple.ToneKit (1.0 - 1) <89B5AA80-2944-3637-B72B-3BE6DC2DA0BD> /System/Library/PrivateFrameworks/ToneKit.framework/Versions/A/ToneKit
       0x1cae0b000 -        0x1caea3edf  com.apple.AppStoreDaemon (1.0 - 1) <7D2F5CD0-92C5-3AA2-9BA3-496336645842> /System/Library/PrivateFrameworks/AppStoreDaemon.framework/Versions/A/AppStoreDaemon
       0x1caf99000 -        0x1caf9fb5f  com.apple.MSUDataAccessor (1.0 - 1) <37B7901D-6EE4-3FE1-9497-950F98D9BCEF> /System/Library/PrivateFrameworks/MSUDataAccessor.framework/Versions/A/MSUDataAccessor
       0x1cb05e000 -        0x1cb08bbdf  libnfshared.dylib (363.10) <13B1E1B4-91C1-3976-8E09-674A67584460> /usr/lib/libnfshared.dylib
       0x1cb08c000 -        0x1cb26aedf  com.apple.Navigation (1.0 - 1) <BCA4A314-5115-36B4-A8F0-7952D59EECF9> /System/Library/PrivateFrameworks/Navigation.framework/Versions/A/Navigation
       0x1cb26b000 -        0x1cb28503f  com.apple.ExternalAccessory (1.0.0 - 1.0) <6933E218-CD99-31D4-9B67-4B411D045EAD> /System/Library/Frameworks/ExternalAccessory.framework/ExternalAccessory
       0x1cb286000 -        0x1cb2a03df  com.apple.IAP (1.0 - 1.0.0) <5E255FB3-2DF9-31E2-891C-1E4CC07A638A> /System/Library/PrivateFrameworks/IAP.framework/Versions/A/IAP
       0x1cb3a2000 -        0x1cb4031df  com.apple.SoftwareUpdateCoreSupport (1.0 - 1) <63AC95BD-9446-31BA-9DF2-44B0E4FCA200> /System/Library/PrivateFrameworks/SoftwareUpdateCoreSupport.framework/Versions/A/SoftwareUpdateCoreSupport
       0x1cb41f000 -        0x1cb42265f  com.apple.ftclientservices (10.0 - 1000) <DCF47A59-2346-30FC-9168-06B0E45C9D26> /System/Library/PrivateFrameworks/FTClientServices.framework/Versions/A/FTClientServices
       0x1cb4d2000 -        0x1cb621e7f  com.apple.chronoservices (1) <90E6F231-07F2-34D5-80E9-EEA74D331DBA> /System/Library/PrivateFrameworks/ChronoServices.framework/Versions/A/ChronoServices
       0x1cb623000 -        0x1cb7d4fdf  com.apple.AOSUI (1.2 - 898.325.1) <E8EF41EC-7D8E-34BD-B39C-5E3A5E2AB48F> /System/Library/PrivateFrameworks/AOSUI.framework/Versions/A/AOSUI
       0x1cb7d5000 -        0x1cb7e269f  com.apple.icloud.FindMyDeviceUI (1.0 - 18) <B16D71E2-C01D-3EE9-9574-1A1D4A71B9D9> /System/Library/PrivateFrameworks/FindMyDeviceUI.framework/Versions/A/FindMyDeviceUI
       0x1cb828000 -        0x1cb85dc3f  libtailspin.dylib (241) <BE6B6303-094A-3CA3-B6D5-4271BC087DC5> /usr/lib/libtailspin.dylib
       0x1cb85e000 -        0x1ccfa4f7f  com.apple.SwiftUI (7.3.2 - 7.3.2) <A01A90C1-CC14-30AE-8FB9-E5173C413F95> /System/Library/Frameworks/SwiftUI.framework/Versions/A/SwiftUI
       0x1ccfa5000 -        0x1ccfec2bf  com.apple.AttributeGraph (7.0.80 - 7.0.80) <0ABA65C0-AE1D-3BC8-9BD7-0D5582539EF1> /System/Library/PrivateFrameworks/AttributeGraph.framework/Versions/A/AttributeGraph
       0x1ccfed000 -        0x1cd070aff  com.apple.EmojiFoundation (1.0 - 1) <EF2182E5-4275-3E85-9BBA-C0146245B145> /System/Library/PrivateFrameworks/EmojiFoundation.framework/Versions/A/EmojiFoundation
       0x1cd071000 -        0x1cd158b9f  com.apple.CoreCDPInternal (1.0 - 1) <F3E12A20-C753-3308-8B77-38A2143D869E> /System/Library/PrivateFrameworks/CoreCDPInternal.framework/Versions/A/CoreCDPInternal
       0x1cd159000 -        0x1cda03abf  libfaceCore.dylib (9.3.1) <90070331-4A8F-3B1A-9A8D-77943B273D6A> /System/Library/Frameworks/Vision.framework/libfaceCore.dylib
       0x1cda04000 -        0x1cdc7beff  com.apple.TextRecognition (1.0 - 157) <11A1EB9C-F8D7-3471-8327-F0EE12F7FF7B> /System/Library/PrivateFrameworks/TextRecognition.framework/Versions/A/TextRecognition
       0x1cdc7c000 -        0x1cdc936bf  com.apple.Futhark (1.0 - 1) <34BAB288-D6E8-3730-A472-F53CBA8BA8D7> /System/Library/PrivateFrameworks/Futhark.framework/Versions/A/Futhark
       0x1cdc94000 -        0x1cdd251bf  com.apple.DifferentialPrivacy (1.0 - 1) <1FC87855-010F-3F3D-BCEB-9FD93EBB6632> /System/Library/PrivateFrameworks/DifferentialPrivacy.framework/Versions/A/DifferentialPrivacy
       0x1cdd26000 -        0x1cdd6b89f  com.apple.SafariFoundation (21623 - 21623.2.7.11.6) <71DDF609-FB1A-3BBF-A07D-AD8AE7C4A647> /System/Library/PrivateFrameworks/SafariFoundation.framework/Versions/A/SafariFoundation
       0x1cdd6c000 -        0x1cdd7b1df  com.apple.SafariPlatformSupport.framework (21623 - 21623.2.7.11.6) <F6EDD524-2A9E-3AA4-B3C1-D6D20A926CFD> /System/Library/PrivateFrameworks/SafariPlatformSupport.framework/Versions/A/SafariPlatformSupport
       0x1cdd7c000 -        0x1cdfe70bf  com.apple.RawCamera.bundle (9.40.0 - 1756.81.3) <8CF5EE3F-F4B1-386C-A186-052A22A9301C> /System/Library/CoreServices/RawCamera.bundle/Contents/MacOS/RawCamera
       0x1ce1c0000 -        0x1ce1fbd93  com.apple.MobileBluetooth (1.0 - 1.0) <F83C1404-4009-3EA4-9F24-45BEE48D9D3C> /System/Library/PrivateFrameworks/MobileBluetooth.framework/Versions/A/MobileBluetooth
       0x1ce202000 -        0x1ce36c27f  com.apple.AuthenticationServices (12.0 - 21623.2.7.11.6) <98C3A6B9-B186-3579-AC74-3C1063E84615> /System/Library/Frameworks/AuthenticationServices.framework/Versions/A/AuthenticationServices
       0x1cee9e000 -        0x1ceef4cff  com.apple.biome.BiomeFoundation (1.0 - 200.6) <713156C1-0B57-3241-95EB-F78A7A7F6C5E> /System/Library/PrivateFrameworks/BiomeFoundation.framework/Versions/A/BiomeFoundation
       0x1ceef5000 -        0x1ceef9c7f  com.apple.DAAPKit (1.0 - 4025.300.4) <A8E67AAD-2F59-36EA-8910-9E773A992AED> /System/Library/PrivateFrameworks/DAAPKit.framework/Versions/A/DAAPKit
       0x1cef81000 -        0x1cf04285f  com.apple.icloud.SPOwner (1.0 - 423.23.11.19.4) <2A5606C5-29BC-3705-A75C-A111C48743E6> /System/Library/PrivateFrameworks/SPOwner.framework/Versions/A/SPOwner
       0x1d19d0000 -        0x1d1a7b93f  com.apple.cloudkit.MMCS (1.3 - 2300.120) <12BFBED4-8396-308D-9565-256599CE9714> /System/Library/PrivateFrameworks/MMCS.framework/Versions/A/MMCS
       0x1d1a7c000 -        0x1d1af4a1f  com.apple.acg.InertiaCam (1.0 - 1) <C7A960F8-45A2-3C6D-AA49-237A766D8297> /System/Library/PrivateFrameworks/InertiaCam.framework/Versions/A/InertiaCam
       0x1d1b60000 -        0x1d1c7c23f  com.apple.ConfigurationEngineModel (1.0 - 246.60.2) <E49610EA-B88E-30BD-A0FB-EFB3318ECEF5> /System/Library/PrivateFrameworks/ConfigurationEngineModel.framework/Versions/A/ConfigurationEngineModel
       0x1d1cb3000 -        0x1d1cbf49a  libswiftMetal.dylib (371.5) <E81FF6C4-7BA2-32A8-B7EE-5C34A4393939> /usr/lib/swift/libswiftMetal.dylib
       0x1d1cc0000 -        0x1d1cc6d5f  libswiftCompression.dylib (8) <1B2FA4F2-D8D3-300E-A5AA-029CC18F1764> /usr/lib/swift/libswiftCompression.dylib
       0x1d2044000 -        0x1d2055fdf  com.apple.SpotlightReceiver (1.0 - 2400.22.400) <97A4887B-E533-3828-98F1-F7658A838D6E> /System/Library/PrivateFrameworks/SpotlightReceiver.framework/Versions/A/SpotlightReceiver
       0x1d22c2000 -        0x1d26eb8ff  com.apple.imcore (10.0 - 1000) <AFA5A8E5-4C90-35AF-8AC7-B644CFF0A63F> /System/Library/PrivateFrameworks/IMCore.framework/Versions/A/IMCore
       0x1d26ec000 -        0x1d27088df  com.apple.ftawd (8.0 - 900) <1CBCF08B-2E50-3FD4-8F59-22A7B1B7A7B4> /System/Library/PrivateFrameworks/FTAWD.framework/Versions/A/FTAWD
       0x1d2b8e000 -        0x1d2b9207f  com.apple.iChat.InstantMessage (8.0 - 5501) <10AD6512-C4CE-3AE6-BA18-97C083AD5697> /System/Library/Frameworks/InstantMessage.framework/Versions/A/InstantMessage
       0x1d2b9f000 -        0x1d2c4b1df  libFDR.dylib (1499.80.8) <46532F9A-DBF7-39C8-9F1B-E9C781923009> /usr/lib/libFDR.dylib
       0x1d2c4c000 -        0x1d2cd211f  com.apple.TimeSync (1.0 - 1420.2) <CB5771A8-5F25-3323-901D-C7E1D4EB1ACA> /System/Library/PrivateFrameworks/TimeSync.framework/Versions/A/TimeSync
       0x1d2cd3000 -        0x1d3286c1f  com.apple.biome.BiomeStreams (1.0 - 200.6) <3D65D10B-2802-3962-90D8-6AE429E29117> /System/Library/PrivateFrameworks/BiomeStreams.framework/Versions/A/BiomeStreams
       0x1d3287000 -        0x1d329947f  com.apple.framework.ctcategories (1.0 - 49.2) <8946E747-FFAC-3CFE-BC5D-18A3683C4A6E> /System/Library/PrivateFrameworks/Categories.framework/Versions/A/Categories
       0x1d3757000 -        0x1d376bb7f  com.apple.SoftwareUpdateCoreConnect (1.0 - 1) <DF76C5F0-96BA-36EB-A189-3F26D113072D> /System/Library/PrivateFrameworks/SoftwareUpdateCoreConnect.framework/Versions/A/SoftwareUpdateCoreConnect
       0x1d3784000 -        0x1d37fda7f  com.apple.StorageKit (1.0 - 1024.80.4) <5AFED217-17E4-30E6-9F40-19AC89E40D77> /System/Library/PrivateFrameworks/StorageKit.framework/Versions/A/StorageKit
       0x1d37fe000 -        0x1d383f65f  com.apple.framework.corewlankit (16.0 - 1657) <142B127C-2E4F-32FE-8A94-C4562A8DE00E> /System/Library/PrivateFrameworks/CoreWLANKit.framework/Versions/A/CoreWLANKit
       0x1d494c000 -        0x1d4955f5f  com.apple.audio.IOKitten (300.1 - 300.1) <F947690D-EFD5-36D2-81C6-EE35AF4B8E9F> /System/Library/PrivateFrameworks/IOKitten.framework/Versions/A/IOKitten
       0x1d4d34000 -        0x1d4d638ff  com.apple.coreduet.KnowledgeMonitor (1.0 - 1) <F9302B1A-F226-3C0D-A1EC-66BEF0EFC7E1> /System/Library/PrivateFrameworks/KnowledgeMonitor.framework/Versions/A/KnowledgeMonitor
       0x1d4d64000 -        0x1d4daad7f  com.apple.UsageTracking (3.0 - 392.2.3) <E97B1780-4E97-335F-A45E-DC2033BE3F64> /System/Library/PrivateFrameworks/UsageTracking.framework/Versions/A/UsageTracking
       0x1d4dab000 -        0x1d5c27adf  com.apple.VectorKit (1.0 - 1991.23.11.13.3) <41FEB71F-1749-30C1-9415-72C9B2916980> /System/Library/PrivateFrameworks/VectorKit.framework/Versions/A/VectorKit
       0x1d5c28000 -        0x1d5c92ebf  com.apple.osanalytics.OSAnalytics (1.0 - 1) <197141D3-6E12-3BF3-A266-6AA9D8296810> /System/Library/PrivateFrameworks/OSAnalytics.framework/Versions/A/OSAnalytics
       0x1d5cbd000 -        0x1d5d3667f  com.apple.NetworkServiceProxyFramework (1.0 - 1) <B26200C6-C392-30E3-835D-05A6CE2CE7AC> /System/Library/PrivateFrameworks/NetworkServiceProxy.framework/Versions/A/NetworkServiceProxy
       0x1d5d63000 -        0x1d5d6e67f  com.apple.CloudPhotoServicesConfiguration (11.0 - 831.0.104) <35E44E33-373F-3156-AC14-2CC4EC0B2167> /System/Library/PrivateFrameworks/CloudPhotoServicesConfiguration.framework/Versions/A/CloudPhotoServicesConfiguration
       0x1d5d8e000 -        0x1d5fde85f  com.apple.CloudPhotoLibrary (1.0 - 831.0.104) <5DFACE6F-D151-366E-9613-0B7013CBBAE0> /System/Library/PrivateFrameworks/CloudPhotoLibrary.framework/Versions/A/CloudPhotoLibrary
       0x1d6007000 -        0x1d63798f7  com.apple.SDAPI (1.0 - 1) <0B9424CD-1454-354A-B687-9649D4B3338C> /System/Library/PrivateFrameworks/SDAPI.framework/Versions/A/SDAPI
       0x1d6f56000 -        0x1d6fc5adf  com.apple.Transparency (1.0 - 1547.80.8) <DC41EE3A-CF93-3235-A8E0-4C4AEDA6F9C9> /System/Library/PrivateFrameworks/Transparency.framework/Versions/A/Transparency
       0x1d6fcc000 -        0x1d6fcdf73  libswiftQuartzCore.dylib (5) <27F395B3-E527-3C6E-94F8-5993A92E4FA8> /usr/lib/swift/libswiftQuartzCore.dylib
       0x1d73c2000 -        0x1d73c79a7  com.apple.kperf (1.0 - 1) <FCF94F65-C917-3393-AD61-296F785F29AD> /System/Library/PrivateFrameworks/kperf.framework/Versions/A/kperf
       0x1d73c8000 -        0x1d74b5a1f  com.apple.libktrace (1.0 - 676.81.2) <B2FD0BCA-8D8D-3FF5-83E7-93E0C9985257> /System/Library/PrivateFrameworks/ktrace.framework/Versions/A/ktrace
       0x1d74b6000 -        0x1d74bd0df  com.apple.BezelServicesFW (374 - 374) <386C04C2-2087-3C27-8DA6-6D2BD139DCE7> /System/Library/PrivateFrameworks/BezelServices.framework/Versions/A/BezelServices
       0x1d74c9000 -        0x1d74ce45f  com.apple.MobileSystemServices (1.0 - 1) <276A340E-9F3C-3253-9DE8-EDFCB9EA9D42> /System/Library/PrivateFrameworks/MobileSystemServices.framework/Versions/A/MobileSystemServices
       0x1d7534000 -        0x1d7562e3f  com.apple.frameworks.preferencepanes (16.0 - 16.0) <5983B916-61C7-34E6-A71F-003A159428B0> /System/Library/Frameworks/PreferencePanes.framework/Versions/A/PreferencePanes
       0x1d7563000 -        0x1d756baff  com.apple.InAppMessagesCore (1.0 - 1) <2928F972-BC90-3CAD-8655-8A787961F157> /System/Library/PrivateFrameworks/InAppMessagesCore.framework/Versions/A/InAppMessagesCore
       0x1d756c000 -        0x1d759027f  com.apple.InAppMessages (1.0 - 1) <B44E631C-8A79-320E-A271-E2A6A6E9E401> /System/Library/PrivateFrameworks/InAppMessages.framework/Versions/A/InAppMessages
       0x1d7591000 -        0x1d761be3f  com.apple.EmailCore (11.0 - 3864.400.21) <10B4F4BA-59C0-3066-ADD8-466FB3708097> /System/Library/PrivateFrameworks/EmailCore.framework/Versions/A/EmailCore
       0x1d7661000 -        0x1d7666bdf  com.apple.FindMyMac (3.1 - 75.22.10.4.1) <2401A969-A894-39D1-ACDD-8368EDC36019> /System/Library/PrivateFrameworks/FindMyMac.framework/Versions/A/FindMyMac
       0x1d7667000 -        0x1d7675a7f  com.apple.MobileActivation (1.0 - 1068.80.3) <873C48B5-1A90-3FF3-BF6C-34362A4FA720> /System/Library/PrivateFrameworks/MobileActivationMacOS.framework/Versions/A/MobileActivationMacOS
       0x1d7c5a000 -        0x1d7c8dfdf  com.apple.photo.MediaConversionService (11.0 - 831.0.104) <0C551FAE-F05E-3E14-B86E-3870734DC5E0> /System/Library/PrivateFrameworks/MediaConversionService.framework/Versions/A/MediaConversionService
       0x1d7c95000 -        0x1d7d21ddf  com.apple.signpost.SignpostSupport (1.174.7 - 174.7) <E5A0B524-6821-3322-B371-4F1BEC3FEF87> /System/Library/PrivateFrameworks/SignpostSupport.framework/Versions/A/SignpostSupport
       0x1d7d22000 -        0x1d7e8cc3f  com.apple.ModelIO (268.2.1 - 268.2.1) <E2A16B5B-3C62-378C-A051-328F7A0D0272> /System/Library/Frameworks/ModelIO.framework/Versions/A/ModelIO
       0x1d7e8d000 -        0x1d7ec369f  com.apple.UIKitServices (1.0 - 9126.3.6) <A03D6A91-DD50-3A76-82EB-A7DC94DE4999> /System/Library/PrivateFrameworks/UIKitServices.framework/Versions/A/UIKitServices
       0x1d7ec4000 -        0x1d8023d3f  com.apple.SampleAnalysis (1.0 - 415) <DC625BC5-6271-3886-8029-5E9F779A978D> /System/Library/PrivateFrameworks/SampleAnalysis.framework/Versions/A/SampleAnalysis
       0x1d80fc000 -        0x1d83f875f  com.apple.photo.NeutrinoCore (1.0 - 831.0.104) <20EDF313-5607-375C-B6DB-32C3B259D24B> /System/Library/PrivateFrameworks/NeutrinoCore.framework/Versions/A/NeutrinoCore
       0x1d85bf000 -        0x1d8666c1f  com.apple.EmailFoundation (11.0 - 3864.400.21) <18E4F7E3-6577-3B16-9361-2882D2DEC9BA> /System/Library/PrivateFrameworks/EmailFoundation.framework/Versions/A/EmailFoundation
       0x1d88da000 -        0x1d89b157f  libauthinstall.dylib (1104.80.2) <4CD8B196-88A1-3F1E-A255-CBEA672F4727> /usr/lib/libauthinstall.dylib
       0x1d89b2000 -        0x1d89d45ff  libamsupport.dylib (434.40.3) <6FDEB6DA-32AA-3F83-805C-CE920057BF63> /usr/lib/libamsupport.dylib
       0x1d8a54000 -        0x1d8cacfdf  com.apple.Speech (1.0 - 1) <232D2814-734D-33B7-8B80-2B265E65DBD5> /System/Library/Frameworks/Speech.framework/Versions/A/Speech
       0x1d8d8a000 -        0x1d8d8cadf  com.apple.ScreenTimeServiceUI (3.0 - 605.3.1) <6280BBEB-E135-3C80-9278-AFCC6CEBA634> /System/Library/PrivateFrameworks/ScreenTimeServiceUI.framework/Versions/A/ScreenTimeServiceUI
       0x1d8d91000 -        0x1d8deee3f  com.apple.biome.BiomePubSub (1.0 - 200.6) <80452CAD-7E3A-3AE8-985C-DD2ED185BE66> /System/Library/PrivateFrameworks/BiomePubSub.framework/Versions/A/BiomePubSub
       0x1d8def000 -        0x1d8e3263f  com.apple.biome.BiomeStorage (1.0 - 200.6) <121DE42E-EADA-393B-B2CC-237B33243A6B> /System/Library/PrivateFrameworks/BiomeStorage.framework/Versions/A/BiomeStorage
       0x1d8f56000 -        0x1d9050c6f  libcrypto.42.dylib (109) <861ECBED-AB79-3E38-8044-328DF1213160> /usr/lib/libcrypto.42.dylib
       0x1d90ff000 -        0x1d911209f  com.apple.private.XprotectFrameWork.XprotectFramework (1.0 - 1) <2707F2AE-9B7A-3B80-9712-14CBE24A95C2> /System/Library/PrivateFrameworks/XprotectFramework.framework/Versions/A/XprotectFramework
       0x1d94e9000 -        0x1d965a25f  com.apple.LinkPresentation (288 - 288.6) <87291036-6379-30AC-8885-28BAD02085EB> /System/Library/Frameworks/LinkPresentation.framework/Versions/A/LinkPresentation
       0x1d98e0000 -        0x1d9a1dadf  com.apple.PhotosFormats (1.0 - 831.0.104) <25EFE454-9BD6-3E2A-8393-B12BA045B317> /System/Library/PrivateFrameworks/PhotosFormats.framework/Versions/A/PhotosFormats
       0x1da4a9000 -        0x1da4dda7f  com.apple.DeviceIdentity (1.0 - 1) <A23B463C-3032-317C-93A8-178354D82EF9> /System/Library/PrivateFrameworks/DeviceIdentity.framework/Versions/A/DeviceIdentity
       0x1db5a8000 -        0x1db5b3c1f  com.apple.EmailAddressing (11.0 - 3864.400.21) <F8EDB6AD-26DA-3DF3-90B7-453F244D70F9> /System/Library/PrivateFrameworks/EmailAddressing.framework/Versions/A/EmailAddressing
       0x1db5b4000 -        0x1db7175ff  com.apple.Email (11.0 - 3864.400.21) <89637D93-1A45-362E-8D67-B43C02906C35> /System/Library/PrivateFrameworks/Email.framework/Versions/A/Email
       0x1db719000 -        0x1db836c3f  com.apple.CoreMediaStream (1.0 - 831.0.104) <F8A5F06B-45E1-31AA-99D8-007FAA3426D1> /System/Library/PrivateFrameworks/CoreMediaStream.framework/Versions/A/CoreMediaStream
       0x1db837000 -        0x1db84556c  libswiftUniformTypeIdentifiers.dylib (877.3.5) <A399C880-3891-3519-9A53-864989F91725> /usr/lib/swift/libswiftUniformTypeIdentifiers.dylib
       0x1db846000 -        0x1db90572b  libswiftAccelerate.dylib (77) <657650AF-BAA7-3150-88D5-F61A6CF01343> /usr/lib/swift/libswiftAccelerate.dylib
       0x1dba46000 -        0x1dba570df  libpartition2_dynamic.dylib (3476.80.22) <2ADCDFB3-E656-3A44-A0E2-A079529F1D32> /usr/lib/libpartition2_dynamic.dylib
       0x1dbf99000 -        0x1dbfa421f  com.apple.AFKUser (1.0 - 1) <6389217F-A473-3E6F-AFE5-19FA620A13C7> /System/Library/PrivateFrameworks/AFKUser.framework/Versions/A/AFKUser
       0x1dc4ea000 -        0x1dc4fd624  com.apple.dynamicdesktop (1.0 - 2427.2.4) <DC137342-B848-3DEB-A02C-7FA679C848F2> /System/Library/PrivateFrameworks/DynamicDesktop.framework/Versions/A/DynamicDesktop
       0x1ddf18000 -        0x1de18a27f  com.apple.photo.PhotoImaging (1.0 - 831.0.104) <6B78E04B-5EB8-33F3-B260-EE21236D6E62> /System/Library/PrivateFrameworks/PhotoImaging.framework/Versions/A/PhotoImaging
       0x1de362000 -        0x1de36ce7f  com.apple.CPMS (1.0 - 1) <15E16A9E-557D-3BF5-9703-0A4778DE868A> /System/Library/PrivateFrameworks/CPMS.framework/Versions/A/CPMS
       0x1df146000 -        0x1df18479f  com.apple.PhotosImagingFoundation (11.0 - 831.0.104) <46621DF2-71A6-3BFF-9509-66149F4182F1> /System/Library/PrivateFrameworks/PhotosImagingFoundation.framework/Versions/A/PhotosImagingFoundation
       0x1df185000 -        0x1df1932bf  com.apple.CloudPhotoServices (1.0 - 831.0.104) <638A1AE1-DF45-32E5-AB3D-6A6B9066D748> /System/Library/PrivateFrameworks/CloudPhotoServices.framework/Versions/A/CloudPhotoServices
       0x1df194000 -        0x1df1ee47f  com.apple.acg.AutoLoop (1.0 - 1) <7CF0032B-BB53-3003-826D-543A3BE623A7> /System/Library/PrivateFrameworks/AutoLoop.framework/Versions/A/AutoLoop
       0x1df2a4000 -        0x1df59783f  com.apple.Osprey (1.0 - 1) <EA1629D5-4A96-306A-A10A-5806B62173D4> /System/Library/PrivateFrameworks/Osprey.framework/Versions/A/Osprey
       0x1df88e000 -        0x1df8edc6a  libswiftCoreMedia.dylib (3300.7.1.5.1) <C34B4F94-C852-30E5-BEBA-0A6113E87408> /usr/lib/swift/libswiftCoreMedia.dylib
       0x1e0b66000 -        0x1e0b6f3df  com.apple.kperfdata (1.0 - 1) <38BCBEAB-E1A1-3DF3-A78E-178C16247EE1> /System/Library/PrivateFrameworks/kperfdata.framework/Versions/A/kperfdata
       0x1e0b8c000 -        0x1e0b97c7f  com.apple.Reveal (1.0 - 56) <FEED1A2A-E757-343D-89FD-0153D567DF79> /System/Library/PrivateFrameworks/Reveal.framework/Versions/A/Reveal
       0x1e0b98000 -        0x1e0b9ee3f  com.apple.RevealCore (1.0 - 56) <2E2C7239-F54B-3A43-8081-86C5B4E7F36D> /System/Library/PrivateFrameworks/RevealCore.framework/Versions/A/RevealCore
       0x1e1022000 -        0x1e103469f  com.apple.BulkSymbolication (1.415 - 415) <E84B81DD-EF25-3296-BF0F-30BE71CA3CCC> /System/Library/PrivateFrameworks/BulkSymbolication.framework/Versions/A/BulkSymbolication
       0x1e1035000 -        0x1e1036aab  libswiftOSLog.dylib (10) <A041250D-A03A-3C9C-92D1-E2AD9106B4A2> /usr/lib/swift/libswiftOSLog.dylib
       0x1e12cc000 -        0x1e131266c  libswiftAVFoundation.dylib (2405.7.1) <28B8EEBE-CB8D-3D23-A38A-A9AC63F2C763> /usr/lib/swift/libswiftAVFoundation.dylib
       0x1e5090000 -        0x1e51929ff  com.apple.Symbolication (16.0 - 64573.4.1) <BCC5FF62-9DD5-3D4A-BBE3-D56D28AFFEA7> /System/Library/PrivateFrameworks/Symbolication.framework/Versions/A/Symbolication
       0x1e5193000 -        0x1e51d533f  com.apple.ScreenTimeUI (3.0 - 605.3.1) <84E232D2-9BF7-36FB-8A73-FE824455C8B9> /System/Library/PrivateFrameworks/ScreenTimeUI.framework/Versions/A/ScreenTimeUI
       0x1e5242000 -        0x1e525a99f  com.apple.performance.DiagnosticRequest (1.4 - 4) <07E3DB0D-5D25-3C5C-85F2-B102F109E104> /System/Library/PrivateFrameworks/DiagnosticRequest.framework/Versions/A/DiagnosticRequest
       0x1e580f000 -        0x1e58184d3  com.apple.framework.netrb (1.0 - 1) <3AF1863C-9BAD-34B6-BBCD-67C29E2BDF54> /System/Library/PrivateFrameworks/Netrb.framework/Versions/A/Netrb
       0x1e5819000 -        0x1e584caff  com.apple.frameworks.preferencepanessupport (13.0 - 13.0) <21593036-3A1C-33ED-BB27-5F79E2E26A23> /System/Library/PrivateFrameworks/PreferencePanesSupport.framework/Versions/A/PreferencePanesSupport
       0x1e584d000 -        0x1e587201f  com.apple.CoreMaterial (1.0 - 1) <06CF68A6-4C7F-3271-9099-2585586D39E9> /System/Library/PrivateFrameworks/CoreMaterial.framework/Versions/A/CoreMaterial
       0x1e59ca000 -        0x1e59cc3df  com.apple.framework.machinesettings (11.0 - 11.0) <54A04901-2924-3A3D-BF5E-ECCC14A685F8> /System/Library/PrivateFrameworks/MachineSettings.framework/Versions/A/MachineSettings
       0x1e59cd000 -        0x1e5a7463f  com.apple.CoreCDPUI (1.0 - 1) <1E466F4A-F47A-35A0-BF17-38CB84577432> /System/Library/PrivateFrameworks/CoreCDPUI.framework/Versions/A/CoreCDPUI
       0x1e757b000 -        0x1e760bfdf  com.apple.AppleCVA (1002.75.0 - 1002.75.0) <CE8E42D5-63A9-3C50-BEA0-D3AD43F5E556> /System/Library/PrivateFrameworks/AppleCVA.framework/Versions/A/AppleCVA
       0x1e95be000 -        0x1e95ce4bf  com.apple.OSLog (1.0 - 1815.80.2) <56A5141A-6825-3E28-95E9-6E64CDFBCD3B> /System/Library/Frameworks/OSLog.framework/Versions/A/OSLog
       0x1e98c1000 -        0x1e99c4e14  com.apple.InternalSwiftProtobuf (1.0 - 1.26.0) <34F52035-0665-3F6E-BAD2-C818C0DBE02B> /System/Library/PrivateFrameworks/InternalSwiftProtobuf.framework/Versions/A/InternalSwiftProtobuf
       0x1e99c5000 -        0x1e99c579f  com.apple.PassKit (1.0 - 1) <269E3889-B2E8-3FDE-807E-7B51DE2E84E6> /System/Library/Frameworks/PassKit.framework/Versions/A/PassKit
       0x1e9a89000 -        0x1e9a942ff  com.apple.HIDDisplay (1.0 - 1) <924A2F01-F833-3909-AA54-6FF65E96DB4D> /System/Library/PrivateFrameworks/HIDDisplay.framework/Versions/A/HIDDisplay
       0x1e9a95000 -        0x1e9aea27f  com.apple.ReplayKit (1.0 - 1) <C7C78D8C-AE28-30F1-A2A7-D6880142F468> /System/Library/Frameworks/ReplayKit.framework/Versions/A/ReplayKit
       0x1eb8c4000 -        0x1ec24cdff  com.apple.BlastDoor (1.0 - 1) <13091203-6CDD-3DB8-B30B-A68E8C5C8CFC> /System/Library/PrivateFrameworks/BlastDoor.framework/Versions/A/BlastDoor
       0x1ec4a1000 -        0x1ec53feab  com.apple.security.CryptoKit (1.0 - 1) <CBA27DDD-C6FB-3D26-B988-D81FE2C302A7> /System/Library/Frameworks/CryptoKit.framework/Versions/A/CryptoKit
       0x1ec6b4000 -        0x1ec6cc51f  com.apple.BluetoothManager (1.0 - 1) <CDA3CE84-32BE-3067-A7EA-E1420F316F4C> /System/Library/PrivateFrameworks/BluetoothManager.framework/Versions/A/BluetoothManager
       0x1ec70e000 -        0x1ec741d3f  com.apple.PassKitUIFoundation (1.0 - 1642.4.3) <A3750CF4-628B-3F91-A436-1A6B2EBCF2CF> /System/Library/PrivateFrameworks/PassKitUIFoundation.framework/Versions/A/PassKitUIFoundation
       0x1ed7cb000 -        0x1ed81905f  com.apple.RemoteConfiguration (3.0 - 371) <615C477B-C4BD-3E6A-86F6-301F3F0A04BC> /System/Library/PrivateFrameworks/RemoteConfiguration.framework/Versions/A/RemoteConfiguration
       0x1ef6d1000 -        0x1ef6eeebf  libedit.3.dylib (65) <EEA0E2F9-CC58-3C48-9ACA-94D9377B4AB0> /usr/lib/libedit.3.dylib
       0x1ef707000 -        0x1ef764bef  libswiftDemangle.dylib (6.2.4.1.4) <1DB31D42-9010-3203-9BF2-5B7E771900C9> /usr/lib/swift/libswiftDemangle.dylib
       0x1ef80c000 -        0x1ef814d7f  com.apple.imtransferservices (10.0 - 1000) <CFF80DB5-F836-33D4-B87C-4531EBC683A0> /System/Library/PrivateFrameworks/IMTransferServices.framework/Versions/A/IMTransferServices
       0x1f09da000 -        0x1f0d1ed1f  com.apple.newstransport (11.3 - 5805) <F694DD5E-11B7-32B5-B456-2D1A43DA284E> /System/Library/PrivateFrameworks/NewsTransport.framework/Versions/A/NewsTransport
       0x1f0dbf000 -        0x1f0dce57f  com.apple.newsfoundation (11.3 - 5805) <91430C60-9BF1-3586-8F48-7D0B9E7A7CD4> /System/Library/PrivateFrameworks/NewsFoundation.framework/Versions/A/NewsFoundation
       0x1f0dcf000 -        0x1f13bd2df  com.apple.newscore (11.3 - 5805) <51619137-CE1A-3BF3-94FC-68FC4096B0CD> /System/Library/PrivateFrameworks/NewsCore.framework/Versions/A/NewsCore
       0x1f1569000 -        0x1f156a6ff  com.apple.preferences.SystemDesktopAppearance (1.0 - 186.3.1) <65E58FAD-4E3E-3010-A621-B3D33B68F39D> /System/Library/PrivateFrameworks/SystemDesktopAppearance.framework/Versions/A/SystemDesktopAppearance
       0x1f1761000 -        0x1f1761b03  com.apple.FeatureFlags (1.0 - 101) <5F5F5289-C923-33F1-AF39-B84D4D2A0D9B> /System/Library/PrivateFrameworks/FeatureFlags.framework/Versions/A/FeatureFlags
       0x1f176d000 -        0x1f1774985  libswiftNaturalLanguage.dylib (4.3) <A92D0FEB-02B8-347F-BD9E-71A6BD5D4AE4> /usr/lib/swift/libswiftNaturalLanguage.dylib
       0x1f17e6000 -        0x1f182435f  com.apple.WiFiPeerToPeer (840.8.0 - 840.8) <EE8579B6-CF63-36B4-B634-F40A5C0393EA> /System/Library/PrivateFrameworks/WiFiPeerToPeer.framework/Versions/A/WiFiPeerToPeer
       0x1f9702000 -        0x1f97e9dbf  com.apple.JetUI (1.0 - 1) <497A9CDB-1522-3F29-A1C8-E2FFF168EDEB> /System/Library/PrivateFrameworks/JetUI.framework/Versions/A/JetUI
       0x1f97ea000 -        0x1f9d642ff  com.apple.JetEngine (1.0 - 1) <635B6076-DA87-3989-86DB-9626C562E08C> /System/Library/PrivateFrameworks/JetEngine.framework/Versions/A/JetEngine
       0x1fa280000 -        0x1fa2a7c7f  libswiftSwiftOnoneSupport.dylib (6.2.4 - 6.2.4.1.4) <1BD93A66-AE0B-34EC-9803-1E2229D2F387> /usr/lib/swift/libswiftSwiftOnoneSupport.dylib
       0x1fa561000 -        0x1fa72d99f  com.apple.VoiceShortcutClient (1.0 - 4407) <E109C9D5-2E4E-3788-81BB-E8B8DBD2AFEE> /System/Library/PrivateFrameworks/VoiceShortcutClient.framework/Versions/A/VoiceShortcutClient
       0x1fa8c4000 -        0x1fa8c665f  com.apple.ConfigProfileHelper (18.0 - 1800) <F2961F85-7FA7-358F-B9C4-66241B1067F7> /System/Library/PrivateFrameworks/ConfigProfileHelper.framework/Versions/A/ConfigProfileHelper
       0x1fab19000 -        0x1fab7a49f  com.apple.ScreenReaderCore (10 - 993) <A643BF2A-6D39-331D-A7D7-3EB9DB28B12B> /System/Library/PrivateFrameworks/ScreenReaderCore.framework/Versions/A/ScreenReaderCore
       0x1fabf4000 -        0x1fac5b4ff  com.apple.RemoteManagement (1.0 - 2.0) <AAFD23CD-25C6-30FA-BD94-CC43EF090011> /System/Library/PrivateFrameworks/RemoteManagement.framework/Versions/A/RemoteManagement
       0x1fad55000 -        0x1fad58b1a  libswiftCallKit.dylib (4) <3C2274D0-6061-3538-A108-897AE4CC21BF> /usr/lib/swift/libswiftCallKit.dylib
       0x1faec0000 -        0x1fc569dbf  com.apple.ANECompiler (9.202.0 - 9.202.0) <F00FC3BB-C092-3AF6-951C-98984F122F10> /System/Library/PrivateFrameworks/ANECompiler.framework/Versions/A/ANECompiler
       0x1fc56a000 -        0x1fc57c1bf  com.apple.DeviceCheck (1.0 - 1) <DD0D1BF8-FB6E-3116-AF8B-268BD0A77968> /System/Library/Frameworks/DeviceCheck.framework/Versions/A/DeviceCheck
       0x23b7e6000 -        0x23b7ed367  libCoreFSCache.dylib (351) <B22F66E3-0A7F-3938-9B0A-77FA70F08383> /System/Library/Frameworks/OpenGL.framework/Versions/A/Libraries/libCoreFSCache.dylib
       0x23b7ee000 -        0x23b7f394f  libCoreVMClient.dylib (351) <0A5B0541-A063-37BB-9215-7AFE4CD4377B> /System/Library/Frameworks/OpenGL.framework/Versions/A/Libraries/libCoreVMClient.dylib
       0x23b7f4000 -        0x23b804397  com.apple.opengl (23.0.2 - 23.0.2) <3C65CCA7-C1A7-373A-98A8-9A0034804661> /System/Library/Frameworks/OpenGL.framework/Versions/A/OpenGL
       0x23b805000 -        0x23b8077af  libCVMSPluginSupport.dylib (23.0.2) <840748BC-DE96-3373-A11E-8D8B4B569E74> /System/Library/Frameworks/OpenGL.framework/Versions/A/Libraries/libCVMSPluginSupport.dylib
       0x23b808000 -        0x23b810757  libGFXShared.dylib (23.0.2) <6800CFAC-F9F7-310C-9EB9-2B96764150C0> /System/Library/Frameworks/OpenGL.framework/Versions/A/Libraries/libGFXShared.dylib
       0x23b811000 -        0x23b8443c3  libGLImage.dylib (23.0.2) <4F67F02C-2AC2-34F9-A921-C3F71FFDDCA1> /System/Library/Frameworks/OpenGL.framework/Versions/A/Libraries/libGLImage.dylib
       0x23b845000 -        0x23b87f2ff  libGLU.dylib (23.0.2) <2AA569D9-E12D-3795-8F91-67A86F3FEBDF> /System/Library/Frameworks/OpenGL.framework/Versions/A/Libraries/libGLU.dylib
       0x23b880000 -        0x23b9d3363  libGLProgrammability.dylib (23.0.2) <AF6251BB-4446-3118-9E93-9E5F2FB64CDC> /System/Library/Frameworks/OpenGL.framework/Versions/A/Libraries/libGLProgrammability.dylib
       0x23b9d4000 -        0x23b9ddbcf  libGL.dylib (23.0.2) <65EDABCC-3B6A-39D5-B2B6-7BBDD733C580> /System/Library/Frameworks/OpenGL.framework/Versions/A/Libraries/libGL.dylib
       0x23b9de000 -        0x23bb3ed67  GLEngine (23.0.2) <E3606D48-8CF1-3E30-9DAD-172512B83CEF> /System/Library/Frameworks/OpenGL.framework/Versions/A/Resources/GLEngine.bundle/GLEngine
       0x23bb3f000 -        0x23bb6294b  GLRendererFloat (23.0.2) <B82065D0-D6B1-3A3F-8CB1-298B11E0D04C> /System/Library/Frameworks/OpenGL.framework/Versions/A/Resources/GLRendererFloat.bundle/GLRendererFloat
       0x23bb64000 -        0x23bbd2f7d  com.apple.opencl (5.5 - 5.5) <D6B3FD24-B022-37F9-A37E-B3E13CDF5847> /System/Library/Frameworks/OpenCL.framework/Versions/A/OpenCL
       0x23bd57000 -        0x23bd57adf  com.apple.ARKit (1.0 - 746.60.7) <92A6F2D1-0CA0-3452-A439-C7D7F8DE1A13> /System/Library/Frameworks/ARKit.framework/Versions/A/ARKit
       0x23bd58000 -        0x23be9bd9f  com.apple.audio.AVFAudio (1.0 - 743.302) <D4F33FC3-93B7-354F-97EF-AA0F566E75D2> /System/Library/Frameworks/AVFAudio.framework/Versions/A/AVFAudio
       0x23be9d000 -        0x23bf17fff  com.apple.AVRouting (1.0 - 1) <3A865557-F540-3726-8241-8A9EEC0BE09D> /System/Library/Frameworks/AVRouting.framework/Versions/A/AVRouting
       0x23c028000 -        0x23c51dddf  com.apple.AppIntents (1.0 - 300.3.3.1) <321E0F32-F8FC-3299-9FE9-49610107E019> /System/Library/Frameworks/AppIntents.framework/Versions/A/AppIntents
       0x23ca9c000 -        0x23caa023f  com.apple.BrowserEngineCore (1.0 - 1) <3FA5229A-D6CF-3B08-8982-CFAAD44F5E75> /System/Library/Frameworks/BrowserEngineCore.framework/Versions/A/BrowserEngineCore
       0x23d0fe000 -        0x23d14691f  com.apple.CoreTransferable (1.0.1 - 1) <C40E1663-8958-35E9-BA58-E54037109259> /System/Library/Frameworks/CoreTransferable.framework/Versions/A/CoreTransferable
       0x23d63a000 -        0x23d64715f  com.apple.DataDetection (8.0 - 821.1.1) <1C323014-52EE-3F2C-9E6C-AE76C4501BDD> /System/Library/Frameworks/DataDetection.framework/Versions/A/DataDetection
       0x23d64f000 -        0x23d66456c  com.apple.dt.DeveloperToolsSupport (23.0.4 - 23.0.4) <5D1A5BD9-4E67-3D80-A926-439F8758E690> /System/Library/Frameworks/DeveloperToolsSupport.framework/Versions/A/DeveloperToolsSupport
       0x23d665000 -        0x23d709376  com.apple.DeviceActivity (3.0 - 392.2.3) <7E774703-B63B-31B3-BDBC-6FE198E4737A> /System/Library/Frameworks/DeviceActivity.framework/Versions/A/DeviceActivity
       0x23d794000 -        0x23d8c9bff  com.apple.ExtensionFoundation (97 - 97) <CE0163C5-1909-3257-A547-90D1E206EFF3> /System/Library/Frameworks/ExtensionFoundation.framework/Versions/A/ExtensionFoundation
       0x23d8ca000 -        0x23d90d07f  com.apple.ExtensionKit (97 - 97) <6FF3FDD3-1A8A-3065-ACA8-74CF8C054C62> /System/Library/Frameworks/ExtensionKit.framework/Versions/A/ExtensionKit
       0x23d90e000 -        0x23d9784df  com.apple.FSKit (1.0 - 1) <CBFB7BC9-C6A2-39C3-B873-22B2059E5E75> /System/Library/Frameworks/FSKit.framework/Versions/A/FSKit
       0x23d9d3000 -        0x23dcaf4df  com.apple.FinanceKit (1.0 - 1) <00C8CD5A-6F66-33F5-8456-4C2ED502E54C> /System/Library/Frameworks/FinanceKit.framework/Versions/A/FinanceKit
       0x23e014000 -        0x23e01ab12  com.apple.GeoToolbox (1.0 - 1) <65C5EDDD-7A8A-3F55-AC18-7EC89EE31C3E> /System/Library/Frameworks/GeoToolbox.framework/Versions/A/GeoToolbox
       0x23eafc000 -        0x23eb3e76f  com.apple.LightweightCodeRequirements (1.0 - 1) <F10DCA1B-50A6-304F-9498-829308A80703> /System/Library/Frameworks/LightweightCodeRequirements.framework/Versions/A/LightweightCodeRequirements
       0x23eb3f000 -        0x23eb81aeb  com.apple.LiveCommunicationKit (1.0 - 1) <B2373CBB-92E9-32FA-BFF5-AA591E44D739> /System/Library/Frameworks/LiveCommunicationKit.framework/Versions/A/LiveCommunicationKit
       0x23eb82000 -        0x23eb9627f  com.apple.LocalAuthenticationEmbeddedUI (1.0 - 2005.80.10) <210C5821-6B91-3436-8C09-C14C38937EFC> /System/Library/Frameworks/LocalAuthenticationEmbeddedUI.framework/Versions/A/LocalAuthenticationEmbeddedUI
       0x23ec70000 -        0x23ed390a9  com.apple.ManagedSettings (266.80.2 - 266.80.2) <8E199CCD-13EB-3D76-811A-7906D39FEEB1> /System/Library/Frameworks/ManagedSettings.framework/Versions/A/ManagedSettings
       0x23f8eb000 -        0x23f95cf1f  com.apple.MetalFX (31.7.1 - 31.7.1) <F23EE54F-DC99-33B1-96A1-7FC29E9C55B5> /System/Library/Frameworks/MetalFX.framework/Versions/A/MetalFX
       0x23f95e000 -        0x23f97c17f  com.apple.MPSBenchmarkLoop (1.0 - 1) <02D1C58E-7546-3976-B0C0-8C923793DB82> /System/Library/Frameworks/MetalPerformanceShaders.framework/Versions/A/Frameworks/MPSBenchmarkLoop.framework/Versions/A/MPSBenchmarkLoop
       0x23f97d000 -        0x23f99115f  com.apple.MPSFunctions (1.0 - 1) <B0D335C1-68E0-3F10-A341-CEF08730D07A> /System/Library/Frameworks/MetalPerformanceShaders.framework/Versions/A/Frameworks/MPSFunctions.framework/Versions/A/MPSFunctions
       0x23f992000 -        0x23f996adf  com.apple.MPSHost (1.0 - 1) <12EA0DCF-967B-3FB8-863C-A28FB7CD91FA> /System/Library/Frameworks/MetalPerformanceShaders.framework/Versions/A/Frameworks/MPSHost.framework/Versions/A/MPSHost
       0x23f997000 -        0x243ded11f  com.apple.MetalPerformanceShadersGraph (6.3.14 - 6.3.14) <14AC3421-4E02-3DF2-B7A6-CC7DF4D04A8B> /System/Library/Frameworks/MetalPerformanceShadersGraph.framework/Versions/A/MetalPerformanceShadersGraph
       0x24446a000 -        0x2444bff9f  com.apple.NearbyInteraction (1.0 - 507.0.5) <5AC6DA46-BC25-30A4-AFCC-9A13F54ADDC9> /System/Library/Frameworks/NearbyInteraction.framework/Versions/A/NearbyInteraction
       0x244d4f000 -        0x244e84b7f  com.apple.QuickLookUIFramework (5.0 - 1018.3.2) <5E543261-FB15-3E25-B9CA-12009AD95377> /System/Library/Frameworks/QuickLookUI.framework/Versions/A/QuickLookUI
       0x245513000 -        0x24551bdff  com.apple.RelevanceKit (1.0 - 1) <49769C05-72E7-30C3-B81D-6C3EFBE2493E> /System/Library/Frameworks/RelevanceKit.framework/Versions/A/RelevanceKit
       0x245764000 -        0x2457c2b9f  com.apple.ScreenCaptureKit (1) <885045C7-03C9-3F3D-809C-57E48CF277EA> /System/Library/Frameworks/ScreenCaptureKit.framework/Versions/A/ScreenCaptureKit
       0x2457ea000 -        0x2458d269f  com.apple.SensitiveContentAnalysis (1.0 - 1) <D8AAE5B2-D42A-31C7-AB5C-BA62BFD89BF0> /System/Library/Frameworks/SensitiveContentAnalysis.framework/Versions/A/SensitiveContentAnalysis
       0x24597b000 -        0x2459988bf  com.apple.SharedWithYouCore (1.0 - 1) <F8AC413C-9923-3989-ABAB-4EDB5FF6DE85> /System/Library/Frameworks/SharedWithYouCore.framework/Versions/A/SharedWithYouCore
       0x245c9c000 -        0x245e096a6  com.apple.SwiftData (1.0 - 133) <646A867A-2FCD-3CFE-A325-74BB26E7C67F> /System/Library/Frameworks/SwiftData.framework/Versions/A/SwiftData
       0x245e0a000 -        0x246d7f31f  com.apple.SwiftUICore (7.3.2 - 7.3.2) <222115B4-CEE5-3FE1-B7CF-8C0587A8CF12> /System/Library/Frameworks/SwiftUICore.framework/Versions/A/SwiftUICore
       0x246d80000 -        0x246d93ddf  com.apple.Symbols (1.0 - 190.1.0.2) <26F8930E-8957-3122-AF10-DBDB8485E5C5> /System/Library/Frameworks/Symbols.framework/Versions/A/Symbols
       0x246d9a000 -        0x246ed0d82  com.apple.DataFrame (1.0 - 52) <CF2689C6-85AF-3382-AE0A-357888B3C997> /System/Library/Frameworks/TabularData.framework/Versions/A/TabularData
       0x247121000 -        0x2471a45c1  com.apple.TipKit (26.3 - 120.1.4) <B07FA1D5-193F-3CC5-A8AC-73C453324F4F> /System/Library/Frameworks/TipKit.framework/Versions/A/TipKit
       0x24728e000 -        0x24730c0df  com.apple.Translation (1.0 - 355.5.2) <B14CF1EA-B6D6-3666-886E-1DB5B0E6FF7C> /System/Library/Frameworks/Translation.framework/Versions/A/Translation
       0x2477a2000 -        0x247ace8bf  libANGLE-shared.dylib (623.2.7.11.6) <6A7DE6AB-EE06-3676-ABD7-2E4E529D8F12> /System/Library/Frameworks/WebKit.framework/Versions/A/Frameworks/WebCore.framework/Versions/A/Frameworks/libANGLE-shared.dylib
       0x247be5000 -        0x247bf6edf  com.apple.-AppIntents-AppKit (1.0 - 300.3.3.1) <93668725-D09F-3598-8840-7A76D7083E5A> /System/Library/Frameworks/_AppIntents_AppKit.framework/Versions/A/_AppIntents_AppKit
       0x247c24000 -        0x247c3922a  com.apple.AuthenticationServices.SwiftUI (1.0 - 21623.2.7.11.6) <475F7694-E597-3CE2-A649-2149455B6BAE> /System/Library/Frameworks/_AuthenticationServices_SwiftUI.framework/Versions/A/_AuthenticationServices_SwiftUI
       0x247ca7000 -        0x247cb2054  com.apple.-GeoToolbox-AppIntents (1.0 - 1) <5F307213-3F1E-3331-8B51-A2C167414FFE> /System/Library/Frameworks/_GeoToolbox_AppIntents.framework/Versions/A/_GeoToolbox_AppIntents
       0x247cdb000 -        0x247d05e9f  com.apple.CoreLocation.LocationEssentials (1.0 - 1) <FF39455F-FD83-3766-A830-74CE8A041E67> /System/Library/Frameworks/_LocationEssentials.framework/Versions/A/_LocationEssentials
       0x2485bb000 -        0x2485d7ddf  com.apple.AAAFoundation (1.0 - 1) <E03BDFF6-5864-34AE-A901-139CF7A251B7> /System/Library/PrivateFrameworks/AAAFoundation.framework/Versions/A/AAAFoundation
       0x2485d8000 -        0x24863f7da  com.apple.AAAFoundationSwift (1.0 - 1) <5B8174F3-0710-3E80-A73B-0994E52A01E9> /System/Library/PrivateFrameworks/AAAFoundationSwift.framework/Versions/A/AAAFoundationSwift
       0x2486f2000 -        0x24870345f  com.apple.siri.AIMLExperimentationAnalytics (1.0 - 1) <0A2C5011-6B4E-36CE-92E7-5D4967451A52> /System/Library/PrivateFrameworks/AIMLExperimentationAnalytics.framework/Versions/A/AIMLExperimentationAnalytics
       0x249812000 -        0x24986f9ff  com.apple.ARKitCore (746.60.7 - 746.60.7) <72EE45BD-C187-39D0-9198-BD810EDA1712> /System/Library/PrivateFrameworks/ARKitCore.framework/Versions/A/ARKitCore
       0x24989f000 -        0x2498a739f  com.apple.ARKitFoundation (746.60.7 - 746.60.7) <0437857C-C13E-3736-9A40-356673E992D3> /System/Library/PrivateFrameworks/ARKitFoundation.framework/Versions/A/ARKitFoundation
       0x24aa57000 -        0x24aadc83f  com.apple.AlgorithmsInternal (1.2 - 112) <50753FBF-000F-31CB-A56F-BD8DC86387A9> /System/Library/PrivateFrameworks/AlgorithmsInternal.framework/Versions/A/AlgorithmsInternal
       0x24ab74000 -        0x24acc785c  com.apple.Anvil (1.0 - 1) <F209B924-902B-36DA-8936-718AE5BAAD79> /System/Library/PrivateFrameworks/Anvil.framework/Versions/A/Anvil
       0x24ae3f000 -        0x24aea79dd  com.apple.AppIntentSchemas (1.0 - 3501.3.1) <98E81E72-ADCC-3599-B942-B8FB3CE8333F> /System/Library/PrivateFrameworks/AppIntentSchemas.framework/Versions/A/AppIntentSchemas
       0x24aea8000 -        0x24b15d18c  com.apple.AppIntentsServices (1.0 - 40.1.6) <D645A127-4819-3791-AC4E-6E00520F5A4F> /System/Library/PrivateFrameworks/AppIntentsServices.framework/Versions/A/AppIntentsServices
       0x24be02000 -        0x24be586bf  com.apple.AppleAccountUI (1.0 - 1) <D7911B59-0359-3470-923C-765CBAD6C489> /System/Library/PrivateFrameworks/AppleAccountUI.framework/Versions/A/AppleAccountUI
       0x24bea0000 -        0x24c015d1f  com.apple.AppleDepth (150.2 - 150.2) <B1257114-3A6A-3079-B5B5-CEA8C27353A2> /System/Library/PrivateFrameworks/AppleDepth.framework/Versions/A/AppleDepth
       0x24c016000 -        0x24c09947f  com.apple.AppleDepthCore (150.0 - 150.0) <18571912-9260-382A-86E8-D0FDE5CBBF6E> /System/Library/PrivateFrameworks/AppleDepthCore.framework/Versions/A/AppleDepthCore
       0x24c09a000 -        0x24c0aea5f  com.apple.AppleDeviceQuerySupport (1.0 - 396.80.5) <64375D20-A1B3-32E7-9204-EFA9DE02C93E> /System/Library/PrivateFrameworks/AppleDeviceQuerySupport.framework/Versions/A/AppleDeviceQuerySupport
       0x24c100000 -        0x24c11b53f  com.apple.siri.flatbuffer.AppleFlatBuffers (1) <6CBBC2E2-319E-3238-AA40-DA239F287374> /System/Library/PrivateFrameworks/AppleFlatBuffers.framework/Versions/A/AppleFlatBuffers
       0x24c49f000 -        0x24c50aa97  com.apple.proactive.AppleIntelligenceReporting (1.0 - 1) <5ED150C2-E7E5-396D-82C6-7216B86CE6F2> /System/Library/PrivateFrameworks/AppleIntelligenceReporting.framework/Versions/A/AppleIntelligenceReporting
       0x24c59c000 -        0x24c770e5f  com.apple.cmphoto.AppleJPEGXL (1.0 - 1) <3EB4E669-0E69-355D-A4A7-927D294C4E9D> /System/Library/PrivateFrameworks/AppleJPEGXL.framework/Versions/A/AppleJPEGXL
       0x24c771000 -        0x24c7e8d7f  com.apple.AppleKeyStore (1.0 - 1.0) <01032646-1CB7-398F-A789-D5D28042CE9F> /System/Library/PrivateFrameworks/AppleKeyStore.framework/Versions/A/AppleKeyStore
       0x24c818000 -        0x24ce9751f  com.apple.AppleMediaServicesKitInternal (1.3 - 1.3) <8C447351-BB96-35AC-A6B6-B7BB09B484E7> /System/Library/PrivateFrameworks/AppleMediaServicesKitInternal.framework/Versions/A/AppleMediaServicesKitInternal
       0x24d068000 -        0x24d080f9f  com.apple.private.AppleMobileFileIntegrity-fmk (1.0 - 1) <83864800-32DC-357E-8706-6130F7DE9BA2> /System/Library/PrivateFrameworks/AppleMobileFileIntegrity.framework/Versions/A/AppleMobileFileIntegrity
       0x24d211000 -        0x24d28e4ff  com.apple.ArgumentParserInternal (1.0 - 1.20.2) <5AAF2B95-B174-3B54-989F-93E4AE15834B> /System/Library/PrivateFrameworks/ArgumentParserInternal.framework/Versions/A/ArgumentParserInternal
       0x24d2a4000 -        0x24d331152  com.apple.AskToCore (1.0 - 1) <89583FE0-0787-3177-968E-BD28BFD76AA2> /System/Library/PrivateFrameworks/AskToCore.framework/Versions/A/AskToCore
       0x24d4bb000 -        0x24d562ccf  com.apple.AsyncAlgorithmsInternal (1.0.0 - 112) <7B288D35-85FC-3BCF-9EA4-73E4923D4D10> /System/Library/PrivateFrameworks/AsyncAlgorithmsInternal.framework/Versions/A/AsyncAlgorithmsInternal
       0x24d563000 -        0x24d57595f  com.apple.AtomicsInternal (1.1.0 - 112) <A2BC743C-1068-3466-816A-CDD1FCCE2079> /System/Library/PrivateFrameworks/AtomicsInternal.framework/Versions/A/AtomicsInternal
       0x24d623000 -        0x24d64f4df  com.apple.imgaudio.AudioAnalytics (1.0 - 1) <690705EC-CABA-3414-BE4A-34EBF88BE5F8> /System/Library/PrivateFrameworks/AudioAnalytics.framework/Versions/A/AudioAnalytics
       0x24d9b5000 -        0x24daae97f  com.apple.AuthenticationServicesCore (1.0 - 21623.2.7.11.6) <DE63F543-27E3-37B1-A1EB-6B1604865C5F> /System/Library/PrivateFrameworks/AuthenticationServicesCore.framework/Versions/A/AuthenticationServicesCore
       0x24dafd000 -        0x24dafffff  com.apple.AvailabilityKit (1.0 - 116.400.11) <B502FB08-F84B-3CF7-BDE3-3EF434A7F6A5> /System/Library/PrivateFrameworks/AvailabilityKit.framework/Versions/A/AvailabilityKit
       0x24db00000 -        0x24dbbde9f  com.apple.avatarkit (1.0 - 356.100) <6481FF89-68E1-31E3-8081-B2E5893A4853> /System/Library/PrivateFrameworks/AvatarKit.framework/Versions/A/AvatarKit
       0x24dbbe000 -        0x24dbbe367  com.apple.AvatarKitContent (1.0 - 356.100) <6528F158-A61C-3992-B467-894FD145FB2D> /System/Library/PrivateFrameworks/AvatarKitContent.framework/Versions/A/AvatarKitContent
       0x24dbbf000 -        0x24dc0ee3f  com.apple.AvatarPersistence (1.0 - 389.400.1) <7E0C9D7E-8485-3BB8-B8AA-E922E5771211> /System/Library/PrivateFrameworks/AvatarPersistence.framework/Versions/A/AvatarPersistence
       0x24dc0f000 -        0x24dc5707f  com.apple.BackBoardHIDEventFoundation (1.0 - 1) <0D50AF87-F942-38FE-BB99-5C746A179239> /System/Library/PrivateFrameworks/BackBoardHIDEventFoundation.framework/Versions/A/BackBoardHIDEventFoundation
       0x24dc58000 -        0x24dc79b5f  com.apple.BackgroundSystemTasks (1.0 - 1) <1CCE23F7-725B-3CE6-B72E-9FF1CFDC16EB> /System/Library/PrivateFrameworks/BackgroundSystemTasks.framework/Versions/A/BackgroundSystemTasks
       0x24dcdc000 -        0x24dcf5d1f  com.apple.biome.BiomeDSL (1.0 - 200.6) <9E11C390-C8F0-3DF7-BC46-6168209C74E3> /System/Library/PrivateFrameworks/BiomeDSL.framework/Versions/A/BiomeDSL
       0x24dcf6000 -        0x24e53db7f  com.apple.BiomeLibrary (246.32) <B5AB60F6-91D3-3B9A-9320-449712F265AD> /System/Library/PrivateFrameworks/BiomeLibrary.framework/Versions/A/BiomeLibrary
       0x24e53e000 -        0x24e543b1f  com.apple.biome.BiomeSync (1.0 - 200.6) <A5DA86A9-02A2-3464-BF87-1B1BC5436DD6> /System/Library/PrivateFrameworks/BiomeSync.framework/Versions/A/BiomeSync
       0x24ec03000 -        0x24ec38aff  com.apple.CBORLibrary (1.0 - 1) <91D5E9FE-94DB-31C4-B8C7-BD64A5C8420D> /System/Library/PrivateFrameworks/CBORLibrary.framework/Versions/A/CBORLibrary
       0x24ef8d000 -        0x24ef8f123  com.apple.CMCaptureDevice (665.81.8) <E72E4BE7-862C-38E1-A56F-2B2514B1A02D> /System/Library/PrivateFrameworks/CMCaptureDevice.framework/Versions/A/CMCaptureDevice
       0x24f051000 -        0x24f26791f  com.apple.CMImaging (1.0 - 665.81.8) <18F978F6-A928-32AD-A4D9-C5B6AFC8C679> /System/Library/PrivateFrameworks/CMImaging.framework/Versions/A/CMImaging
       0x24f268000 -        0x24f447e7f  com.apple.CMPhoto (1.0 - 1) <33EDB88A-B9E8-32AA-BFA0-D68C591DB53B> /System/Library/PrivateFrameworks/CMPhoto.framework/Versions/A/CMPhoto
       0x24f44c000 -        0x24f459d7f  com.apple.spotlight.CSExattrCrypto (1.0 - 2400.22.400) <F9DAD96A-0C4E-3D26-98A8-E5923C3BCED3> /System/Library/PrivateFrameworks/CSExattrCrypto.framework/Versions/A/CSExattrCrypto
       0x24f5f5000 -        0x24f6ab81f  com.apple.CalendarDaemon (1.0 - 1224.3.1) <75AA61BC-F8F9-392F-9DA7-2BBB2F9FB4B8> /System/Library/PrivateFrameworks/CalendarDaemon.framework/Versions/A/CalendarDaemon
       0x24f6ac000 -        0x24f7dcb1f  com.apple.CalendarDatabase (1.0 - 1269.3.1) <33CDE7D0-B2FE-3B66-975B-FD4A184A8CB8> /System/Library/PrivateFrameworks/CalendarDatabase.framework/Versions/A/CalendarDatabase
       0x24fab8000 -        0x24fac4e15  com.apple.CallsPersistence (1.0 - 1) <BBC19450-CD55-397D-AC3A-C2D86E1DCBD4> /System/Library/PrivateFrameworks/CallsPersistence.framework/Versions/A/CallsPersistence
       0x24fac5000 -        0x24facfedf  com.apple.CallsUtilities (1.0 - 1) <749D8CAF-665B-3A50-8183-379F69273957> /System/Library/PrivateFrameworks/CallsUtilities.framework/Versions/A/CallsUtilities
       0x24fad0000 -        0x24faee8bf  com.apple.CallsXPC (1.0 - 1) <0E424842-8CFB-3A58-9386-341A7C420D18> /System/Library/PrivateFrameworks/CallsXPC.framework/Versions/A/CallsXPC
       0x24fb4c000 -        0x24fbd047f  com.apple.biome.CascadeSets (1.0 - 200.6) <48B948F4-D6FE-32D4-9715-7442F098E1C9> /System/Library/PrivateFrameworks/CascadeSets.framework/Versions/A/CascadeSets
       0x24fbf0000 -        0x24fc0bb57  com.apple.cryptokit.Chirp (1.0 - 1) <E1C0ADB5-F858-3E79-9049-D5597DC25163> /System/Library/PrivateFrameworks/Chirp.framework/Versions/A/Chirp
       0x250068000 -        0x2500a037f  com.apple.CinematicFraming (1.0 - 665.81.8) <D21586B6-A182-3A4A-B24E-4A573F0E122F> /System/Library/PrivateFrameworks/CinematicFraming.framework/Versions/A/CinematicFraming
       0x250327000 -        0x2503971e0  com.apple.cloudkit.CloudAsset (2340.14) <42FFA738-94AA-3F20-BA6F-9F0AD6BB81C7> /System/Library/PrivateFrameworks/CloudAsset.framework/Versions/A/CloudAsset
       0x250582000 -        0x2505f86e6  com.apple.cloudkit.CloudCoreInternal (2340.14) <C7135BAA-14DA-3E84-8FE3-54A40AFCBCDE> /System/Library/PrivateFrameworks/CloudCoreInternal.framework/Versions/A/CloudCoreInternal
       0x25072c000 -        0x250739bdf  com.apple.CloudSettings (1.0 - 1) <32390295-81E2-37F4-8F07-CAAEFF96B088> /System/Library/PrivateFrameworks/CloudSettings.framework/Versions/A/CloudSettings
       0x2507ed000 -        0x25090fe3f  com.apple.CloudSubscriptionFeatures (1.0 - 1.9) <5124EAB1-B57A-31FB-B3A8-747BF40D09F4> /System/Library/PrivateFrameworks/CloudSubscriptionFeatures.framework/Versions/A/CloudSubscriptionFeatures
       0x250910000 -        0x25092f6ca  com.apple.CloudTelemetry (1.0 - 2320.10) <A8FF82CA-9505-34E2-A7CC-EC25A944EAA0> /System/Library/PrivateFrameworks/CloudTelemetry.framework/Versions/A/CloudTelemetry
       0x250930000 -        0x2509c1fa6  com.apple.CloudTelemetryTools (13.1.47 - 2320.10) <FB1F2688-B102-3D71-9F80-6BF278F3FD2C> /System/Library/PrivateFrameworks/CloudTelemetryTools.framework/Versions/A/CloudTelemetryTools
       0x250ead000 -        0x250ed10bf  com.apple.CollectionViewCore (1.0 - 1) <24E8A5C5-0A50-3B3C-9040-8FED47D3AFE5> /System/Library/PrivateFrameworks/CollectionViewCore.framework/Versions/A/CollectionViewCore
       0x250ed2000 -        0x25100eb9f  com.apple.CollectionsInternal (1.2.0 - 112) <BB509319-66C5-3E9A-8055-3985A745E74D> /System/Library/PrivateFrameworks/CollectionsInternal.framework/Versions/A/CollectionsInternal
       0x251029000 -        0x2510f201e  com.apple.CommunicationTrust (1) <6A129103-968F-399B-ADF4-5995DE71F036> /System/Library/PrivateFrameworks/CommunicationTrust.framework/Versions/A/CommunicationTrust
       0x25113f000 -        0x25116e17f  com.apple.wakeboard.CompositorNonUI (420.40.1.0.2) <A94EF07A-E2E9-303E-83B7-1C2FF34ADFF7> /System/Library/PrivateFrameworks/CompositorNonUI.framework/Versions/A/CompositorNonUI
       0x251444000 -        0x2514766ce  com.apple.contacts.ContactsAccounts (1.0 - 1) <55E12647-1769-3E1E-A178-20BE26AFEE0C> /System/Library/PrivateFrameworks/ContactsAccounts.framework/Versions/A/ContactsAccounts
       0x251477000 -        0x25147ad7f  com.apple.contacts.ContactsMetrics (1 - 21.200.2) <22842564-D5F9-304E-A3E0-706E33CE1984> /System/Library/PrivateFrameworks/ContactsMetrics.framework/Versions/A/ContactsMetrics
       0x2515c4000 -        0x2515c8e5f  com.apple.contextkit.ContextKitCore (1.0 - 1) <235720EC-E426-3835-9DEC-7A9C1BEBA0E6> /System/Library/PrivateFrameworks/ContextKitCore.framework/Versions/A/ContextKitCore
       0x252760000 -        0x2527f24ff  com.apple.audio.coreaudio.Stravinsky (1.0 - 1) <005EE388-9E76-3063-BD6F-EEEF9D0614C7> /System/Library/PrivateFrameworks/CoreAudioOrchestration.framework/Versions/A/CoreAudioOrchestration
       0x25289a000 -        0x2529bef7f  com.apple.CoreComposite (1.0 - 330.40.1.0.1) <30BDDD10-7ABF-38AD-A19C-DC64311065EA> /System/Library/PrivateFrameworks/CoreComposite.framework/Versions/A/CoreComposite
       0x256585000 -        0x25668bcff  com.apple.CoreSceneUnderstanding (1.74.0 - 1.74.0) <316B25F2-E2FF-3D9B-9744-574966FDA432> /System/Library/PrivateFrameworks/CoreSceneUnderstanding.framework/Versions/A/CoreSceneUnderstanding
       0x256860000 -        0x256885caf  com.apple.CoreUtilsExtras (8.0 - 810.20) <D22F4AC4-19D9-3677-B79D-04B0427A89AC> /System/Library/PrivateFrameworks/CoreUtilsExtras.framework/Versions/A/CoreUtilsExtras
       0x256993000 -        0x256a3d8df  com.apple.security.CryptoKit-Private (1.0 - 1) <E75EA252-6292-3B95-8E77-FCC2E820465B> /System/Library/PrivateFrameworks/CryptoKitPrivate.framework/Versions/A/CryptoKitPrivate
       0x256a50000 -        0x256a5a47f  com.apple.devicemanagementclient.DEPClientLibrary (1.0 - 1) <3237509E-50F0-3EA0-A28F-DB5FFC1699B0> /System/Library/PrivateFrameworks/DEPClientLibrary.framework/Versions/A/DEPClientLibrary
       0x256a79000 -        0x256abab1f  com.apple.devicemanagementclient.DMCEnrollmentLibrary (1.0 - 1) <0621EB2A-F2F5-3A13-9697-D0896F4B8F20> /System/Library/PrivateFrameworks/DMCEnrollmentLibrary.framework/Versions/A/DMCEnrollmentLibrary
       0x256ae4000 -        0x256b30adf  com.apple.devicemanagementclient.DMCUtilities (1.0 - 1) <1F7FFC1E-C72F-31A9-BA5D-B29FBA983104> /System/Library/PrivateFrameworks/DMCUtilities.framework/Versions/A/DMCUtilities
       0x256bad000 -        0x256bb49df  com.apple.darwinup-framework (1.0 - 302.60.3) <BC7CF777-AB16-301D-B140-D23387DCFE7F> /System/Library/PrivateFrameworks/Darwinup.framework/Versions/A/Darwinup
       0x256ce3000 -        0x256d261bf  com.apple.dataaccess.dataaccessexpress.framework (1.0 - 1.0) <D075ED86-22FF-3FF7-9F6A-7E4A02388570> /System/Library/PrivateFrameworks/DataAccessExpress.framework/Versions/A/DataAccessExpress
       0x256f6e000 -        0x256fabb75  com.apple.aiml.dendrite.Dendrite (1.0 - 1) <C03DC0A8-B2F0-3FAF-A317-8F6721C57426> /System/Library/PrivateFrameworks/Dendrite.framework/Versions/A/Dendrite
       0x256fac000 -        0x257139b7f  com.apple.DesignLibrary (7.2.5 - 7.2.5) <84FF7621-2EA3-3169-88C6-0C1BEEC01D18> /System/Library/PrivateFrameworks/DesignLibrary.framework/Versions/A/DesignLibrary
       0x257463000 -        0x2574782df  com.apple.DeviceRecovery (1.0 - 1) <E854D391-51A0-3600-8EC6-D13D78BD9968> /System/Library/PrivateFrameworks/DeviceRecovery.framework/Versions/A/DeviceRecovery
       0x25764e000 -        0x257884f7f  com.apple.DiskImages2 (514.80.3 - 514.80.3) <07D241DF-08DF-3AF9-A743-4E66CCBF53B6> /System/Library/PrivateFrameworks/DiskImages2.framework/Versions/A/DiskImages2
       0x257890000 -        0x2578a635f  com.apple.DistributedSensing (1.0 - 1) <63535453-4D31-334B-9573-53C1846A005D> /System/Library/PrivateFrameworks/DistributedSensing.framework/Versions/A/DistributedSensing
       0x25797e000 -        0x2579ed61f  com.apple.DoNotDisturb (1.0 - 468.3.2) <0AAF5F30-159C-333D-89C2-EBA9707C9D92> /System/Library/PrivateFrameworks/DoNotDisturb.framework/Versions/A/DoNotDisturb
       0x258710000 -        0x2587113bf  com.apple.private.FaceTimeNameUtility (1.0 - 1) <48C17ADD-E65B-396A-BD49-B4297C79E254> /System/Library/PrivateFrameworks/FaceTimeNameUtility.framework/Versions/A/FaceTimeNameUtility
       0x258b68000 -        0x258c1b65f  com.apple.FeedbackService (1.0 - 1) <C20E52ED-762C-3707-B40C-036FF5652844> /System/Library/PrivateFrameworks/FeedbackService.framework/Versions/A/FeedbackService
       0x258d79000 -        0x258e2f9ce  com.apple.findmy.framework.FindMyBase (1.0 - 84.23.11.19.3) <309095DF-9E1A-379E-83AF-9B8C1C00702C> /System/Library/PrivateFrameworks/FindMyBase.framework/Versions/A/FindMyBase
       0x258f8a000 -        0x258fa4026  com.apple.findmy.framework.FindMyCommon (1.0 - 84.23.11.19.3) <3B4C01F1-C4BA-36FF-86A1-EB63F070BE1D> /System/Library/PrivateFrameworks/FindMyCommon.framework/Versions/A/FindMyCommon
       0x2590b1000 -        0x2591f2bfc  com.apple.findmy.framework.FindMyLocate (1.0 - 1.0) <BD9483F1-A41D-3D2E-964B-449485F9C64A> /System/Library/PrivateFrameworks/FindMyLocate.framework/Versions/A/FindMyLocate
       0x2593b1000 -        0x259403eff  com.apple.UIKit.FocusEngine (9126.3.6) <265FF3BE-9219-362F-A420-291AEDE8289E> /System/Library/PrivateFrameworks/FocusEngine.framework/Versions/A/FocusEngine
       0x259576000 -        0x2595792ff  com.apple.FontServices (1.0 - 1) <20DF125E-B14E-3CD9-85A7-2A247DFCA37E> /System/Library/PrivateFrameworks/FontServices.framework/Versions/A/FontServices
       0x25957a000 -        0x259669dff  libXTFontStaticRegistryData.dylib (335.3.0.1) <65512F61-6F82-3210-ACF2-2400FA078DE9> /System/Library/PrivateFrameworks/FontServices.framework/libXTFontStaticRegistryData.dylib
       0x25966b000 -        0x25967713f  com.apple.FramePacing (1.0 - 1) <B4D9E492-938B-38B2-BD07-81E5D50CE3FC> /System/Library/PrivateFrameworks/FramePacing.framework/Versions/A/FramePacing
       0x259678000 -        0x25974043f  com.apple.FrontBoard (1000.3.4 - 1000.3.4) <69187094-E092-3B74-981F-C37E2A1344CE> /System/Library/PrivateFrameworks/FrontBoard.framework/Versions/A/FrontBoard
       0x259741000 -        0x25978bc3f  com.apple.FusionTracker (1.0 - 1) <18D174ED-AE8E-3844-B632-F5CF1BB3B6E8> /System/Library/PrivateFrameworks/FusionTracker.framework/Versions/A/FusionTracker
       0x25a7ac000 -        0x25a7b1f8f  libGPUCompilerUtils.dylib (32023.864) <0BA76A0C-9678-37AB-85D6-A4E6CE7F4EF1> /System/Library/PrivateFrameworks/GPUCompiler.framework/Versions/32023/Libraries/libGPUCompilerUtils.dylib
       0x25ed5f000 -        0x25ed9fc6b  libllvm-flatbuffers.dylib (32023.864) <C248AB23-0893-3129-A635-3A68BF925A89> /System/Library/PrivateFrameworks/GPUCompiler.framework/Versions/32023/Libraries/libllvm-flatbuffers.dylib
       0x25f2cd000 -        0x25f4597a2  com.apple.GRDB.GRDBInternal (1.0 - 13) <CB115F39-AB03-37A4-A31F-6457A7A1CEEA> /System/Library/PrivateFrameworks/GRDBInternal.framework/Versions/A/GRDBInternal
       0x261e03000 -        0x261e2437d  com.apple.generativeassistanttools.GenerativeAssistantCommon (1.0 - 1) <6F0B8C41-BA36-319A-A447-9C8985989E93> /System/Library/PrivateFrameworks/GenerativeAssistantCommon.framework/Versions/A/GenerativeAssistantCommon
       0x261e2d000 -        0x261e59a1b  com.apple.generativeassistanttools.GenerativeAssistantSettings (1.0 - 3515.5.1) <9187017C-0815-3360-88A3-F48BD3DE039E> /System/Library/PrivateFrameworks/GenerativeAssistantSettings.framework/Versions/A/GenerativeAssistantSettings
       0x262027000 -        0x262072ab7  com.apple.GenerativeFunctions.GenerativeFunctions (1.0 - 209.34) <8AFBB910-D15C-3D83-849D-599416D6AFA7> /System/Library/PrivateFrameworks/GenerativeFunctions.framework/Versions/A/GenerativeFunctions
       0x262073000 -        0x262107356  com.apple.GenerativeFunctions.GenerativeFunctionsFoundation (1.0 - 209.34) <18C99074-786E-3FE0-BDA5-8B3DBFD46FBA> /System/Library/PrivateFrameworks/GenerativeFunctionsFoundation.framework/Versions/A/GenerativeFunctionsFoundation
       0x262108000 -        0x26216a27f  com.apple.GenerativeFunctions.GenerativeFunctionsInstrumentation (1.0 - 209.34) <BF3055E3-83F7-30EE-BE18-11141E06FCDE> /System/Library/PrivateFrameworks/GenerativeFunctionsInstrumentation.framework/Versions/A/GenerativeFunctionsInstrumentation
       0x26216b000 -        0x262247cb3  com.apple.GenerativeFunctions.GenerativeModels (1.0 - 209.34) <73377246-8A26-3066-BA90-871A777F4220> /System/Library/PrivateFrameworks/GenerativeModels.framework/Versions/A/GenerativeModels
       0x262248000 -        0x2622b2247  com.apple.GenerativeFunctions.GenerativeModelsFoundation (1.0 - 209.34) <0975E688-AC44-37DB-999B-B8D5F92691BF> /System/Library/PrivateFrameworks/GenerativeModelsFoundation.framework/Versions/A/GenerativeModelsFoundation
       0x2622b3000 -        0x2622d526c  com.apple.GenerativeFunctions.GenerativePartnerService (1.0 - 209.34) <53FE72A6-6D6B-3D91-BA47-939F0B0E2E8E> /System/Library/PrivateFrameworks/GenerativePartnerService.framework/Versions/A/GenerativePartnerService
       0x2622d6000 -        0x262380a55  com.apple.GenerativeFunctions.GenerativePartnerServiceUI (1.0 - 209.34) <B294E7E7-5692-3895-94E7-3AEB511B7994> /System/Library/PrivateFrameworks/GenerativePartnerServiceUI.framework/Versions/A/GenerativePartnerServiceUI
       0x262381000 -        0x26244a71f  com.apple.GeoAnalytics (1.0 - 2027.23.11.13.3) <5F8DFC85-734B-34D4-B285-B1F49D4E4D9B> /System/Library/PrivateFrameworks/GeoAnalytics.framework/Versions/A/GeoAnalytics
       0x26244b000 -        0x26245015f  com.apple.GeoServices (1.0 - 2027.23.11.13.3) <6A5DD70C-02A2-36BC-BA2B-55D50B2AA3D6> /System/Library/PrivateFrameworks/GeoServicesCore.framework/Versions/A/GeoServicesCore
       0x2625f1000 -        0x2626b5cd8  com.apple.Gestures (9126.1.5 - 9126.1.5) <3E5A9585-A482-31E8-A9EF-FB5015307AD4> /System/Library/PrivateFrameworks/Gestures.framework/Versions/A/Gestures
       0x26530a000 -        0x26535bfff  com.apple.IASUtilitiesCore (1.0 - 1) <5C053FFB-FFF4-30E6-B933-1AE29B5AF70D> /System/Library/PrivateFrameworks/IASUtilitiesCore.framework/Versions/A/IASUtilitiesCore
       0x2653d7000 -        0x265437a5f  com.apple.IO80211 (1.0 - 1) <D196CCCC-3138-31D7-9734-F1C99113E5A8> /System/Library/PrivateFrameworks/IO80211.framework/Versions/A/IO80211
       0x265441000 -        0x26544b81f  com.apple.IPConfiguration (1.21 - 1.21) <353EB03B-CDE3-384C-A85F-8DDF0DF99FC5> /System/Library/PrivateFrameworks/IPConfiguration.framework/Versions/A/IPConfiguration
       0x265482000 -        0x2654f3d62  com.apple.cocoa.IconRendering (1.0 - 92.2) <0252AEE5-6F41-346B-8C0F-4EAC9F42D9F0> /System/Library/PrivateFrameworks/IconRendering.framework/Versions/A/IconRendering
       0x2654fb000 -        0x2655278df  com.apple.ImageCaptureDevices (2020.2.2 - 2020.2.2) <4B5FC090-B414-3FAD-9EB6-F551B438CBA8> /System/Library/PrivateFrameworks/ImageCaptureDevices.framework/Versions/A/ImageCaptureDevices
       0x265cd8000 -        0x265d102ff  com.apple.InputAnalytics (1.0 - 111.3.104.2) <6DEE8670-E5EC-3AB8-9FAA-52942DB8E93D> /System/Library/PrivateFrameworks/InputAnalytics.framework/Versions/A/InputAnalytics
       0x265e9f000 -        0x265f9901f  com.apple.InstalledContentLibrary (1.0 - 1.0) <ADA14A5E-4BB6-3C19-B1DE-BDB09CFBE1AD> /System/Library/PrivateFrameworks/InstalledContentLibrary.framework/Versions/A/InstalledContentLibrary
       0x268580000 -        0x268c0f57f  com.apple.IntelligencePlatformLibrary (246.32) <C81A2790-6E7B-32FF-B13F-FDDF1EA202A7> /System/Library/PrivateFrameworks/IntelligencePlatformLibrary.framework/Versions/A/IntelligencePlatformLibrary
       0x269127000 -        0x26915d9ff  com.apple.audio.CoreAudio.IsolatedCoreAudioClient (1.0 - 1) <2B900769-F1BB-3E59-BF43-67524C1256A8> /System/Library/PrivateFrameworks/IsolatedCoreAudioClient.framework/Versions/A/IsolatedCoreAudioClient
       0x26946b000 -        0x2694872bf  com.apple.JetPack-Mac (1.0 - 1) <E53FF7CF-F349-36EE-84EE-1EAF5DF0628F> /System/Library/PrivateFrameworks/JetPack.framework/Versions/A/JetPack
       0x2699ac000 -        0x269b04a5f  com.apple.LiftUI (1.2 - 1) <A3152937-3203-3EC8-86FF-351FA9290B99> /System/Library/PrivateFrameworks/LiftUI.framework/Versions/A/LiftUI
       0x26a015000 -        0x26a1898df  com.apple.LinkMetadata (1.0 - 300.3.3.1) <BF19E31A-2C3E-3B93-A700-C4F61DEB8867> /System/Library/PrivateFrameworks/LinkMetadata.framework/Versions/A/LinkMetadata
       0x26a18a000 -        0x26a1b96cf  com.apple.LinkPresentation.StyleSheetParsing (288 - 288.6) <721CDC33-A8BE-3809-9DC2-EED6BD28F4FD> /System/Library/PrivateFrameworks/LinkPresentationStyleSheetParsing.framework/Versions/A/LinkPresentationStyleSheetParsing
       0x26a1ba000 -        0x26a32c6df  com.apple.LinkServices (1.0 - 300.3.3.1) <43BE7361-172D-3BD1-B40A-B8E39B8CBFDF> /System/Library/PrivateFrameworks/LinkServices.framework/Versions/A/LinkServices
       0x26a349000 -        0x26a378c1f  com.apple.filesystems.LiveFS (1.0 - 1) <716178D1-7D7E-3D4F-8D11-4013AE49C259> /System/Library/PrivateFrameworks/LiveFS.framework/Versions/A/LiveFS
       0x26a3c0000 -        0x26a503a7f  com.apple.LocalAuthenticationCore (2005.80.10) <698D2235-1979-35A8-B14E-6A21A510A7AA> /System/Library/PrivateFrameworks/LocalAuthenticationCore.framework/Versions/A/LocalAuthenticationCore
       0x26a504000 -        0x26a54481f  com.apple.LocalAuthenticationCoreUI (2005.80.10) <7C899475-33EB-3F55-A4A4-BE88458BED19> /System/Library/PrivateFrameworks/LocalAuthenticationCoreUI.framework/Versions/A/LocalAuthenticationCoreUI
       0x26a545000 -        0x26a54995f  com.apple.LocalAuthenticationCredentialServices (2005.80.10) <E7E40AD3-908A-3779-B12A-5413C11D16B6> /System/Library/PrivateFrameworks/LocalAuthenticationCredentialServices.framework/Versions/A/LocalAuthenticationCredentialServices
       0x26a56f000 -        0x26a59316b  com.apple.internal.LocalStatusKit (1.0 - 1) <3C0708B8-888B-3AA5-8B49-5829A6822BEE> /System/Library/PrivateFrameworks/LocalStatusKit.framework/Versions/A/LocalStatusKit
       0x26a598000 -        0x26a59c3bf  com.apple.CoreLocation.LocationLogEncryption (3068.0.13) <0EDFB858-AD13-3EA8-8050-D29642DCA5D6> /System/Library/PrivateFrameworks/LocationLogEncryption.framework/Versions/A/LocationLogEncryption
       0x26a59d000 -        0x26a5a36ff  com.apple.LockdownMode (1.0 - 1) <A6A3EC69-219D-34BB-9266-AA02F94A7222> /System/Library/PrivateFrameworks/LockdownMode.framework/Versions/A/LockdownMode
       0x26a61e000 -        0x26a64d8df  com.apple.devicemanagementclient.MDMClientLibrary (1.0 - 1) <EBD54731-133B-3B40-BCDF-AB36F0A34EC5> /System/Library/PrivateFrameworks/MDMClientLibrary.framework/Versions/A/MDMClientLibrary
       0x26a6a7000 -        0x26ad71783  com.apple.MIL (3510.2 - 3510.2.1) <21E7A39B-EE08-3B95-94C8-623BD78DE295> /System/Library/PrivateFrameworks/MIL.framework/Versions/A/MIL
       0x26ad72000 -        0x26adefa1f  com.apple.CoreML.MLAssetIO (1.0 - 3505.4.1) <F1F2B052-2A5A-3715-873D-DC2AA5983369> /System/Library/PrivateFrameworks/MLAssetIO.framework/Versions/A/MLAssetIO
       0x26adf0000 -        0x26ae4be2b  com.apple.mlcompiler.runtime (3404.3.1 - 3404.3.1) <3E8583F5-41AB-39FE-B55F-48CD2995C67F> /System/Library/PrivateFrameworks/MLCompilerRuntime.framework/Versions/A/MLCompilerRuntime
       0x26ae4c000 -        0x26ae65a6f  com.apple.mlcompiler.services (3404.3.1 - 3404.3.1) <3FB3A7BE-E7E6-31CF-B5B1-3860C1874D93> /System/Library/PrivateFrameworks/MLCompilerServices.framework/Versions/A/MLCompilerServices
       0x26ce1e000 -        0x26ce239bf  com.apple.ManagedOrganizationContacts (1.2 - 151.1.4) <83E2DB67-DE64-3BDC-A95F-DE999DA7A8D8> /System/Library/PrivateFrameworks/ManagedOrganizationContacts.framework/Versions/A/ManagedOrganizationContacts
       0x26ce24000 -        0x26ce64c5f  com.apple.ManagedSettingsObjC (266.80.2 - 266.80.2) <85526C02-16B7-3560-B832-50402FDFE967> /System/Library/PrivateFrameworks/ManagedSettingsObjC.framework/Versions/A/ManagedSettingsObjC
       0x26ce65000 -        0x26ce6fbc4  com.apple.ManagedSettingsSupport (266.80.2 - 266.80.2) <3B013978-0021-37A3-879E-010289FFC14F> /System/Library/PrivateFrameworks/ManagedSettingsSupport.framework/Versions/A/ManagedSettingsSupport
       0x26d708000 -        0x26d768c5f  com.apple.MediaAnalysisServices (1.0 - 1) <7FD9C818-714D-32FA-974B-5BE519E6B752> /System/Library/PrivateFrameworks/MediaAnalysisServices.framework/Versions/A/MediaAnalysisServices
       0x26df20000 -        0x26df75abf  com.apple.MessageSecurity (1.0 - 195.80.13) <52BC59EA-91F0-3F96-8532-111ABB30B2D0> /System/Library/PrivateFrameworks/MessageSecurity.framework/Versions/A/MessageSecurity
       0x26eacc000 -        0x26ee30cc2  com.apple.ModelCatalog.ModelCatalog (1.0 - 218.28) <4DBFC7FE-849C-35B7-8C55-41C027067EE8> /System/Library/PrivateFrameworks/ModelCatalog.framework/Versions/A/ModelCatalog
       0x26eeaf000 -        0x26f040c4e  com.apple.ModelManagerServices (1.0 - 1) <CB654A2B-7872-30C3-9DA2-E0D607F72071> /System/Library/PrivateFrameworks/ModelManagerServices.framework/Versions/A/ModelManagerServices
       0x270b97000 -        0x270c1cf7a  com.apple.calls.NeighborhoodActivityConduit (1.0 - 1) <FFD3EC34-D7EF-32B0-BA1C-FD9561E3DDBD> /System/Library/PrivateFrameworks/NeighborhoodActivityConduit.framework/Versions/A/NeighborhoodActivityConduit
       0x27119d000 -        0x2711a48df  com.apple.NewsURLBucket (1.0 - 1) <5D32B485-49FA-3E76-89B5-C50F23810862> /System/Library/PrivateFrameworks/NewsURLBucket.framework/Versions/A/NewsURLBucket
       0x2721f9000 -        0x272445029  com.apple.mlpt.ODIE (1.0 - 1) <6A515C5D-DCB1-380D-AE8D-395EBC65CCF7> /System/Library/PrivateFrameworks/ODIE.framework/Versions/A/ODIE
       0x272448000 -        0x272471124  com.apple.OSEligibility (289.80.56) <5281587F-974E-3DAB-A152-2171F368D100> /System/Library/PrivateFrameworks/OSEligibility.framework/Versions/A/OSEligibility
       0x272ddd000 -        0x272ef6227  com.apple.ParsingInternal (0.0.1 - 112) <75C94AB2-C1A1-3640-A6C6-F37825F8D94D> /System/Library/PrivateFrameworks/ParsingInternal.framework/Versions/A/ParsingInternal
       0x2734ab000 -        0x2734ba23f  com.apple.PassKitMacHelperTemp (1.0 - 1642.4.3) <01C86F29-68B6-30B9-AAC2-454F20BA9344> /System/Library/PrivateFrameworks/PassKitMacHelperTemp.framework/Versions/A/PassKitMacHelperTemp
       0x273b89000 -        0x2746d97e7  com.apple.PegasusAPI (1.0 - 3505.13.1) <3549CDC1-C0D6-35E4-A069-B22A5C90A241> /System/Library/PrivateFrameworks/PegasusAPI.framework/Versions/A/PegasusAPI
       0x2746da000 -        0x27473489a  com.apple.PegasusConfiguration (1.0 - 15000) <8E069ED1-B453-3842-8674-C1E327870335> /System/Library/PrivateFrameworks/PegasusConfiguration.framework/Versions/A/PegasusConfiguration
       0x274cc2000 -        0x274df361f  com.apple.PhotoLibraryServicesCore (1.0 - 831.0.104) <23143D57-9E72-3BD4-A849-D3F7E5C2BC9B> /System/Library/PrivateFrameworks/PhotoLibraryServicesCore.framework/Versions/A/PhotoLibraryServicesCore
       0x27586f000 -        0x2758c9edf  com.apple.PhotosIntelligenceCore (1.0 - 831.0.104) <52D34D5E-896F-3EE7-9022-1F7AE859B9C5> /System/Library/PrivateFrameworks/PhotosIntelligenceCore.framework/Versions/A/PhotosIntelligenceCore
       0x275fa5000 -        0x275fc555f  com.apple.accessibility.PhotosensitivityProcessing (1.0 - 1) <ED0A0B95-C0C0-3C80-A789-AD2C33E53E38> /System/Library/PrivateFrameworks/PhotosensitivityProcessing.framework/Versions/A/PhotosensitivityProcessing
       0x276001000 -        0x2760ee43f  com.apple.PlatformSSO (1.0 - 483.80.8) <7F226918-B668-310D-BD89-4430DBEC8533> /System/Library/PrivateFrameworks/PlatformSSO.framework/Versions/A/PlatformSSO
       0x2760ef000 -        0x2761ff65f  com.apple.PlatformSSOCore (1.0 - 483.80.8) <E74C8543-16F0-35C2-B1BA-ADAE8980546B> /System/Library/PrivateFrameworks/PlatformSSOCore.framework/Versions/A/PlatformSSOCore
       0x276388000 -        0x2763b8e1f  com.apple.PoirotSQLite (1.0 - 1) <527B667D-4BD8-3892-9C8B-46CC76255479> /System/Library/PrivateFrameworks/PoirotSQLite.framework/Versions/A/PoirotSQLite
       0x2763b9000 -        0x276422d01  com.apple.PoirotSchematizer (1.0 - 1) <242B9C9B-A35D-3F88-B904-8A14946C4E6F> /System/Library/PrivateFrameworks/PoirotSchematizer.framework/Versions/A/PoirotSchematizer
       0x276423000 -        0x27644f120  com.apple.PoirotUDFs (1.0 - 1) <B4EF3FA0-5438-3B43-A150-B00620E06AC7> /System/Library/PrivateFrameworks/PoirotUDFs.framework/Versions/A/PoirotUDFs
       0x276450000 -        0x276561edf  com.apple.portrait.Portrait (1.0 - 18) <599F4613-488C-378E-89D6-9336609D4B1A> /System/Library/PrivateFrameworks/Portrait.framework/Versions/A/Portrait
       0x276601000 -        0x27666ab1f  com.apple.PosterFoundation (1.0 - 1) <E59E0703-09AD-315F-A221-95F2611A76CA> /System/Library/PrivateFrameworks/PosterFoundation.framework/Versions/A/PosterFoundation
       0x27666b000 -        0x27668fc9f  com.apple.PosterFuturesKit (1.0 - 1) <071CE89D-3CC9-30ED-B215-3A308E26E8C4> /System/Library/PrivateFrameworks/PosterFuturesKit.framework/Versions/A/PosterFuturesKit
       0x276690000 -        0x27669e0dc  com.apple.PosterModel (1.0 - 1) <B0CF5A6B-49E7-330A-9A4C-912653380D55> /System/Library/PrivateFrameworks/PosterModel.framework/Versions/A/PosterModel
       0x2770ba000 -        0x2771c8eff  com.apple.ProDisplayLibrary (10.4.27 - 10.4.27) <417772A7-6A95-3D28-A726-A809DB4E4F02> /System/Library/PrivateFrameworks/ProDisplayLibrary.framework/Versions/A/ProDisplayLibrary
       0x27722b000 -        0x2772580d1  com.apple.intelligenceflow.ProactiveDaemonSupport (1.0 - 3505.5.1) <86E06D3B-7095-3AA8-AF54-6B2A14730A46> /System/Library/PrivateFrameworks/ProactiveDaemonSupport.framework/Versions/A/ProactiveDaemonSupport
       0x27775a000 -        0x2778de08d  com.apple.GenerativeFunctions.PromptKit (1.0 - 209.34) <C8887C19-C53F-3F45-880F-63B73FD87911> /System/Library/PrivateFrameworks/PromptKit.framework/Versions/A/PromptKit
       0x277f8a000 -        0x277fa5b9f  com.apple.RecapPerformanceTesting (50 - 50.0) <D116F213-A009-3F16-B4CC-DB3D843B9611> /System/Library/PrivateFrameworks/RecapPerformanceTesting.framework/Versions/A/RecapPerformanceTesting
       0x278017000 -        0x27801f50f  com.apple.ReflectionInternal (1.0.0 - 112) <0994D500-6C5E-3043-BEF9-62112BC8E9FA> /System/Library/PrivateFrameworks/ReflectionInternal.framework/Versions/A/ReflectionInternal
       0x278020000 -        0x27803abdf  com.apple.RegulatoryDomainFramework (1.0 - 1) <4EDC9E25-FAE5-3FEF-AF23-509D5A7B0190> /System/Library/PrivateFrameworks/RegulatoryDomain.framework/Versions/A/RegulatoryDomain
       0x278318000 -        0x27839cabf  com.apple.RemoteManagementModel (1.0 - 2.0) <57820BFF-647D-3325-B54C-8418F2D3B8B5> /System/Library/PrivateFrameworks/RemoteManagementModel.framework/Versions/A/RemoteManagementModel
       0x27839d000 -        0x2783a82bf  com.apple.RemoteManagementProtocol (1.0 - 2.0) <82732ADD-2519-39B3-B5C3-08F42A26E8A9> /System/Library/PrivateFrameworks/RemoteManagementProtocol.framework/Versions/A/RemoteManagementProtocol
       0x2783a9000 -        0x2784020bf  com.apple.RemoteManagementStore (1.0 - 2.0) <BBB80C16-E2EF-3C0C-840E-61447B10C85F> /System/Library/PrivateFrameworks/RemoteManagementStore.framework/Versions/A/RemoteManagementStore
       0x278413000 -        0x27871229f  com.apple.RemoteUI (1.0 - 4) <CFE93BCA-8590-3B2B-A18C-F691FCC87E34> /System/Library/PrivateFrameworks/RemoteUI.framework/Versions/A/RemoteUI
       0x2787a8000 -        0x2789495bf  com.apple.private.ReplicatorEngine (1.0 - 1) <F90A8496-F7EF-369C-9275-B005527D6E07> /System/Library/PrivateFrameworks/ReplicatorEngine.framework/Versions/A/ReplicatorEngine
       0x27894a000 -        0x278a916ff  com.apple.private.ReplicatorServices (1.0 - 1) <35A5F304-176D-39A1-B084-A858A8211F80> /System/Library/PrivateFrameworks/ReplicatorServices.framework/Versions/A/ReplicatorServices
       0x278ea3000 -        0x278eb6c77  com.apple.RuntimeInternal (1.0.0 - 112) <499C3BA4-61D1-385D-ACCE-55CE192DA093> /System/Library/PrivateFrameworks/RuntimeInternal.framework/Versions/A/RuntimeInternal
       0x278f4e000 -        0x279053a9f  com.apple.seservice (1.0 - 1) <F95C22C1-BEDE-39AC-8FC6-ADE11C87851F> /System/Library/PrivateFrameworks/SEService.framework/Versions/A/SEService
       0x279054000 -        0x2790db6bf  com.apple.SFSymbolsFramework (1 - 190.1.0.2) <4D5C4570-E9E5-3595-8242-54BD63BF4B96> /System/Library/PrivateFrameworks/SFSymbols.framework/Versions/A/SFSymbols
       0x2791b6000 -        0x2791cf57f  com.apple.STSXPCHelperClient (1.0 - 1) <4A02CEC3-13B4-381D-837A-9CF49EBA413D> /System/Library/PrivateFrameworks/STSXPCHelperClient.framework/Versions/A/STSXPCHelperClient
       0x27a55e000 -        0x27a646c9f  com.apple.SensitiveContentAnalysisML (1) <F4326261-B1E6-3581-A10E-E1CB136916C3> /System/Library/PrivateFrameworks/SensitiveContentAnalysisML.framework/Versions/A/SensitiveContentAnalysisML
       0x27a797000 -        0x27a82b77f  com.apple.SentencePieceInternal (57) <312E635C-476C-3295-85DB-BF04F069E534> /System/Library/PrivateFrameworks/SentencePieceInternal.framework/Versions/A/SentencePieceInternal
       0x27aaa2000 -        0x27ab56cad  com.apple.Settings (224.3.1 - 224.3.1) <5E8E1715-B7E2-3ECE-AE21-BD049F0A7DE5> /System/Library/PrivateFrameworks/Settings.framework/Versions/A/Settings
       0x27b0b2000 -        0x27b1b171f  com.apple.siri.SiriAnalytics (1.0 - 1) <C93DB758-E5FF-3D64-9FE4-6646AB18DABF> /System/Library/PrivateFrameworks/SiriAnalytics.framework/Versions/A/SiriAnalytics
       0x27b9ee000 -        0x27ba4147f  com.apple.crossdevicearbitration (1.0 - 1) <0762F3C0-7649-3CDD-A2D0-01E9751CE2E3> /System/Library/PrivateFrameworks/SiriCrossDeviceArbitration.framework/Versions/A/SiriCrossDeviceArbitration
       0x27ba42000 -        0x27bab04df  com.apple.crossdevicearbitration.feedback (1.0 - 1) <E267839E-000C-3D67-A702-F949D8F4D3CB> /System/Library/PrivateFrameworks/SiriCrossDeviceArbitrationFeedback.framework/Versions/A/SiriCrossDeviceArbitrationFeedback
       0x27f399000 -        0x27f3a21ff  com.apple.siri.SiriPowerInstrumentation (1 - 1.0) <F03D5D73-634D-362C-8B87-0CE3B084191F> /System/Library/PrivateFrameworks/SiriPowerInstrumentation.framework/Versions/A/SiriPowerInstrumentation
       0x2805b3000 -        0x280f5839f  com.apple.siri.tts.SiriTTS (1 - 1) <A00F5835-DD13-32E8-BA39-801BA1EE1E2F> /System/Library/PrivateFrameworks/SiriTTS.framework/Versions/A/SiriTTS
       0x280f59000 -        0x28116015f  com.apple.siri.SiriTTSService (1.0 - 1) <A0527BC7-8E8B-3DE7-902F-7EA0EBBDBBEB> /System/Library/PrivateFrameworks/SiriTTSService.framework/Versions/A/SiriTTSService
       0x28276e000 -        0x282865091  com.apple.SonicFoundation (1.0 - 25400.26.3.401) <D7BBC6CC-C824-3FA0-B52F-4BF0F6C9679B> /System/Library/PrivateFrameworks/SonicFoundation.framework/Versions/A/SonicFoundation
       0x282d50000 -        0x282d5a91f  com.apple.SpotlightEmbedding (1.0 - 2400.22.400) <53C831C5-D14E-32CC-92DA-6B5B9F240CD9> /System/Library/PrivateFrameworks/SpotlightEmbedding.framework/Versions/A/SpotlightEmbedding
       0x282d69000 -        0x282d8db3f  com.apple.SpotlightKnowledge (1.0 - 2400.22.400) <6C260B91-9100-372E-841F-8DEED95115AD> /System/Library/PrivateFrameworks/SpotlightKnowledge.framework/Versions/A/SpotlightKnowledge
       0x282f1d000 -        0x282f5c8ff  com.apple.SpotlightResources (1.0 - 2400.22.400) <0852AB58-4049-38A1-978B-A9D83D78E63F> /System/Library/PrivateFrameworks/SpotlightResources.framework/Versions/A/SpotlightResources
       0x2830dc000 -        0x2831086df  com.apple.StatusKit (1.0 - 116.400.11) <E4A305FA-9073-3619-B141-089A0C3EF898> /System/Library/PrivateFrameworks/StatusKit.framework/Versions/A/StatusKit
       0x28333a000 -        0x283648d9f  com.apple.StocksCore (8.3 - 1901) <9093BD6D-2CAF-31D8-893D-AFFB3E7BB668> /System/Library/PrivateFrameworks/StocksCore.framework/Versions/A/StocksCore
       0x283649000 -        0x2836b6034  com.apple.StocksKit (1.0 - 1901) <E748873C-514F-3300-B5F1-AC8D58DA8111> /System/Library/PrivateFrameworks/StocksKit.framework/Versions/A/StocksKit
       0x2836b7000 -        0x2836c542a  com.apple.StorageContainersPrivate (1.0 - 1) <2F5A9385-2DBC-38C2-AADC-81703AE570EA> /System/Library/PrivateFrameworks/StorageContainersPrivate.framework/Versions/A/StorageContainersPrivate
       0x283929000 -        0x283955d87  com.apple.security.SwiftASN1Internal (1.0 - 1) <0E6E79DC-D0A7-32D1-BC70-6ADA8509EC6D> /System/Library/PrivateFrameworks/SwiftASN1Internal.framework/Versions/A/SwiftASN1Internal
       0x28411d000 -        0x28412a4df  com.apple.SymptomShared (2158.80.11) <401F5C31-29D0-35C6-AD13-D8211CFBBF2D> /System/Library/PrivateFrameworks/SymptomShared.framework/Versions/A/SymptomShared
       0x28412d000 -        0x28414093f  com.apple.SymptomAnalytics (1.0 - 2158.80.11) <D9C42E95-9822-36E7-ADB2-D72559202904> /System/Library/PrivateFrameworks/Symptoms.framework/Versions/A/Frameworks/SymptomAnalytics.framework/Versions/A/SymptomAnalytics
       0x2843db000 -        0x2843ffaff  com.apple.SymptomPresentationFeed (1.0 - 2158.80.11) <DA4A2713-F9DC-3EC4-9864-34F802863895> /System/Library/PrivateFrameworks/Symptoms.framework/Versions/A/Frameworks/SymptomPresentationFeed.framework/Versions/A/SymptomPresentationFeed
       0x284404000 -        0x28445fd9f  com.apple.Synapse (1.0 - 1) <80CA7D68-B107-3217-B9F5-4A7C4B33707D> /System/Library/PrivateFrameworks/Synapse.framework/Versions/A/Synapse
       0x2845db000 -        0x284635c7f  com.apple.SystemStatus (1.0 - 1) <96EAB96B-7D63-3D1D-949B-DBD1DFFDF42D> /System/Library/PrivateFrameworks/SystemStatus.framework/Versions/A/SystemStatus
       0x284653000 -        0x2846675ff  com.apple.SystemWake (1.0 - 732.1.1) <CDA49194-3B40-3734-BDD7-FD2766AD7C98> /System/Library/PrivateFrameworks/SystemWake.framework/Versions/A/SystemWake
       0x2848e5000 -        0x2848e6cff  com.apple.tailspin.TailspinSymbolication (1.0 - 241) <7BAA683E-3C40-3C7B-AC97-D1E4613AC600> /System/Library/PrivateFrameworks/TailspinSymbolication.framework/Versions/A/TailspinSymbolication
       0x2848e7000 -        0x28494a798  com.apple.TeaDB (3.0 - 1350) <C6170A08-C734-3CEF-ABCC-3D933325E38E> /System/Library/PrivateFrameworks/TeaDB.framework/Versions/A/TeaDB
       0x28494b000 -        0x284b2c5bf  com.apple.TeaFoundation (3.0 - 1350) <EE28BFBC-0E24-391F-903C-B91FF00EBFB6> /System/Library/PrivateFrameworks/TeaFoundation.framework/Versions/A/TeaFoundation
       0x284b2d000 -        0x284b4a03b  com.apple.TeaSettings (3.0 - 1350) <2D51C677-070B-3299-A4AC-F7F2597C158E> /System/Library/PrivateFrameworks/TeaSettings.framework/Versions/A/TeaSettings
       0x284d5f000 -        0x284e81a5f  com.apple.TextAnimationSupport (7.2.1 - 7.2.1) <7A3F5D08-38DC-3439-8F23-6ECA099CD3C9> /System/Library/PrivateFrameworks/TextAnimationSupport.framework/Versions/A/TextAnimationSupport
       0x284e82000 -        0x28501871f  com.apple.TextComposer (1.0 - 1) <5CC224E6-156F-3D53-91CE-827CFA4065C9> /System/Library/PrivateFrameworks/TextComposer.framework/Versions/A/TextComposer
       0x2850f6000 -        0x28512a01f  com.apple.TextInputUI (1.0 - 1) <EB9A59C0-BE60-3ACF-B4C9-B5ABC65A3B5D> /System/Library/PrivateFrameworks/TextInputUI.framework/Versions/A/TextInputUI
       0x28512b000 -        0x28513ce5f  com.apple.TextInputUIMac (1.0 - 1) <BC41EEEA-5F1B-31A3-9573-93D5E207BA3A> /System/Library/PrivateFrameworks/TextInputUIMacHelper.framework/Versions/A/TextInputUIMacHelper
       0x286f04000 -        0x286f393bf  com.apple.tightbeam (1.0 - 483.60.5) <D93A2812-0799-3113-99DD-E4737442FBFF> /System/Library/PrivateFrameworks/Tightbeam.framework/Versions/A/Tightbeam
       0x28706c000 -        0x287155e3b  com.apple.TipKitCore (26.3 - 120.1.4) <3665F671-0803-3536-AF5F-CC9594FBBD34> /System/Library/PrivateFrameworks/TipKitCore.framework/Versions/A/TipKitCore
       0x2873d5000 -        0x287622589  com.apple.TokenGeneration (1.0 - 1) <18BA6060-4DD5-36F9-9980-99A553F3D55B> /System/Library/PrivateFrameworks/TokenGeneration.framework/Versions/A/TokenGeneration
       0x287623000 -        0x2877a005f  com.apple.TokenGenerationCore (1.0 - 1) <0FDEA14D-9C13-3714-B33C-0E7533DB3A1B> /System/Library/PrivateFrameworks/TokenGenerationCore.framework/Versions/A/TokenGenerationCore
       0x287998000 -        0x287e44d1f  com.apple.ToolKit (4407) <BAA8CA9C-2F54-35D7-AF00-379F368E8447> /System/Library/PrivateFrameworks/ToolKit.framework/Versions/A/ToolKit
       0x288181000 -        0x2881895ff  com.apple.TranslationUIServices (1.0 - 355.5.2) <2C43791E-0BE0-3118-A290-2E26893548B0> /System/Library/PrivateFrameworks/TranslationUIServices.framework/Versions/A/TranslationUIServices
       0x288e6e000 -        0x288fa317f  com.apple.UIIntelligenceSupport (1.0 - 1) <112B7BBA-D738-3722-A2A3-818B240B6221> /System/Library/PrivateFrameworks/UIIntelligenceSupport.framework/Versions/A/UIIntelligenceSupport
       0x28912f000 -        0x28912f539  com.apple.USDLib_FormatLoaderProxy (1.0 - 23.3.2) <F203982B-5F1B-3541-9389-FDE2BF48674E> /System/Library/PrivateFrameworks/USDLib_FormatLoaderProxy.framework/Versions/A/USDLib_FormatLoaderProxy
       0x28942e000 -        0x2894ee71f  com.apple.UnifiedAssetFramework (1.0 - 1) <D0C7DD00-66A1-354F-87E1-E6AD22C645E9> /System/Library/PrivateFrameworks/UnifiedAssetFramework.framework/Versions/A/UnifiedAssetFramework
       0x289a7d000 -        0x289a7f1ff  com.apple.UpdateCycle (1 - 1) <E16C91CA-9634-3CF1-914B-51E63C4567E2> /System/Library/PrivateFrameworks/UpdateCycle.framework/Versions/A/UpdateCycle
       0x289d69000 -        0x289d6cedf  com.apple.UserSafety (1.0 - 1) <0ABB97FA-F25D-3897-9C26-E607987C129B> /System/Library/PrivateFrameworks/UserSafety.framework/Versions/A/UserSafety
       0x289d73000 -        0x289e722ef  com.apple.VDAF (1.0 - 34.2) <42E8F110-CE33-3E8B-95CB-CE453DBB1B1A> /System/Library/PrivateFrameworks/VDAF.framework/Versions/A/VDAF
       0x289e73000 -        0x28aebe53f  com.apple.vfx (16.0 - 203.40.2) <3E74B691-B5E0-32AB-A5C1-F534275083F7> /System/Library/PrivateFrameworks/VFX.framework/Versions/A/VFX
       0x28b11f000 -        0x28b120257  com.apple.VideoToolboxParavirtualizationSupport (63.4.3 - 63.4.3) <9F8B337B-B84D-3B6D-A5E7-57B632725768> /System/Library/PrivateFrameworks/VideoToolboxParavirtualizationSupport.framework/Versions/A/VideoToolboxParavirtualizationSupport
       0x28be36000 -        0x28be81e3f  com.apple.VisionCore (9.3.1 - 9.3.1) <0B370E05-4940-3E5F-A642-8C1798329DC7> /System/Library/PrivateFrameworks/VisionCore.framework/Versions/A/VisionCore
       0x28be82000 -        0x28bf75fbf  com.apple.VisionKitCore (1.0 - 3) <5F8B5E48-F7AC-3FAA-8780-BF071729B7EC> /System/Library/PrivateFrameworks/VisionKitCore.framework/Versions/A/VisionKitCore
       0x28d04d000 -        0x28d0f543f  com.apple.wallpaper.framework (1.0 - 245.3.1.100) <5767478B-68FC-3AB0-8DDA-79B6D9FEAF36> /System/Library/PrivateFrameworks/Wallpaper.framework/Versions/A/Wallpaper
       0x28d1dc000 -        0x28d23847f  com.apple.wallpaper.foundation.framework (1.0 - 245.3.1.100) <3C523360-DEF0-366B-8440-9ABB467E1E30> /System/Library/PrivateFrameworks/WallpaperFoundation.framework/Versions/A/WallpaperFoundation
       0x28d23a000 -        0x28d2b5a84  com.apple.wallpaper.types.framework (1.0 - 245.3.1.100) <297866CB-7674-3437-A289-105709057C0B> /System/Library/PrivateFrameworks/WallpaperTypes.framework/Versions/A/WallpaperTypes
       0x28dcc5000 -        0x28df739bf  com.apple.WebGPU (21623 - 21623.2.7.11.6) <76F373BA-4076-3826-8FDA-CA86139B7EC1> /System/Library/PrivateFrameworks/WebGPU.framework/Versions/A/WebGPU
       0x28e26f000 -        0x28e28eedf  com.apple.WindowManagement (1.0 - 341.2.2) <3831F443-0CD1-375E-9265-D791731F72D8> /System/Library/PrivateFrameworks/WindowManagement.framework/Versions/A/WindowManagement
       0x28f41e000 -        0x28f422a3f  com.apple.WritingTools (1.0 - 1) <F899C27C-3208-3361-8C06-967459DD1BB2> /System/Library/PrivateFrameworks/WritingTools.framework/Versions/A/WritingTools
       0x28f423000 -        0x28f4618df  com.apple.WritingToolsUI (1.0 - 1) <E699287C-52D4-3163-A37D-6068B8CF263A> /System/Library/PrivateFrameworks/WritingToolsUI.framework/Versions/A/WritingToolsUI
       0x28f93b000 -        0x28f98d0d7  com.apple.internal.XPCDistributed (1.0 - 1) <348EEF09-07C9-355A-AD33-A7F1036B2B4B> /System/Library/PrivateFrameworks/XPCDistributed.framework/Versions/A/XPCDistributed
       0x28f9f7000 -        0x28f9fdc7f  com.apple.-AppIntentsServices.-AppIntents (1.0 - 40.1.6) <0DA20A9C-E374-3FE4-A4DE-CD57CBCB5AAE> /System/Library/PrivateFrameworks/_AppIntentsServices_AppIntents.framework/Versions/A/_AppIntentsServices_AppIntents
       0x28fa31000 -        0x28fa4004a  com.apple.-IconServices-SwiftUI (1.0 - 742.402) <BF017212-67A8-3D79-A335-EBE9662FC646> /System/Library/PrivateFrameworks/_IconServices_SwiftUI.framework/Versions/A/_IconServices_SwiftUI
       0x28fa41000 -        0x28fbd3a5b  com.apple.-JetEngine-SwiftUI (1.0 - 1) <868591AC-9CD2-36F8-B577-AB605CBBC461> /System/Library/PrivateFrameworks/_JetEngine_SwiftUI.framework/Versions/A/_JetEngine_SwiftUI
       0x290689000 -        0x29072df7f  com.apple.iCloudQuota (1.0 - 1) <80BB3038-F27E-3AB5-8632-AF6F9A835F4B> /System/Library/PrivateFrameworks/iCloudQuota.framework/Versions/A/iCloudQuota
       0x290731000 -        0x29080f6ff  com.apple.iCloudQuotaUI (1.0 - 1) <C00614D6-A19F-32AE-B258-1387D9CCC74A> /System/Library/PrivateFrameworks/iCloudQuotaUI.framework/Versions/A/iCloudQuotaUI
       0x292aeb000 -        0x292b2dbdf  com.apple.icloudMCCKit (1.0 - 1) <B58D1A24-DF38-3D14-BBB5-BCAAC1889ACB> /System/Library/PrivateFrameworks/icloudMCCKit.framework/Versions/A/icloudMCCKit
       0x294f71000 -        0x294f7491f  com.apple.UIUtilities (9126.3.6) <C1E8013A-2C71-3B78-8D3D-C5B014E7D699> /System/Library/SubFrameworks/UIUtilities.framework/Versions/A/UIUtilities
       0x295053000 -        0x295055d7f  libAXSafeCategoryBundle.dylib (3191.7.24) <A6B95B05-6FE0-38ED-962E-28D772B15EFB> /usr/lib/libAXSafeCategoryBundle.dylib
       0x295057000 -        0x29505b11f  libAccessibilityBaseImplementations.dylib (545.3.11) <90D34BB8-CEFD-33F3-AABE-558BCCC9BA72> /usr/lib/libAccessibilityBaseImplementations.dylib
       0x295139000 -        0x2951d306f  libAppleArchive.dylib (443.0.1) <81F87B12-8CB8-3D60-BBAC-F4EE8EE0C442> /usr/lib/libAppleArchive.dylib
       0x2951d4000 -        0x2951f0d1f  libAppleSSE.dylib (317.80.1) <AD398487-8274-3686-BAAF-2B88EDBA5552> /usr/lib/libAppleSSE.dylib
       0x295284000 -        0x295285a3f  libBASupport.dylib (227.60.2) <F12C97AC-CD1D-3405-8AD3-2F3F8DC238EC> /usr/lib/libBASupport.dylib
       0x295298000 -        0x2952a20df  libCoreEntitlements.dylib (80.0.1) <AC5E67FC-A07B-3C78-8D0C-BC9F01CA59A0> /usr/lib/libCoreEntitlements.dylib
       0x2952ce000 -        0x295410c37  libDisplayWarpSupport.dylib (191.0.6) <E1DEAC09-E19A-3DE0-88ED-BD7E446A2171> /usr/lib/libDisplayWarpSupport.dylib
       0x295411000 -        0x29541b3bb  libEndpointSecuritySystem.dylib (589.80.12) <46BDD154-6E68-3B9F-BCC6-D7EC6688EF8A> /usr/lib/libEndpointSecuritySystem.dylib
       0x295495000 -        0x295496d3f  libInterpreterSecurity.dylib (726.80.2) <EF05D181-15B6-39C0-8B4C-0418592F4C44> /usr/lib/libInterpreterSecurity.dylib
       0x2955ad000 -        0x2955b489f  libReverseProxyDevice.dylib (104.40.3) <9576FA01-EE84-3093-9219-0EF06BAD9CD7> /usr/lib/libReverseProxyDevice.dylib
       0x2955b5000 -        0x2955bc319  libRosetta.dylib (367.3) <5315C55D-09E5-394B-A9E5-672B23847BF7> /usr/lib/libRosetta.dylib
       0x2955d4000 -        0x2955e7edf  libSESShared.dylib (63.2.1) <72BDC39A-8C11-3F24-AA85-0A715C56EF55> /usr/lib/libSESShared.dylib
       0x295637000 -        0x29563735f  libSpatial.dylib (108) <3186093A-F484-3C98-89BA-5FD327C2B7EA> /usr/lib/libSpatial.dylib
       0x29563a000 -        0x29564345f  libTLE.dylib (80.0.1) <24503359-C4C3-31C4-B875-7FF5B265D45F> /usr/lib/libTLE.dylib
       0x295708000 -        0x29570cbfc  libchannel.dylib (56.0.7) <97AFF2C2-6459-386E-B8AD-91FC5321D1AB> /usr/lib/libchannel.dylib
       0x295873000 -        0x2959836e7  libcrypto.46.dylib (109) <A4637E01-4F1D-3824-8613-723932D8E03A> /usr/lib/libcrypto.46.dylib
       0x295abd000 -        0x295ad8497  libhvf.dylib (9) <E8315708-FF0A-3347-AB10-01C3C06DC996> /usr/lib/libhvf.dylib
       0x295fa5000 -        0x295fad32a  libmrc.dylib (2881.80.4.0.1) <2CE185A1-0B21-357A-9D58-F89B8DCE65D3> /usr/lib/libmrc.dylib
       0x296402000 -        0x296403007  librealtime_safety.dylib (56.0.7) <D38342DE-4DD6-3965-914D-174DB0448519> /usr/lib/librealtime_safety.dylib
       0x296490000 -        0x2964c829f  libssl.48.dylib (109) <409FAB00-796E-34FB-8DFF-63A9B04233C2> /usr/lib/libssl.48.dylib
       0x296503000 -        0x29652e2ff  libswiftPrespecialized.dylib (0) <49BAA682-EFD0-3E13-8F37-28F45C289A85> /usr/lib/libswiftPrespecialized.dylib
       0x2967a5000 -        0x2967c4487  libswiftAppleArchive.dylib (443.0.1) <45B79418-18C4-3484-9839-08F0375EC361> /usr/lib/swift/libswiftAppleArchive.dylib
       0x2967c5000 -        0x2967c82d0  libswiftCoreMediaIO.dylib (5617.80.3) <61CD07A0-4621-3FEE-9692-579C6892F052> /usr/lib/swift/libswiftCoreMediaIO.dylib
       0x2967ca000 -        0x2967dc4ef  libswiftDistributed.dylib (6.2.4 - 6.2.4.1.4) <ACE25B4F-EEC1-3EFD-88A4-71517F84A69E> /usr/lib/swift/libswiftDistributed.dylib
       0x2967e0000 -        0x2967e0e93  libswiftGLKit.dylib (1.1) <5D6ED192-C11C-3BF8-B69B-F518FEB144B2> /usr/lib/swift/libswiftGLKit.dylib
       0x2967e4000 -        0x2967ea33c  libswiftMLCompute.dylib (84) <04BD3841-4AAE-3564-8869-3D6AB168173D> /usr/lib/swift/libswiftMLCompute.dylib
       0x2967eb000 -        0x2967ec245  libswiftMetalKit.dylib (1.2) <C7CC9465-D911-306A-A34E-513457507824> /usr/lib/swift/libswiftMetalKit.dylib
       0x2967ef000 -        0x2967f1997  libswiftModelIO.dylib (1) <CCEACA55-7E15-3CA7-B04C-A4F56CBD67CF> /usr/lib/swift/libswiftModelIO.dylib
       0x2967f3000 -        0x296804097  libswiftObservation.dylib (6.2.4 - 6.2.4.1.4) <30F5EFC9-E6F7-3D53-A949-605470054516> /usr/lib/swift/libswiftObservation.dylib
       0x296806000 -        0x29680e6a2  libswiftPassKit.dylib (1642.4.3) <7ECFE62F-EAC8-30E2-A0F0-6FC933C428C2> /usr/lib/swift/libswiftPassKit.dylib
       0x296814000 -        0x296820b67  libswiftRegexBuilder.dylib (6.2.4 - 6.2.4.1.4) <D147F831-ABC0-3D54-8AFF-8DB228825F46> /usr/lib/swift/libswiftRegexBuilder.dylib
       0x2968b2000 -        0x2968b4fee  libswiftSceneKit.dylib (1.2) <A60DC9FD-1B0F-31E7-8DE9-8CAC9ECFE901> /usr/lib/swift/libswiftSceneKit.dylib
       0x2968b5000 -        0x29692e95f  libswiftSpatial.dylib (108) <B8436F65-1D41-3BEC-B537-69EA42A19BF9> /usr/lib/swift/libswiftSpatial.dylib
       0x296932000 -        0x29693982f  libswiftSynchronization.dylib (6.2.4 - 6.2.4.1.4) <1E2F04E5-E0E9-338B-8C33-E53971D4D765> /usr/lib/swift/libswiftSynchronization.dylib
       0x29693a000 -        0x296952f67  libswiftSystem.dylib (72.2) <E6B54113-12C7-3250-A299-C29A601F7C67> /usr/lib/swift/libswiftSystem.dylib
       0x296954000 -        0x29696aa21  libswiftVideoToolbox.dylib (3300.7.1.5.1) <A410B093-AEAB-3A80-8C27-AA420B01628A> /usr/lib/swift/libswiftVideoToolbox.dylib
       0x29696c000 -        0x29696e517  libswift_Builtin_float.dylib (6.2.4 - 6.2.4.1.4) <8214E587-7A1F-30BB-B8B2-FF82D3B23DF1> /usr/lib/swift/libswift_Builtin_float.dylib
       0x29696f000 -        0x2969f871f  libswift_Concurrency.dylib (6.2.4 - 6.2.4.1.4) <4F8A7B9A-7CA0-3658-9472-0B6573385918> /usr/lib/swift/libswift_Concurrency.dylib
       0x2969f9000 -        0x2969fc623  libswift_DarwinFoundation1.dylib (347.40.2) <75F15389-99C8-3500-BCAD-7C1115346F89> /usr/lib/swift/libswift_DarwinFoundation1.dylib
       0x2969fd000 -        0x2969fde1b  libswift_DarwinFoundation2.dylib (347.40.2) <DB1180C0-FBA6-34DF-92F7-D47882293C4F> /usr/lib/swift/libswift_DarwinFoundation2.dylib
       0x2969fe000 -        0x2969fe7a7  libswift_DarwinFoundation3.dylib (347.40.2) <572CF0F8-D9D3-30B5-914B-66459028E86D> /usr/lib/swift/libswift_DarwinFoundation3.dylib
       0x296a3a000 -        0x296ad9e07  libswift_RegexParser.dylib (6.2.4 - 6.2.4.1.4) <0CCC7357-50F3-3A72-AC36-74BC2020C37E> /usr/lib/swift/libswift_RegexParser.dylib
       0x296ada000 -        0x296b66ef7  libswift_StringProcessing.dylib (6.2.4 - 6.2.4.1.4) <FAB58C8C-5667-3CD2-B133-6218C41859A1> /usr/lib/swift/libswift_StringProcessing.dylib
       0x296b6a000 -        0x296b6a3cb  libswift_errno.dylib (347.40.2) <C7F4FF1E-DA63-3356-8003-909C6307EF72> /usr/lib/swift/libswift_errno.dylib
       0x296b6f000 -        0x296b6f3d3  libswiftsys_time.dylib (347.40.2) <19C766F5-3956-3D21-994B-7D285D394557> /usr/lib/swift/libswiftsys_time.dylib
       0x296cc2000 -        0x296cc5deb  libsystem_darwindirectory.dylib (122) <9AD833C7-D009-39FF-8D04-D57C937D9EAC> /usr/lib/system/libsystem_darwindirectory.dylib
       0x296cc6000 -        0x296ccf34b  libsystem_eligibility.dylib (289.80.56) <0E973CB5-A124-3716-9841-1EA67809AF06> /usr/lib/system/libsystem_eligibility.dylib
       0x296cd0000 -        0x296cd7873  libsystem_sanitizers.dylib (25) <90C45178-3954-3108-9F2F-44E528DF5E44> /usr/lib/system/libsystem_sanitizers.dylib
       0x296cd8000 -        0x296cd8bb7  libsystem_trial.dylib (474.2.0.5.2) <E776BAEB-B36B-3EA2-BEFE-3E2F7999E235> /usr/lib/system/libsystem_trial.dylib
       0x296d0c000 -        0x296d0c843  libAppleTconUARPUpdater.dylib (1338.80.37) <A3F12058-E0DF-39B8-8C7F-C210D1540369> /usr/lib/updaters/libAppleTconUARPUpdater.dylib
       0x296e2f000 -        0x296e47c27  libT200Updater.dylib (1.0.0.7.66) <B12B1558-23B9-363C-B2FD-788D8EAB9273> /usr/lib/updaters/libT200Updater.dylib
       0x296e48000 -        0x298be525f  libusd_ms.dylib (23.3.2) <67F37E0B-A1C9-3FA4-B72E-A0907F68186C> /usr/lib/usd/libusd_ms.dylib
